Collision Id,	Report Number,	Report Version,	Is Preliminary,	NCIC Code,Crash Date Time,	Crash Time Description,	Beat,City Id,	City Code,	City Name,County Code,	City Is Active,	City Is Incorporated,	Collision Type Code,Collision Type Description,	Collision Type Other Desc,	Day Of Week,	DispatchNotified,	HasPhotographs,	HitRun,	IsAttachmentsMailed,	IsDeleted,	IsHighwayRelated,	IsTowAway,	JudicialDistrict,	MotorVehicleInvolvedWithCode,	MotorVehicleInvolvedWithDesc,MotorVehicleInvolvedWithOtherDesc,	NumberInjured,	NumberKilled,Weather 1, Weather 2, Road Condition 1, Road Condition 2, Special Condition,LightingCode, LightingDescription,Latitude,Longitude,MilepostDirection,MilepostDistance,MilepostMarker,MilepostUnitOfMeasure,	PedestrianActionCode,PedestrianActionDesc,PreparedDate,	Primary Collision Factor Code,Primary Collision Factor Violation,PrimaryCollisionFactorIsCited,	PrimaryCollisionPartyNumber,	PrimaryRoad,	ReportingDistrict,	ReportingDistrictCode,ReviewedDate,	RoadwaySurfaceCode,SecondaryDirection,	SecondaryDistance,	SecondaryRoad,	SecondaryUnitOfMeasure,	SketchDesc,	TrafficControlDeviceCode,CreatedDate,	ModifiedDate,IsCountyRoad,IsFreeway,CHP555Version,	IsAdditonalObjectStruck,NotificationDate,	NotificationTimeDescription,	HasDigitalMediaFiles,	EvidenceNumber,	IsLocationReferToNarrative,	IsAOIOneSameAsLocation
653474,9340-2018-00522,1,False,9340,1/30/2018 9:30:00 AM,930,110,1368,4313,San Jose,43,True,True,C,REAR END,,Tuesday,Yes,False,F,,False,True,True,Santa Clara Superior,C,OTHER MOTOR VEHICLE,,1,0,CLEAR,, NO UNUSUAL CONDITIONS,, ,A,DAYLIGHT,37.327167,-121.839798,,,,,A,NO PEDESTRIANS INVOLVED,1/30/2018 12:00:00 AM,A,21658(a),False,1.0,US-101 N/B,,,2/1/2018 4:28:28 PM,A,N,3969.0,Tully Rd,F,,D,2/1/2018 4:29:18 PM,2/1/2018 4:29:18 PM,,True,2,,,,,,,
653375,9340-2018-00537,1,False,9340,1/30/2018 6:15:00 PM,1815,110,1368,4313,San Jose,43,True,True,C,REAR END,,Tuesday,NotApplicable,False,,,False,True,True,Santa Clara Superior,C,OTHER MOTOR VEHICLE,,0,0,CLEAR,, NO UNUSUAL CONDITIONS,, ,D,DARK-NO STREET LIGHTS,37.258522,-121.799238,,,,,A,NO PEDESTRIANS INVOLVED,1/30/2018 12:00:00 AM,A,22350,False,1.0,US-101 S/B,,,2/1/2018 2:47:53 PM,A,S,450.0,Blossom Hill Rd,F,,D,2/1/2018 2:48:24 PM,2/1/2018 2:48:24 PM,,True,2,,,,,,,
653368,9340-2018-00503,1,False,9340,1/29/2018 8:30:00 AM,830,110,1368,4313,San Jose,43,True,True,C,REAR END,,Monday,NotApplicable,False,,,False,True,True,Santa Clara Superior,C,OTHER MOTOR VEHICLE,,0,0,CLEAR,, NO UNUSUAL CONDITIONS,, ,A,DAYLIGHT,37.29162,-121.809728,,,,,A,NO PEDESTRIANS INVOLVED,1/29/2018 12:00:00 AM,A,22350,False,1.0,US101 N/B,,,2/1/2018 2:41:24 PM,A,S,1100.0,Yerba Buena Ave,F,,D,2/1/2018 2:41:53 PM,2/1/2018 2:41:53 PM,,True,2,,,,,,,
653342,9340-2018-00531,1,False,9340,1/30/2018 4:55:00 PM,1655,281,1368,4313,San Jose,43,True,True,E,HIT OBJECT,,Tuesday,Yes,False,,,False,True,True,Santa Clara Superior,I,FIXED OBJECT,CONCRETE DIVIDER,1,0,CLEAR,, NO UNUSUAL CONDITIONS,, ,A,DAYLIGHT,37.31759,-121.93567,,,,,A,NO PEDESTRIANS INVOLVED,1/30/2018 12:00:00 AM,A,22107,False,1.0,I-280 N/B,,,2/1/2018 2:22:02 PM,A,N,1060.0,Bascom Ave,F,,D,2/1/2018 2:22:44 PM,2/1/2018 2:22:44 PM,,True,2,,,,,,,
653324,9340-2018-00535,1,False,9340,1/30/2018 5:10:00 PM,1710,281,1368,4313,San Jose,43,True,True,B,SIDE SWIPE,,Tuesday,NotApplicable,False,,,False,True,False,Santa Clara Superior,C,OTHER MOTOR VEHICLE,,0,0,CLEAR,, NO UNUSUAL CONDITIONS,, ,D,DARK-NO STREET LIGHTS,37.317529,-121.938329,,,,,A,NO PEDESTRIANS INVOLVED,1/30/2018 12:00:00 AM,A,21658(a),False,1.0,US101 N/B,,,2/1/2018 2:09:16 PM,A,S,400.0,macarthur ave.,F,SEE PAGE 3 FOR SKETCH DIAGRAM,D,2/1/2018 2:09:50 PM,2/1/2018 2:09:50 PM,,True,2,,,,,,,
653320,9340-2018-00458,1,False,9340,1/26/2018 8:35:00 AM,835,087,1368,4313,San Jose,43,True,True,C,REAR END,,Friday,NotApplicable,False,,,False,True,False,Santa Clara Superior,C,OTHER MOTOR VEHICLE,,0,0,CLEAR,, NO UNUSUAL CONDITIONS,, ,A,DAYLIGHT,37.29402,-121.87254,,,,,A,NO PEDESTRIANS INVOLVED,1/26/2018 12:00:00 AM,A,22350,False,1.0,SR-87 N/B,,,2/1/2018 2:05:59 PM,A,S,200.0,Curtner Ave,F,,D,2/1/2018 2:06:29 PM,2/1/2018 2:06:29 PM,,True,2,,,,,,,
653315,9340-2018-00527,1,False,9340,1/30/2018 6:50:00 PM,1850,120,1368,4313,San Jose,43,True,True,C,REAR END,,Tuesday,NotApplicable,False,,,False,True,False,Santa Clara Superior,C,OTHER MOTOR VEHICLE,,0,0,CLEAR,, NO UNUSUAL CONDITIONS,, ,C,DARK-STREET LIGHTS,37.378205,-121.948516,,,,,A,NO PEDESTRIANS INVOLVED,1/30/2018 12:00:00 AM,A,22350,False,1.0,US-101 N/B,,,2/1/2018 2:02:19 PM,A,N,1000.0,De la Cruz Blvd,F,,D,2/1/2018 2:02:52 PM,2/1/2018 2:02:52 PM,,True,2,,,,,,,
653275,9340-2018-00460,2,False,9340,1/26/2018 8:00:00 AM,800,087,1368,4313,San Jose,43,True,True,C,REAR END,,Friday,NotApplicable,False,,,False,True,True,Santa Clara Superior,C,OTHER MOTOR VEHICLE,,1,0,CLEAR,, NO UNUSUAL CONDITIONS,, ,A,DAYLIGHT,37.29381,-121.87248,,,,,A,NO PEDESTRIANS INVOLVED,1/26/2018 12:00:00 AM,A,22350,False,1.0,SR-87 N/B,,,2/1/2018 1:49:04 PM,A,S,280.0,Curtner Ave,F,,D,2/1/2018 1:39:03 PM,2/1/2018 1:49:38 PM,,True,2,,,,,,,
653257,9340-2018-00507,1,False,9340,1/29/2018 5:15:00 PM,1715,281,1368,4313,San Jose,43,True,True,B,SIDE SWIPE,,Monday,NotApplicable,False,,,False,True,True,Santa Clara Superior,C,OTHER MOTOR VEHICLE,,0,0,CLEAR,, NO UNUSUAL CONDITIONS,, ,A,DAYLIGHT,37.89898,-121.098098,,,,,A,NO PEDESTRIANS INVOLVED,1/29/2018 12:00:00 AM,A,21658(a),False,1.0,I-280 N/B,,,2/1/2018 1:29:24 PM,A,N,300.0,10th St,F,,D,2/1/2018 1:29:58 PM,2/1/2018 1:29:58 PM,,True,2,,,,,,,
653238,9340-2018-00479,1,False,9340,1/25/2018 5:50:00 PM,1750,089,1368,4313,San Jose,43,True,True,C,REAR END,,Thursday,NotApplicable,False,,,False,True,True,Santa Clara Superior,C,OTHER MOTOR VEHICLE,,0,0,CLOUDY,, NO UNUSUAL CONDITIONS,, ,A,DAYLIGHT,37.409885,-121.911212,,,,,A,NO PEDESTRIANS INVOLVED,1/26/2018 12:00:00 AM,A,22350,False,1.0,I-880 S/B,,,2/1/2018 1:19:20 PM,B,S,1000.0,Great Mall Pky,F,,D,2/1/2018 1:19:56 PM,2/1/2018 1:19:56 PM,,True,2,,,,,,,
653234,9340-2018-00486,1,False,9340,1/28/2018 12:30:00 AM,30,083,1368,4313,San Jose,43,True,True,F,OVERTURNED,,Sunday,Yes,False,,,False,True,True,Santa Clara Superior,I,FIXED OBJECT,GUARDRAIL,1,0,CLEAR,, NO UNUSUAL CONDITIONS,, ,C,DARK-STREET LIGHTS,37.15244,-121.535981,,,,,A,NO PEDESTRIANS INVOLVED,1/28/2018 12:00:00 AM,A,23152(a),True,1.0,SR-85 N/B,,,2/1/2018 1:15:16 PM,A,S,3000.0,Camden Ave,F,,D,2/1/2018 1:16:01 PM,2/1/2018 1:16:01 PM,,True,2,,,,,,,
653038,9340-2018-00427,1,False,9340,1/24/2018 2:00:00 PM,1400,120,1368,4313,San Jose,43,True,True,C,REAR END,,Wednesday,NotApplicable,False,,,False,True,True,Santa Clara Superior,C,OTHER MOTOR VEHICLE,,0,0,CLOUDY,, NO UNUSUAL CONDITIONS,, ,A,DAYLIGHT,37.364305,-121.90288,,,,,A,NO PEDESTRIANS INVOLVED,1/24/2018 12:00:00 AM,A,22350,False,1.0,US101 S/B,,,2/1/2018 10:44:48 AM,A,N,500.0,I-880,F,,D,2/1/2018 10:45:18 AM,2/1/2018 10:45:18 AM,,True,2,,,,,,,
652973,9340-2018-00502,1,False,9340,1/29/2018 5:45:00 AM,545,110,1368,4313,San Jose,43,True,True,E,HIT OBJECT,,Monday,NotApplicable,False,,,False,True,True,Santa Clara Superior,I,FIXED OBJECT,LIGHT POLE,0,0,CLEAR,, NO UNUSUAL CONDITIONS,, ,C,DARK-STREET LIGHTS,37.314719,-121.827608,,,,,A,NO PEDESTRIANS INVOLVED,1/29/2018 12:00:00 AM,A,22350,False,1.0,US101 N/B,,,2/1/2018 9:47:36 AM,A,S,2260.0,Tully Rd,F,,D,2/1/2018 9:48:07 AM,2/1/2018 9:48:07 AM,,True,2,,,,,,,
652950,9340-2018-00501,1,False,9340,1/29/2018 5:40:00 AM,540,110,1368,4313,San Jose,43,True,True,E,HIT OBJECT,,Monday,NotApplicable,False,,,False,True,True,Santa Clara Superior,I,FIXED OBJECT,LIGHT POLE,0,0,CLEAR,, NO UNUSUAL CONDITIONS,, ,C,DARK-STREET LIGHTS,37.313616,-121.826406,,,,,A,NO PEDESTRIANS INVOLVED,1/29/2018 12:00:00 AM,A,22107,False,1.0,US101 N/B,,,2/1/2018 9:34:40 AM,A,S,2265.0,Tully Rd,F,,D,2/1/2018 9:35:09 AM,2/1/2018 9:35:09 AM,,True,2,,,,,,,
652944,9340-2018-00538,1,False,9340,1/29/2018 3:36:00 PM,1536,110,1368,4313,San Jose,43,True,True,B,SIDE SWIPE,,Monday,NotApplicable,False,,,False,True,False,Santa Clara Superior,C,OTHER MOTOR VEHICLE,,0,0,CLOUDY,, NO UNUSUAL CONDITIONS,, ,A,DAYLIGHT,37.363192,-121.893822,,,,,A,NO PEDESTRIANS INVOLVED,1/29/2018 12:00:00 AM,A,21658(a),False,1.0,US-101 S/B,,,2/1/2018 9:32:26 AM,A,N,600.0,Oakland Rd,F,,D,2/1/2018 9:32:55 AM,2/1/2018 9:32:55 AM,,True,2,,,,,,,
652930,9340-2018-00505,1,False,9340,1/29/2018 2:10:00 PM,1410,281,1368,4313,San Jose,43,True,True,E,HIT OBJECT,,Monday,NotApplicable,False,,,False,True,True,Santa Clara Superior,I,FIXED OBJECT,CENTER DIVIDE,0,0,CLEAR,, NO UNUSUAL CONDITIONS,, ,A,DAYLIGHT,37.98098,-121.098098,,,,,A,NO PEDESTRIANS INVOLVED,1/29/2018 12:00:00 AM,C,,,,I-280 N/B,,,2/1/2018 9:23:37 AM,A,N,300.0,Bascom Ave,F,,D,2/1/2018 9:24:07 AM,2/1/2018 9:24:07 AM,,True,2,,,,,,,
652915,9340-2018-00464,1,False,9340,1/26/2018 9:50:00 AM,950,120,1368,4313,San Jose,43,True,True,B,SIDE SWIPE,,Friday,No,False,M,,False,True,True,Santa Clara Superior,C,OTHER MOTOR VEHICLE,,0,0,CLEAR,, NO UNUSUAL CONDITIONS,, ,A,DAYLIGHT,37.3763,-121.9388,,,,,A,NO PEDESTRIANS INVOLVED,1/26/2018 12:00:00 AM,A,22107,False,1.0,US101 N/B,,,2/1/2018 9:14:22 AM,A,S,740.0,De la Cruz Blvd,F,,D,2/1/2018 9:15:00 AM,2/1/2018 9:15:00 AM,,True,2,,,,,,,
652908,9725-2018-00122,1,False,9725,1/25/2018 1:35:00 PM,1335,013,1368,4313,San Jose,43,True,True,E,HIT OBJECT,,Thursday,NotApplicable,False,,,False,True,True,South Cnty Superior,I,FIXED OBJECT,CENTER MEDIAN WALL,0,0,CLOUDY,RAINING, NO UNUSUAL CONDITIONS,, ,A,DAYLIGHT,37.20876,-121.72199,,,,,A,NO PEDESTRIANS INVOLVED,1/25/2018 12:00:00 AM,A,22350,False,1.0,US 101   S/B,,,2/1/2018 9:10:43 AM,B,S,0.1,BAILEY AVENUE,M,,D,2/1/2018 9:11:23 AM,2/1/2018 9:11:23 AM,,True,2,,,,,,,
652878,9340-2018-00457,1,False,9340,1/26/2018 12:30:00 AM,30,120,1368,4313,San Jose,43,True,True,C,REAR END,,Friday,Yes,False,,,False,True,True,Santa Clara Superior,C,OTHER MOTOR VEHICLE,,1,0,CLOUDY,, NO UNUSUAL CONDITIONS,, ,C,DARK-STREET LIGHTS,37.37803,-121.94774,,,,,A,NO PEDESTRIANS INVOLVED,1/26/2018 12:00:00 AM,A,23152(a),True,1.0,US-101 N/B,,,2/1/2018 8:57:43 AM,A,N,1800.0,Trimble Rd,F,,D,2/1/2018 8:58:25 AM,2/1/2018 8:58:25 AM,,True,2,,,,,,,
652767,9340-2018-00533,1,False,9340,1/30/2018 5:05:00 PM,1705,085,1368,4313,San Jose,43,True,True,C,REAR END,,Tuesday,NotApplicable,False,,,False,True,True,Santa Clara Superior,C,OTHER MOTOR VEHICLE,,0,0,CLEAR,, NO UNUSUAL CONDITIONS,, ,A,DAYLIGHT,37.26059,-121.9712,,,,,A,NO PEDESTRIANS INVOLVED,1/30/2018 12:00:00 AM,A,22350,False,1.0,SR-85 S/B,,,2/1/2018 7:30:19 AM,A,N,600.0,Winchester Blvd,F,,D,2/1/2018 7:31:01 AM,2/1/2018 7:31:01 AM,,True,2,,,,,,,
652554,9340-2018-00548,1,False,9340,1/20/2018 5:15:00 AM,515,120,1368,4313,San Jose,43,True,True,D,BROADSIDE,,Saturday,Yes,False,,,False,True,True,Santa Clara Superior,E,PARKED MOTOR VEHICLE,,1,0,CLEAR,, NO UNUSUAL CONDITIONS,, ,D,DARK-NO STREET LIGHTS,37.38964,-121.99058,,,,,A,NO PEDESTRIANS INVOLVED,1/20/2018 12:00:00 AM,A,23152(a),True,1.0,US101 N/B,,,1/31/2018 3:21:48 PM,A,N,677.0,Fair Oaks Ave,F,,D,1/31/2018 3:22:30 PM,1/31/2018 3:22:30 PM,,True,2,,,,,,,
652514,9340-2018-00475,1,False,9340,1/27/2018 2:50:00 AM,250,120,1368,4313,San Jose,43,True,True,E,HIT OBJECT,,Saturday,NotApplicable,False,,,False,True,True,Santa Clara Superior,I,FIXED OBJECT,CENTER MEDIAN,0,0,CLEAR,, NO UNUSUAL CONDITIONS,, ,C,DARK-STREET LIGHTS,37.223694,-121.56334,,,,,A,NO PEDESTRIANS INVOLVED,1/27/2018 12:00:00 AM,A,22107,False,1.0,US101 N/B,,,1/31/2018 2:18:50 PM,A,N,85.0,Trimble Rd,F,,D,1/31/2018 2:51:24 PM,1/31/2018 2:51:24 PM,,True,2,,,,,,,
652385,9340-2018-00466,1,False,9340,1/26/2018 10:30:00 AM,1030,088,1368,4313,San Jose,43,True,True,E,HIT OBJECT,,Friday,NotApplicable,False,M,,False,True,True,Santa Clara Superior,I,FIXED OBJECT,CONCRETE WALL,0,0,CLEAR,, NO UNUSUAL CONDITIONS,, ,A,DAYLIGHT,37.3565,-121.909043,,,,,A,NO PEDESTRIANS INVOLVED,1/26/2018 12:00:00 AM,A,21658(a),False,1.0,S/B I-880,,,1/31/2018 1:18:52 PM,A,S,800.0,N. FIRST ST.,F,FOR SKETCH DIAGRAM- SEE PAGE 4,D,1/31/2018 1:19:26 PM,1/31/2018 1:19:26 PM,,True,2,,,,,,,
652350,9340-2018-00351,1,False,9340,1/19/2018 9:20:00 PM,2120,110,1368,4313,San Jose,43,True,True,B,SIDE SWIPE,,Friday,Yes,True,,,False,True,True,Santa Clara Superior,E,PARKED MOTOR VEHICLE,,3,0,CLEAR,, NO UNUSUAL CONDITIONS,, On-Duty Emergency Vehicle,D,DARK-NO STREET LIGHTS,37.32495,-121.83819,,,,,F,NOT IN ROAD,1/19/2018 12:00:00 AM,A,23152(a),True,1.0,US-101 S/B NORTH OF TULLY ROAD,,,1/31/2018 12:52:56 PM,A,N,3023.0,TULLY ROAD,F,,D,1/31/2018 12:54:40 PM,1/31/2018 12:54:40 PM,,True,2,,,,,,,
652159,9340-2018-00519,1,False,9340,1/30/2018 9:25:00 AM,925,087,1368,4313,San Jose,43,True,True,C,REAR END,,Tuesday,NotApplicable,False,,,False,True,True,Santa Clara Superior,C,OTHER MOTOR VEHICLE,,0,0,CLEAR,, NO UNUSUAL CONDITIONS,, ,A,DAYLIGHT,37.32217,-121.890878,,,,,A,NO PEDESTRIANS INVOLVED,1/30/2018 12:00:00 AM,A,22350,False,1.0,SR-87 N/B TO JULIAN ST.,,,1/31/2018 10:26:43 AM,A,S,1350.0,JULIAN ST.,F,REFER TO PG. #3,D,1/31/2018 10:31:26 AM,1/31/2018 10:31:26 AM,,True,2,,,,,,,
652143,9340-2018-00541,1,False,9340,1/30/2018 6:30:00 PM,1830,281,1368,4313,San Jose,43,True,True,C,REAR END,,Tuesday,NotApplicable,False,,,False,True,False,Santa Clara Superior,C,OTHER MOTOR VEHICLE,,0,0,CLEAR,, NO UNUSUAL CONDITIONS,, ,C,DARK-STREET LIGHTS,37.19071,-121.57158,,,,,A,NO PEDESTRIANS INVOLVED,1/30/2018 12:00:00 AM,A,22350,False,1.0,I-280 N/B,,,1/31/2018 10:21:58 AM,A,N,30.0,Winchester Blvd,F,,D,1/31/2018 10:22:28 AM,1/31/2018 10:22:28 AM,,True,2,,,,,,,
652129,9340-2018-00521,1,False,9340,1/30/2018 10:10:00 AM,1010,240,1368,4313,San Jose,43,True,True,C,REAR END,,Tuesday,NotApplicable,False,,,False,True,False,Santa Clara Superior,C,OTHER MOTOR VEHICLE,,0,0,CLEAR,, NO UNUSUAL CONDITIONS,, ,A,DAYLIGHT,37.419549,-121.952349,,,,,A,NO PEDESTRIANS INVOLVED,1/30/2018 12:00:00 AM,A,22350 VC,False,1.0,SR-237 Westbound,,,1/31/2018 10:15:35 AM,A,E,0.3,First Street,M,SEE PAGE # 3.,D,1/31/2018 10:16:07 AM,1/31/2018 10:16:07 AM,,True,2,,,,,,,
651995,9340-2018-00508,1,False,9340,1/29/2018 5:50:00 PM,1750,281,1368,4313,San Jose,43,True,True,C,REAR END,,Monday,NotApplicable,False,,,False,True,True,Santa Clara Superior,C,OTHER MOTOR VEHICLE,,0,0,CLEAR,, NO UNUSUAL CONDITIONS,, ,D,DARK-NO STREET LIGHTS,37.327821,-121.878546,,,,,A,NO PEDESTRIANS INVOLVED,1/29/2018 12:00:00 AM,A,22350,False,1.0,I-280 N/B,,,1/31/2018 8:54:20 AM,A,N,500.0,7TH STREET,F,,D,1/31/2018 8:54:59 AM,1/31/2018 8:54:59 AM,,True,2,,,,,,,
651984,9340-2018-00513,1,False,9340,1/29/2018 5:30:00 PM,1730,110,1368,4313,San Jose,43,True,True,C,REAR END,,Monday,Yes,False,,,False,True,True,Santa Clara Superior,C,OTHER MOTOR VEHICLE,,1,0,CLEAR,, NO UNUSUAL CONDITIONS,, ,D,DARK-NO STREET LIGHTS,37.359241,-121.873321,,,,,A,NO PEDESTRIANS INVOLVED,1/29/2018 12:00:00 AM,A,22350,False,1.0,US101 S/B,,,1/31/2018 8:47:02 AM,A,S,1400.0,TAYLOR ST.,F,SEE PAGE 4 FOR SKETCH DIAGRAM,D,1/31/2018 8:48:03 AM,1/31/2018 8:48:03 AM,,True,2,,,,,,,
651935,9340-2018-00512,1,False,9340,1/29/2018 7:50:00 PM,1950,083,1368,4313,San Jose,43,True,True,C,REAR END,,Monday,NotApplicable,False,,,False,True,False,Santa Clara Superior,C,OTHER MOTOR VEHICLE,,0,0,CLEAR,, NO UNUSUAL CONDITIONS,, ,D,DARK-NO STREET LIGHTS,37.24943,-121.90708,,,,,A,NO PEDESTRIANS INVOLVED,1/29/2018 12:00:00 AM,A,22350,False,1.0,SR-17 S/B to Camden Ave,,,1/31/2018 8:19:09 AM,A,N,100.0,Camden Ave,F,,D,1/31/2018 8:19:38 AM,1/31/2018 8:19:38 AM,,True,2,,,,,,,
651885,9340-2018-00473,1,False,9340,1/26/2018 6:35:00 PM,1835,087,1368,4313,San Jose,43,True,True,C,REAR END,,Friday,NotApplicable,False,,,False,True,True,Santa Clara Superior,C,OTHER MOTOR VEHICLE,,0,0,CLEAR,, NO UNUSUAL CONDITIONS,, ,C,DARK-STREET LIGHTS,37.30921,-121.88294,,,,,A,NO PEDESTRIANS INVOLVED,1/26/2018 12:00:00 AM,A,22350,False,1.0,SR-87 S/B,,,1/31/2018 7:27:13 AM,A,S,300.0,Alma Ave,F,,D,1/31/2018 7:27:48 AM,1/31/2018 7:27:48 AM,,True,2,,,,,,,
651849,9340-2018-00423,1,False,9340,1/24/2018 8:30:00 PM,2030,083,1368,4313,San Jose,43,True,True,B,SIDE SWIPE,,Wednesday,NotApplicable,False,,,False,True,True,Santa Clara Superior,C,OTHER MOTOR VEHICLE,,1,0,CLOUDY,, NO UNUSUAL CONDITIONS,, ,D,DARK-NO STREET LIGHTS,37.2424,-121.803,,,,,A,NO PEDESTRIANS INVOLVED,1/24/2018 12:00:00 AM,A,22107,False,1.0,SR-85 S/B,,,1/31/2018 6:32:52 AM,B,N,700.0,Cottle Rd,F,,D,1/31/2018 6:33:30 AM,1/31/2018 6:33:30 AM,,True,2,,,,,,,
651820,9340-2018-00517,1,False,9340,1/16/2018 6:30:00 PM,1830,282,1368,4313,San Jose,43,True,True,C,REAR END,,Tuesday,NotApplicable,False,M,,False,True,False,Santa Clara Superior,C,OTHER MOTOR VEHICLE,,0,0,CLEAR,, NO UNUSUAL CONDITIONS,, Late-Reported,B,DUSK-DAWN,37.316308,-121.965242,,,,,A,NO PEDESTRIANS INVOLVED,1/16/2018 12:00:00 AM,A,21658(a),False,1.0,I-280 S/B,,,1/31/2018 5:48:58 AM,A,,,Winchester Blvd,,,D,1/31/2018 5:49:35 AM,1/31/2018 5:49:35 AM,,True,2,,,,,,,
651563,9340-2018-00409,1,False,9340,1/22/2018 5:05:00 PM,1705,089,1368,4313,San Jose,43,True,True,C,REAR END,,Monday,NotApplicable,False,M,,False,True,False,Santa Clara Superior,C,OTHER MOTOR VEHICLE,,0,0,CLEAR,, NO UNUSUAL CONDITIONS,, ,C,DARK-STREET LIGHTS,37.36877,-121.90138,,,,,A,NO PEDESTRIANS INVOLVED,1/22/2018 12:00:00 AM,A,22350,False,1.0,I-880 S/B,,,1/30/2018 2:29:08 PM,A,N,500.0,US101,F,,D,1/30/2018 2:29:43 PM,1/30/2018 2:29:43 PM,,True,2,,,,,,,
651438,9340-2018-00492,1,False,9340,1/28/2018 3:50:00 PM,1550,681,1368,4313,San Jose,43,True,True,C,REAR END,,Sunday,NotApplicable,False,,,False,True,False,Santa Clara Superior,C,OTHER MOTOR VEHICLE,,0,0,CLEAR,, NO UNUSUAL CONDITIONS,, ,A,DAYLIGHT,37.38368,-121.86341,,,,,A,NO PEDESTRIANS INVOLVED,1/28/2018 12:00:00 AM,A,22350,False,1.0,I-680 S/B TO BERRYESSA RD,,,1/30/2018 1:09:00 PM,A,S,20.0,Berryessa Rd,F,,D,1/30/2018 1:12:37 PM,1/30/2018 1:12:37 PM,,True,2,,,,,,,
651194,9340-2018-00511,1,False,9340,1/29/2018 2:56:00 PM,1456,240,1368,4313,San Jose,43,True,True,C,REAR END,,Monday,NotApplicable,False,,,False,True,True,Santa Clara Superior,C,OTHER MOTOR VEHICLE,,1,0,CLOUDY,, NO UNUSUAL CONDITIONS,, ,A,DAYLIGHT,37.44918,-121.95757,,,,,A,NO PEDESTRIANS INVOLVED,1/29/2018 12:00:00 AM,A,22350,False,1.0,SR-237 E/B,,,1/30/2018 10:17:08 AM,A,E,100.0,N. First St.,F,,D,1/30/2018 10:17:56 AM,1/30/2018 10:17:56 AM,,True,2,,,,,,,
651177,9725-2018-00053,1,False,9725,1/9/2018 10:35:00 AM,1035,015,1368,4313,San Jose,43,True,True,C,REAR END,,Tuesday,Yes,False,,,False,True,True,South Cnty Superior,C,OTHER MOTOR VEHICLE,,1,0,CLOUDY,RAINING, NO UNUSUAL CONDITIONS,, ,A,DAYLIGHT,37.23945,-121.76434,,,,,A,NO PEDESTRIANS INVOLVED,1/9/2018 12:00:00 AM,A,22350,False,1.0,US 101  N/B,,,1/30/2018 10:10:32 AM,B,S,0.3,SR-85,M,,D,1/30/2018 10:11:26 AM,1/30/2018 10:11:26 AM,,True,2,,,,,,,
651128,9340-2018-00389,1,False,9340,1/20/2018 8:55:00 PM,2055,087,1368,4313,San Jose,43,True,True,C,REAR END,,Saturday,Yes,True,,,False,True,True,Santa Clara Superior,C,OTHER MOTOR VEHICLE,,3,0,CLEAR,, NO UNUSUAL CONDITIONS,, ,C,DARK-STREET LIGHTS,37.33465,-121.89714,,,,,E,IN ROAD - INCLUDES SHOULDER,1/20/2018 12:00:00 AM,A,22350,False,1.0,SR-87 N/B,,,1/30/2018 9:40:33 AM,A,N,355.0,Santa Clara St,F,,D,1/30/2018 9:41:15 AM,1/30/2018 9:41:15 AM,,True,2,,,,,,,
650972,9725-2018-00114,1,False,9725,1/25/2018 9:25:00 AM,925,085,1368,4313,San Jose,43,True,True,E,HIT OBJECT,,Thursday,NotApplicable,False,,,False,True,True,South Cnty Superior,I,FIXED OBJECT,GUARD RAIL,0,0,CLOUDY,RAINING, NO UNUSUAL CONDITIONS,, ,A,DAYLIGHT,37.24021,-121.78122,,,,,A,NO PEDESTRIANS INVOLVED,1/25/2018 12:00:00 AM,A,22107,False,1.0,SR-85   S/B,,,1/30/2018 7:54:04 AM,B,N,475.0,GREAT OAKS BLVD,F,,D,1/30/2018 7:54:39 AM,1/30/2018 7:54:39 AM,,True,2,,,,,,,
650901,9340-2018-00484,1,False,9340,1/27/2018 1:29:00 PM,1329,087,1368,4313,San Jose,43,True,True,C,REAR END,,Saturday,Yes,False,,,False,True,True,Santa Clara Superior,C,OTHER MOTOR VEHICLE,,1,0,CLEAR,, NO UNUSUAL CONDITIONS,, ,A,DAYLIGHT,37.308857,-121.88209,,,,,A,NO PEDESTRIANS INVOLVED,1/27/2018 12:00:00 AM,A,22350,False,1.0,SR-87 N/B,,,1/30/2018 6:53:01 AM,A,S,500.0,Alma Ave,F,,D,1/30/2018 6:53:42 AM,1/30/2018 6:53:42 AM,,True,2,,,,,,,
650897,9340-2018-00455,1,False,9340,1/25/2018 5:10:00 PM,1710,120,1368,4313,San Jose,43,True,True,C,REAR END,,Thursday,NotApplicable,False,M,,False,True,True,Santa Clara Superior,C,OTHER MOTOR VEHICLE,,0,0,CLEAR,, NO UNUSUAL CONDITIONS,, ,D,DARK-NO STREET LIGHTS,37.371565,-121.916152,,,,,A,NO PEDESTRIANS INVOLVED,1/25/2018 12:00:00 AM,A,21658(a),False,1.0,US101 S/B ,,,1/30/2018 6:50:31 AM,A,S,200.0,first st. u/c,F,SEE PAGE 3 FOR SKETCH DIAGRAM,D,1/30/2018 6:51:01 AM,1/30/2018 6:51:01 AM,,True,2,,,,,,,