Collision Id,	Report Number,	Report Version,	Is Preliminary,	NCIC Code,Crash Date Time,	Crash Time Description,	Beat,City Id,	City Code,	City Name,County Code,	City Is Active,	City Is Incorporated,	Collision Type Code,Collision Type Description,	Collision Type Other Desc,	Day Of Week,	DispatchNotified,	HasPhotographs,	HitRun,	IsAttachmentsMailed,	IsDeleted,	IsHighwayRelated,	IsTowAway,	JudicialDistrict,	MotorVehicleInvolvedWithCode,	MotorVehicleInvolvedWithDesc,MotorVehicleInvolvedWithOtherDesc,	NumberInjured,	NumberKilled,Weather 1, Weather 2, Road Condition 1, Road Condition 2, Special Condition,LightingCode, LightingDescription,Latitude,Longitude,MilepostDirection,MilepostDistance,MilepostMarker,MilepostUnitOfMeasure,	PedestrianActionCode,PedestrianActionDesc,PreparedDate,	Primary Collision Factor Code,Primary Collision Factor Violation,PrimaryCollisionFactorIsCited,	PrimaryCollisionPartyNumber,	PrimaryRoad,	ReportingDistrict,	ReportingDistrictCode,ReviewedDate,	RoadwaySurfaceCode,SecondaryDirection,	SecondaryDistance,	SecondaryRoad,	SecondaryUnitOfMeasure,	SketchDesc,	TrafficControlDeviceCode,CreatedDate,	ModifiedDate,IsCountyRoad,IsFreeway,CHP555Version,	IsAdditonalObjectStruck,NotificationDate,	NotificationTimeDescription,	HasDigitalMediaFiles,	EvidenceNumber,	IsLocationReferToNarrative,	IsAOIOneSameAsLocation
669500,9340-2018-00869,1,False,9340,2/16/2018 7:50:00 PM,1950,681,1368,4313,San Jose,43,True,True,B,SIDE SWIPE,,Friday,Yes,False,M,,False,True,False,Santa Clara Superior,C,OTHER MOTOR VEHICLE,,0,0,CLEAR,, NO UNUSUAL CONDITIONS,, ,D,DARK-NO STREET LIGHTS,37.364398,-121.843495,,,,,A,NO PEDESTRIANS INVOLVED,2/16/2018 12:00:00 AM,A,23152(a),True,1.0,US101 N/B TO I-680 N/B,,,2/26/2018 10:59:54 AM,A,N,1330.0,Story Rd,F,,D,2/26/2018 11:00:38 AM,2/26/2018 11:00:38 AM,,True,2,,,,,,,
669459,9340-2018-00846,1,False,9340,2/15/2018 8:15:00 AM,815,110,1368,4313,San Jose,43,True,True,C,REAR END,,Thursday,Yes,False,,,False,True,True,Santa Clara Superior,C,OTHER MOTOR VEHICLE,,1,0,CLEAR,, NO UNUSUAL CONDITIONS,, ,A,DAYLIGHT,37.321223,-121.833674,,,,,A,NO PEDESTRIANS INVOLVED,2/15/2018 12:00:00 AM,A,22350,False,1.0,N/B US-101,,,2/26/2018 10:37:08 AM,A,N,0.2,Tully Rd,M,FOR SKETCH DIAGRAM SEE PAGE 4,D,2/26/2018 10:37:52 AM,2/26/2018 10:37:52 AM,,True,2,,,,,,,
669427,9340-2018-00856,1,False,9340,2/15/2018 4:40:00 PM,1640,281,1368,4313,San Jose,43,True,True,B,SIDE SWIPE,,Thursday,NotApplicable,False,,,False,True,False,Santa Clara Superior,C,OTHER MOTOR VEHICLE,,0,0,CLEAR,, NO UNUSUAL CONDITIONS,, ,A,DAYLIGHT,37.321035,-121.900016,,,,,A,NO PEDESTRIANS INVOLVED,2/15/2018 12:00:00 AM,A,22350,False,1.0,I-280 S/B,,,2/26/2018 10:18:59 AM,A,N,612.0,Bird Ave,F,,D,2/26/2018 10:19:28 AM,2/26/2018 10:19:28 AM,,True,2,,,,,,,
669384,9340-2018-00857,1,False,9340,2/15/2018 3:15:00 PM,1515,172,1368,4313,San Jose,43,True,True,C,REAR END,,Thursday,NotApplicable,False,,,False,True,True,Santa Clara Superior,C,OTHER MOTOR VEHICLE,,0,0,CLEAR,, NO UNUSUAL CONDITIONS,, ,A,DAYLIGHT,37.315905,-121.940449,,,,,A,NO PEDESTRIANS INVOLVED,2/15/2018 12:00:00 AM,A,22350,False,1.0,SR-17 S/B,,,2/26/2018 9:55:48 AM,A,N,200.0,Moorpark Ave,F,,D,2/26/2018 9:56:17 AM,2/26/2018 9:56:17 AM,,True,2,,,,,,,
669301,9340-2018-00854,1,False,9340,2/15/2018 2:30:00 PM,1430,087,1368,4313,San Jose,43,True,True,C,REAR END,,Thursday,NotApplicable,False,,,False,True,False,Santa Clara Superior,C,OTHER MOTOR VEHICLE,,0,0,CLEAR,, NO UNUSUAL CONDITIONS,, ,A,DAYLIGHT,37.313958,-121.886418,,,,,A,NO PEDESTRIANS INVOLVED,2/15/2018 12:00:00 AM,A,22350,False,1.0,SR-87 N/B,,,2/26/2018 9:17:40 AM,A,S,656.0,Willow St,F,,D,2/26/2018 9:18:12 AM,2/26/2018 9:18:12 AM,,True,2,,,,,,,
669224,9340-2018-00858,1,False,9340,2/15/2018 6:30:00 PM,1830,087,1368,4313,San Jose,43,True,True,C,REAR END,,Thursday,NotApplicable,False,M,,False,True,False,Santa Clara Superior,C,OTHER MOTOR VEHICLE,,1,0,CLEAR,, NO UNUSUAL CONDITIONS,, ,C,DARK-STREET LIGHTS,37.294054,-121.873024,,,,,A,NO PEDESTRIANS INVOLVED,2/15/2018 12:00:00 AM,A,22350,False,2.0,STATE ROUTE 87 SOUTHBOUND,,,2/26/2018 8:29:42 AM,A,S,600.0,CURTNER AVE U/C,F,,D,2/26/2018 8:30:16 AM,2/26/2018 8:30:16 AM,,True,2,,,,,,,
669178,9340-2018-00853,1,False,9340,2/15/2018 3:45:00 PM,1545,281,1368,4313,San Jose,43,True,True,C,REAR END,,Thursday,NotApplicable,False,M,,False,True,False,Santa Clara Superior,C,OTHER MOTOR VEHICLE,,0,0,CLEAR,, NO UNUSUAL CONDITIONS,, ,A,DAYLIGHT,37.980989,-121.098098,,,,,A,NO PEDESTRIANS INVOLVED,2/15/2018 12:00:00 AM,A,22350,False,1.0,I-280 N/B,,,2/26/2018 7:59:35 AM,A,S,1000.0,11th St,F,,D,2/26/2018 8:00:16 AM,2/26/2018 8:00:16 AM,,True,2,,,,,,,
669165,9340-2018-00864,1,False,9340,2/15/2018 3:00:00 PM,1500,282,1368,4313,San Jose,43,True,True,C,REAR END,,Thursday,NotApplicable,False,,,False,True,True,Santa Clara Superior,C,OTHER MOTOR VEHICLE,,1,0,CLEAR,, NO UNUSUAL CONDITIONS,, ,A,DAYLIGHT,37.31629,-121.96048,,,,,A,NO PEDESTRIANS INVOLVED,2/15/2018 12:00:00 AM,A,22350,True,1.0,I-280 S/B,,,2/26/2018 7:50:49 AM,A,N,2970.0,Winchester Blvd,F,,D,2/26/2018 7:52:18 AM,2/26/2018 7:52:18 AM,,True,2,,,,,,,
669155,9340-2018-00832,1,False,9340,2/14/2018 7:40:00 PM,1940,282,1368,4313,San Jose,43,True,True,C,REAR END,,Wednesday,NotApplicable,False,M,,False,True,True,Santa Clara Superior,C,OTHER MOTOR VEHICLE,,0,0,CLEAR,, NO UNUSUAL CONDITIONS,, ,D,DARK-NO STREET LIGHTS,37.31616,-121.96948,,,,,A,NO PEDESTRIANS INVOLVED,2/14/2018 12:00:00 AM,A,22350,False,1.0,I-280 S/B,,,2/26/2018 7:44:15 AM,A,N,1520.0,Saratoga Ave,F,,D,2/26/2018 7:44:54 AM,2/26/2018 7:44:54 AM,,True,2,,,,,,,
669150,9340-2018-00834,1,False,9340,2/14/2018 5:35:00 PM,1735,281,1368,4313,San Jose,43,True,True,B,SIDE SWIPE,,Wednesday,NotApplicable,False,,,False,True,True,Santa Clara Superior,C,OTHER MOTOR VEHICLE,,1,0,CLEAR,, NO UNUSUAL CONDITIONS,, ,A,DAYLIGHT,37.98989,-121.098098,,,,,A,NO PEDESTRIANS INVOLVED,2/14/2018 12:00:00 AM,A,21658(a),False,1.0,I-280 S/B,,,2/26/2018 7:41:50 AM,A,N,100.0,SR-87,F,,D,2/26/2018 7:42:24 AM,2/26/2018 7:42:24 AM,,True,2,,,,,,,
668876,9340-2018-00899,1,False,9340,2/18/2018 12:15:00 AM,15,010,1368,4313,San Jose,43,True,True,E,HIT OBJECT,,Sunday,NotApplicable,False,,,False,False,True,Santa Clara Superior,I,FIXED OBJECT,RAISED DIRT SHOULDER ,0,0,CLEAR,, NO UNUSUAL CONDITIONS,, ,C,DARK-STREET LIGHTS,37.41353,-121.82022,,,,,A,NO PEDESTRIANS INVOLVED,2/18/2018 12:00:00 AM,A,22107,False,1.0,Sierra Rd,,,2/25/2018 5:22:12 AM,A,N,2.0,Skyview Dr,M,,D,2/25/2018 5:22:59 AM,2/25/2018 5:22:59 AM,True,,2,,,,,,,
668596,9340-2018-00813,1,False,9340,2/13/2018 4:30:00 PM,1630,681,1368,4313,San Jose,43,True,True,E,HIT OBJECT,,Tuesday,Yes,False,,,False,True,True,Santa Clara Superior,I,FIXED OBJECT,CONCRETE HALF WALL,3,0,CLEAR,, NO UNUSUAL CONDITIONS,, ,A,DAYLIGHT,37.39848,-121.87546,,,,,A,NO PEDESTRIANS INVOLVED,2/13/2018 12:00:00 AM,A,23152(a),False,1.0,I-680 N/B,,,2/23/2018 2:43:43 PM,A,S,460.0,Capitol Ave,F,,D,2/23/2018 2:44:25 PM,2/23/2018 2:44:25 PM,,True,2,,,,,,,
688743,9340-2018-01406,1,False,9340,3/18/2018 10:20:00 AM,1020,681,1368,4313,San Jose,43,True,True,B,SIDE SWIPE,,Sunday,NotApplicable,False,,,False,True,False,Santa Clara Superior,C,OTHER MOTOR VEHICLE,,0,0,CLEAR,, NO UNUSUAL CONDITIONS,, ,A,DAYLIGHT,37.3623,-121.8433,,,,,A,NO PEDESTRIANS INVOLVED,3/18/2018 12:00:00 AM,A,21658(a),False,1.0,I-680 S/B,,,3/23/2018 1:08:10 PM,A,N,1000.0,Alum Rock Ave,F,,D,3/23/2018 1:08:49 PM,3/23/2018 1:08:49 PM,,True,2,,,,,,,
688705,9340-2018-01440,1,False,9340,3/20/2018 12:10:00 PM,1210,087,1368,4313,San Jose,43,True,True,E,HIT OBJECT,,Tuesday,Yes,False,,,False,True,True,Santa Clara Superior,I,FIXED OBJECT,TREE,1,0,CLOUDY,, NO UNUSUAL CONDITIONS,, ,A,DAYLIGHT,37.370582,-121.926433,,,,,A,NO PEDESTRIANS INVOLVED,3/20/2018 12:00:00 AM,A,22350,False,1.0,SR-87 N/B,,,3/23/2018 12:39:00 PM,B,N,1100.0,AIRPORT PARKWAY,F,,D,3/23/2018 12:39:41 PM,3/23/2018 12:39:41 PM,,True,2,,,,,,,
688695,9340-2018-01404,1,False,9340,3/18/2018 12:30:00 PM,1230,281,1368,4313,San Jose,43,True,True,H,OTHER,V-1/trailer,Sunday,NotApplicable,False,,,False,True,False,Santa Clara Superior,A,NON-COLLISION,,0,0,CLOUDY,RAINING, NO UNUSUAL CONDITIONS,, ,A,DAYLIGHT,37.32806,-121.87501,,,,,A,NO PEDESTRIANS INVOLVED,3/18/2018 12:00:00 AM,A,29003(a),False,1.0,I-280 N/B,,,3/23/2018 12:23:18 PM,B,S,230.0,7th St,F,,D,3/23/2018 12:23:54 PM,3/23/2018 12:23:54 PM,,True,2,,,,,,,
688545,9340-2018-01327,1,False,9340,3/14/2018 12:30:00 PM,1230,282,1368,4313,San Jose,43,True,True,E,HIT OBJECT,,Wednesday,NotApplicable,False,,,False,True,False,Santa Clara Superior,I,FIXED OBJECT,Concrete Center Divide,0,0,CLOUDY,RAINING, NO UNUSUAL CONDITIONS,, ,A,DAYLIGHT,37.317929,-121.977349,,,,,A,NO PEDESTRIANS INVOLVED,3/14/2018 12:00:00 AM,A,22350,False,1.0,I-280 N/B,,,3/23/2018 10:04:36 AM,B,N,700.0,Saratoga Ave,F,,D,3/23/2018 10:05:07 AM,3/23/2018 10:05:07 AM,,True,2,,,,,,,
688538,9340-2018-01315,1,False,9340,3/13/2018 11:10:00 PM,2310,681,1368,4313,San Jose,43,True,True,A,HEAD-ON,,Tuesday,Yes,False,,,False,True,True,Santa Clara Superior,I,FIXED OBJECT,METAL GUARD RAIL,1,0,RAINING,, NO UNUSUAL CONDITIONS,, ,C,DARK-STREET LIGHTS,37.3673,-121.84567,,,,,A,NO PEDESTRIANS INVOLVED,3/13/2018 12:00:00 AM,A,22350,False,1.0,I-680 N/B,,,3/23/2018 9:59:17 AM,B,S,100.0,MCKEE ROAD,F,,D,3/23/2018 10:00:01 AM,3/23/2018 10:00:01 AM,,True,2,,,,,,,
688339,9340-2018-01438,1,False,9340,3/14/2018 7:31:00 PM,1931,110,1368,4313,San Jose,43,True,True,B,SIDE SWIPE,,Wednesday,NotApplicable,False,,,False,True,False,Santa Clara Superior,C,OTHER MOTOR VEHICLE,,0,0,CLOUDY,, NO UNUSUAL CONDITIONS,, ,C,DARK-STREET LIGHTS,37.179,-121.4834,,,,,A,NO PEDESTRIANS INVOLVED,3/20/2018 12:00:00 AM,A,21658(a),False,1.0,US101 S/B,,,3/23/2018 6:20:30 AM,A,N,100.0,Hellyer Ave,F,,D,3/23/2018 6:21:44 AM,3/23/2018 6:21:44 AM,,True,2,,,,,,,
688028,9340-2018-01426,1,False,9340,3/19/2018 4:20:00 PM,1620,681,1368,4313,San Jose,43,True,True,C,REAR END,,Monday,NotApplicable,False,,,False,True,False,Santa Clara Superior,C,OTHER MOTOR VEHICLE,,0,0,CLEAR,, NO UNUSUAL CONDITIONS,, ,A,DAYLIGHT,37.98989,-121.908098,,,,,A,NO PEDESTRIANS INVOLVED,3/19/2018 12:00:00 AM,A,22350,False,1.0,I-680 S/B,,,3/22/2018 1:30:26 PM,A,S,400.0,Mabury Rd,F,,D,3/22/2018 1:31:00 PM,3/22/2018 1:31:00 PM,,True,2,,,,,,,
687949,9340-2018-01356,1,False,9340,3/15/2018 4:45:00 PM,1645,681,1368,4313,San Jose,43,True,True,B,SIDE SWIPE,,Thursday,NotApplicable,False,,,False,True,False,Santa Clara Superior,C,OTHER MOTOR VEHICLE,,0,0,CLOUDY,, NO UNUSUAL CONDITIONS,, ,A,DAYLIGHT,37.389989,-121.869023,,,,,A,NO PEDESTRIANS INVOLVED,3/15/2018 12:00:00 AM,A,22107,False,1.0,I-680 S/B,,,3/22/2018 12:45:43 PM,B,S,2112.0,Hostetter Rd,F,,D,3/22/2018 12:46:19 PM,3/22/2018 12:46:19 PM,,True,2,,,,,,,
687946,9340-2018-01379,1,False,9340,3/16/2018 4:20:00 PM,1620,282,1368,4313,San Jose,43,True,True,E,HIT OBJECT,,Friday,NotApplicable,False,,,False,True,True,Santa Clara Superior,J,OTHER OBJECT,HOOD,0,0,CLOUDY,, NO UNUSUAL CONDITIONS,, ,A,DAYLIGHT,37.316929,-121.952122,,,,,A,NO PEDESTRIANS INVOLVED,3/16/2018 12:00:00 AM,C,,,,I-280 N/B,,,3/22/2018 12:42:05 PM,A,N,545.0,Winchester Blvd,F,,D,3/22/2018 12:42:38 PM,3/22/2018 12:42:38 PM,,True,2,,,,,,,
687934,9340-2018-01383,1,False,9340,3/16/2018 5:15:00 PM,1715,281,1368,4313,San Jose,43,True,True,C,REAR END,,Friday,NotApplicable,False,,,False,True,True,Santa Clara Superior,C,OTHER MOTOR VEHICLE,,0,0,CLOUDY,, NO UNUSUAL CONDITIONS,, ,A,DAYLIGHT,37.31868,-121.9023,,,,,A,NO PEDESTRIANS INVOLVED,3/16/2018 12:00:00 AM,A,22350,False,1.0,I-280 S/B,,,3/22/2018 12:33:55 PM,A,N,1000.0,Bird Ave,F,,D,3/22/2018 12:34:34 PM,3/22/2018 12:34:34 PM,,True,2,,,,,,,
687931,9340-2018-01429,1,False,9340,3/19/2018 4:15:00 PM,1615,110,1368,4313,San Jose,43,True,True,C,REAR END,,Monday,NotApplicable,False,,,False,True,True,Santa Clara Superior,C,OTHER MOTOR VEHICLE,,1,0,CLEAR,CLOUDY, NO UNUSUAL CONDITIONS,, ,A,DAYLIGHT,37.3104,-121.8235,,,,,A,NO PEDESTRIANS INVOLVED,3/19/2018 12:00:00 AM,A,22350,False,1.0,US101 N/B,,,3/22/2018 12:32:45 PM,A,S,3700.0,Tully Rd,F,,D,3/22/2018 12:33:20 PM,3/22/2018 12:33:20 PM,,True,2,,,,,,,
687913,9340-2018-01418,1,False,9340,3/19/2018 9:30:00 AM,930,282,1368,4313,San Jose,43,True,True,C,REAR END,,Monday,NotApplicable,False,M,,False,True,False,Santa Clara Superior,C,OTHER MOTOR VEHICLE,,0,0,CLEAR,, NO UNUSUAL CONDITIONS,, ,A,DAYLIGHT,37.3234,-122.0017,,,,,A,NO PEDESTRIANS INVOLVED,3/19/2018 12:00:00 AM,A,22350,False,1.0,I-280 N/B,,,3/22/2018 12:18:47 PM,A,S,100.0,Lawrence Expy,F,,D,3/22/2018 12:19:22 PM,3/22/2018 12:19:22 PM,,True,2,,,,,,,
687901,9340-2018-01421,1,False,9340,3/19/2018 6:35:00 AM,635,110,1368,4313,San Jose,43,True,True,B,SIDE SWIPE,,Monday,NotApplicable,False,,,False,True,True,Santa Clara Superior,C,OTHER MOTOR VEHICLE,,0,0,CLEAR,, NO UNUSUAL CONDITIONS,, ,B,DUSK-DAWN,37.348455,-121.860062,,,,,A,NO PEDESTRIANS INVOLVED,3/19/2018 12:00:00 AM,A,21658(a),False,1.0,US-101 N/B,,,3/22/2018 12:12:41 PM,A,S,600.0,ALUM ROCK AVE O/C,F,,D,3/22/2018 12:13:23 PM,3/22/2018 12:13:23 PM,,True,2,,,,,,,
687857,9340-2018-01416,1,False,9340,3/19/2018 8:50:00 AM,850,083,1368,4313,San Jose,43,True,True,B,SIDE SWIPE,,Monday,Yes,False,,,False,True,True,Santa Clara Superior,C,OTHER MOTOR VEHICLE,,1,0,CLOUDY,, NO UNUSUAL CONDITIONS,, ,A,DAYLIGHT,37.152045,-121.515289,,,,,A,NO PEDESTRIANS INVOLVED,3/19/2018 12:00:00 AM,A,21658(a),False,1.0,SR-85 N/B,,,3/22/2018 11:44:45 AM,A,S,350.0,Winfield Blvd,F,,D,3/22/2018 11:45:26 AM,3/22/2018 11:45:26 AM,,True,2,,,,,,,
687814,9340-2018-01393,1,False,9725,3/17/2018 8:30:00 AM,830,015,1368,4313,San Jose,43,True,True,B,SIDE SWIPE,,Saturday,NotApplicable,False,,,False,True,False,Santa Clara Superior,C,OTHER MOTOR VEHICLE,,0,0,CLOUDY,, NO UNUSUAL CONDITIONS,, ,A,DAYLIGHT,37.241171,-121.767302,,,,,A,NO PEDESTRIANS INVOLVED,3/17/2018 12:00:00 AM,A,21658(A) VC,False,1.0,US-101 NORTHBOUND,,,3/22/2018 11:12:45 AM,A,S,100.0,STATE ROUTE 85,F,,D,3/22/2018 11:13:49 AM,3/22/2018 11:13:49 AM,,True,2,,,,,,,
687811,9340-2018-01427,1,False,9340,3/19/2018 6:20:00 PM,1820,281,1368,4313,San Jose,43,True,True,C,REAR END,,Monday,NotApplicable,False,,,False,True,True,Santa Clara Superior,C,OTHER MOTOR VEHICLE,,0,0,CLEAR,, NO UNUSUAL CONDITIONS,, ,A,DAYLIGHT,37.980989,-121.987098,,,,,A,NO PEDESTRIANS INVOLVED,3/19/2018 12:00:00 AM,A,22350,False,1.0,I-280 S/B,,,3/22/2018 11:12:34 AM,A,S,150.0,SR-87,F,,D,3/22/2018 11:13:09 AM,3/22/2018 11:13:09 AM,,True,2,,,,,,,
687809,9340-2018-01420,1,False,9340,3/19/2018 6:36:00 AM,636,110,1368,4313,San Jose,43,True,True,C,REAR END,,Monday,NotApplicable,False,,,False,True,True,Santa Clara Superior,C,OTHER MOTOR VEHICLE,,0,0,CLEAR,, NO UNUSUAL CONDITIONS,, ,B,DUSK-DAWN,37.348189,-121.859871,,,,,A,NO PEDESTRIANS INVOLVED,3/19/2018 12:00:00 AM,A,22350,False,1.0,US-101 N/B,,,3/22/2018 11:11:10 AM,A,S,650.0,ALUM ROCK AVE O/C,F,,D,3/22/2018 11:11:46 AM,3/22/2018 11:11:46 AM,,True,2,,,,,,,
687764,9340-2018-01415,1,False,9340,3/19/2018 7:10:00 AM,710,087,1368,4313,San Jose,43,True,True,C,REAR END,,Monday,NotApplicable,False,,,False,True,False,Santa Clara Superior,C,OTHER MOTOR VEHICLE,,0,0,CLEAR,, NO UNUSUAL CONDITIONS,, ,A,DAYLIGHT,37.36946,-121.92586,,,,,A,NO PEDESTRIANS INVOLVED,3/19/2018 12:00:00 AM,A,22350,False,1.0,SR-87 N/B,,,3/22/2018 10:38:23 AM,A,S,500.0,north first st,F,,D,3/22/2018 10:38:52 AM,3/22/2018 10:38:52 AM,,True,2,,,,,,,
687749,9340-2018-01433,1,False,9340,3/19/2018 8:25:00 AM,825,083,1368,4313,San Jose,43,True,True,B,SIDE SWIPE,,Monday,NotApplicable,False,,,False,True,False,Santa Clara Superior,C,OTHER MOTOR VEHICLE,,0,0,CLEAR,, NO UNUSUAL CONDITIONS,, ,A,DAYLIGHT,37.1522,-121.5044,,,,,A,NO PEDESTRIANS INVOLVED,3/19/2018 12:00:00 AM,D,,,,SR-85 N/B,,,3/22/2018 10:27:37 AM,A,S,1000.0,Blossom Hill Rd,F,,D,3/22/2018 10:28:11 AM,3/22/2018 10:28:11 AM,,True,2,,,,,,,
687738,9340-2018-01409,1,False,9340,3/18/2018 2:25:00 PM,1425,681,1368,4313,San Jose,43,True,True,C,REAR END,,Sunday,NotApplicable,False,,,False,True,True,Santa Clara Superior,C,OTHER MOTOR VEHICLE,,2,0,CLEAR,, NO UNUSUAL CONDITIONS,, ,A,DAYLIGHT,37.378166,-121.856118,,,,,A,NO PEDESTRIANS INVOLVED,3/18/2018 12:00:00 AM,A,22350,False,1.0,I-680 N/B,,,3/22/2018 10:14:52 AM,A,N,617.0,Mabury Rd,F,,D,3/22/2018 10:15:36 AM,3/22/2018 10:15:36 AM,,True,2,,,,,,,
687732,9340-2018-01364,1,False,9340,3/16/2018 7:50:00 AM,750,681,1368,4313,San Jose,43,True,True,C,REAR END,,Friday,NotApplicable,False,,,False,True,True,Santa Clara Superior,C,OTHER MOTOR VEHICLE,,0,0,CLOUDY,RAINING, NO UNUSUAL CONDITIONS,, ,A,DAYLIGHT,37.3591,-121.8406,,,,,A,NO PEDESTRIANS INVOLVED,3/16/2018 12:00:00 AM,A,22350,False,1.0,I-680 N/B,,,3/22/2018 10:12:22 AM,B,S,100.0,Alum Rock Ave,F,,D,3/22/2018 10:13:18 AM,3/22/2018 10:13:18 AM,,True,2,,,,,,,
687704,9340-2018-01401,1,False,9340,3/18/2018 3:48:00 AM,348,282,1368,4313,San Jose,43,True,True,E,HIT OBJECT,,Sunday,Yes,False,,,False,True,True,Santa Clara Superior,I,FIXED OBJECT,GRASS/DIRT SHOULDER,1,0,CLOUDY,, NO UNUSUAL CONDITIONS,, ,C,DARK-STREET LIGHTS,37.31663,-121.95223,,,,,A,NO PEDESTRIANS INVOLVED,3/18/2018 12:00:00 AM,A,23152(a),True,1.0,I-280 S/B,,,3/22/2018 9:57:55 AM,A,N,560.0,Winchester Blvd,F,,D,3/22/2018 9:58:35 AM,3/22/2018 9:58:35 AM,,True,2,,,,,,,
687693,9340-2018-01398,1,False,9340,3/17/2018 3:00:00 PM,1500,088,1368,4313,San Jose,43,True,True,E,HIT OBJECT,,Saturday,NotApplicable,False,,,False,True,True,Santa Clara Superior,I,FIXED OBJECT,CONCRETE BARRIER,0,0,CLOUDY,, NO UNUSUAL CONDITIONS,, ,A,DAYLIGHT,37.21166,-121.54572,,,,,A,NO PEDESTRIANS INVOLVED,3/17/2018 12:00:00 AM,A,22107,False,1.0,I-880 N/B,,,3/22/2018 9:47:09 AM,B,N,830.0,Coleman Ave,F,,D,3/22/2018 9:47:49 AM,3/22/2018 9:47:49 AM,,True,2,,,,,,,
687664,9340-2018-01371,1,False,9340,3/16/2018 11:50:00 AM,1150,088,1368,4313,San Jose,43,True,True,C,REAR END,,Friday,NotApplicable,False,,,False,True,True,Santa Clara Superior,C,OTHER MOTOR VEHICLE,,1,0,RAINING,, NO UNUSUAL CONDITIONS,, ,A,DAYLIGHT,37.32349,-121.9425,,,,,A,NO PEDESTRIANS INVOLVED,3/16/2018 12:00:00 AM,A,22350,False,1.0,I-880 S/B,,,3/22/2018 9:34:33 AM,B,S,1000.0,Bascom Ave,F,,D,3/22/2018 9:35:08 AM,3/22/2018 9:35:08 AM,,True,2,,,,,,,
687661,9340-2018-01391,1,False,9340,3/17/2018 8:50:00 AM,850,681,1368,4313,San Jose,43,True,True,E,HIT OBJECT,,Saturday,NotApplicable,False,,,False,True,True,Santa Clara Superior,I,FIXED OBJECT,CONCRETE CENTER DIVIDER,1,0,CLOUDY,, NO UNUSUAL CONDITIONS,, ,A,DAYLIGHT,37.3476,-121.8411,,,,,A,NO PEDESTRIANS INVOLVED,3/17/2018 12:00:00 AM,A,22107,False,1.0,I-680 S/B,,,3/22/2018 9:32:25 AM,A,N,2000.0,King Rd,F,,D,3/22/2018 9:33:08 AM,3/22/2018 9:33:08 AM,,True,2,,,,,,,
687652,9340-2018-01388,1,False,9340,3/17/2018 3:00:00 AM,300,089,1368,4313,San Jose,43,True,True,B,SIDE SWIPE,,Saturday,NotApplicable,False,,,False,True,False,,C,OTHER MOTOR VEHICLE,,0,0,CLOUDY,RAINING, NO UNUSUAL CONDITIONS,, ,C,DARK-STREET LIGHTS,37.37253,-121.90225,,,,,A,NO PEDESTRIANS INVOLVED,3/17/2018 12:00:00 AM,A,23152(a),True,1.0,I-880 S/B,,,3/22/2018 9:27:42 AM,B,N,2972.0,US-101,F,,D,3/22/2018 9:28:18 AM,3/22/2018 9:28:18 AM,,True,2,,,,,,,
687602,9340-2018-01384,2,False,9340,3/16/2018 3:10:00 PM,1510,282,1368,4313,San Jose,43,True,True,C,REAR END,,Friday,NotApplicable,False,,,False,True,True,Santa Clara Superior,C,OTHER MOTOR VEHICLE,,2,0,CLEAR,, NO UNUSUAL CONDITIONS,, ,A,DAYLIGHT,37.185931,-121.58475,,,,,A,NO PEDESTRIANS INVOLVED,3/16/2018 12:00:00 AM,A,22350,False,1.0,I-280 N/B,,,4/16/2018 10:45:08 AM,A,S,1950.0,Saratoga Ave,F,,D,3/22/2018 8:59:58 AM,4/16/2018 10:45:19 AM,,True,2,,,,,,,
687598,9340-2018-01392,1,False,9340,3/16/2018 6:20:00 PM,1820,083,1368,4313,San Jose,43,True,True,C,REAR END,,Friday,NotApplicable,False,,,False,True,True,Santa Clara Superior,C,OTHER MOTOR VEHICLE,,0,0,CLOUDY,, NO UNUSUAL CONDITIONS,, ,B,DUSK-DAWN,37.25245,-121.88542,,,,,A,NO PEDESTRIANS INVOLVED,3/16/2018 12:00:00 AM,A,22350,False,1.0,SR-85 S/B,,,3/22/2018 8:56:01 AM,B,N,1000.0,Almaden Expy,F,,D,3/22/2018 8:56:44 AM,3/22/2018 8:56:44 AM,,True,2,,,,,,,
687588,9340-2018-01367,1,False,9340,3/16/2018 5:35:00 AM,535,083,1368,4313,San Jose,43,True,True,E,HIT OBJECT,,Friday,NotApplicable,False,,,False,True,True,Santa Clara Superior,I,FIXED OBJECT,Metering light,0,0,CLOUDY,, NO UNUSUAL CONDITIONS,, ,D,DARK-NO STREET LIGHTS,37.250245,-121.835096,,,,,A,NO PEDESTRIANS INVOLVED,3/16/2018 12:00:00 AM,A,22350,False,1.0,SR-85 N/B from Blossom Hill Road,,,3/22/2018 8:50:58 AM,B,S,250.0,Blossom Hill Road,F,,D,3/22/2018 8:52:55 AM,3/22/2018 8:52:55 AM,,True,2,,,,,,,