Collision Id,	Report Number,	Report Version,	Is Preliminary,	NCIC Code,Crash Date Time,	Crash Time Description,	Beat,City Id,	City Code,	City Name,County Code,	City Is Active,	City Is Incorporated,	Collision Type Code,Collision Type Description,	Collision Type Other Desc,	Day Of Week,	DispatchNotified,	HasPhotographs,	HitRun,	IsAttachmentsMailed,	IsDeleted,	IsHighwayRelated,	IsTowAway,	JudicialDistrict,	MotorVehicleInvolvedWithCode,	MotorVehicleInvolvedWithDesc,MotorVehicleInvolvedWithOtherDesc,	NumberInjured,	NumberKilled,Weather 1, Weather 2, Road Condition 1, Road Condition 2, Special Condition,LightingCode, LightingDescription,Latitude,Longitude,MilepostDirection,MilepostDistance,MilepostMarker,MilepostUnitOfMeasure,	PedestrianActionCode,PedestrianActionDesc,PreparedDate,	Primary Collision Factor Code,Primary Collision Factor Violation,PrimaryCollisionFactorIsCited,	PrimaryCollisionPartyNumber,	PrimaryRoad,	ReportingDistrict,	ReportingDistrictCode,ReviewedDate,	RoadwaySurfaceCode,SecondaryDirection,	SecondaryDistance,	SecondaryRoad,	SecondaryUnitOfMeasure,	SketchDesc,	TrafficControlDeviceCode,CreatedDate,	ModifiedDate,IsCountyRoad,IsFreeway,CHP555Version,	IsAdditonalObjectStruck,NotificationDate,	NotificationTimeDescription,	HasDigitalMediaFiles,	EvidenceNumber,	IsLocationReferToNarrative,	IsAOIOneSameAsLocation
702044,9340-2018-01665,1,False,9340,4/2/2018 4:50:00 AM,450,110,1368,4313,San Jose,43,True,True,A,HEAD-ON,,Monday,NotApplicable,False,M,,False,True,True,Santa Clara Superior,I,FIXED OBJECT,CONCRETE WALL,0,0,CLEAR,, NO UNUSUAL CONDITIONS,, ,D,DARK-NO STREET LIGHTS,37.33954,-121.84949,,,,,A,NO PEDESTRIANS INVOLVED,4/2/2018 12:00:00 AM,A,22107,False,1.0,US101 N/B TO 680 N/B ,,,4/10/2018 6:56:11 AM,A,S,1500.0,KING ROAD ,F,,D,4/10/2018 6:56:40 AM,4/10/2018 6:56:40 AM,,True,2,,,,,,,
701865,9340-2018-01663,1,False,9340,4/1/2018 1:30:00 PM,1330,087,1368,4313,San Jose,43,True,True,B,SIDE SWIPE,,Sunday,NotApplicable,False,F,,False,True,True,Santa Clara Superior,C,OTHER MOTOR VEHICLE,,3,0,CLEAR,, NO UNUSUAL CONDITIONS,, ,A,DAYLIGHT,37.290531,-121.871201,,,,,A,NO PEDESTRIANS INVOLVED,4/1/2018 12:00:00 AM,A,21658A,False,1.0,SR-87 N/B,,,4/9/2018 4:09:09 PM,A,S,1600.0,Curtner Ave,F,,D,4/9/2018 4:10:53 PM,4/9/2018 4:10:53 PM,,True,2,,,,,,,
701711,9340-2018-01666,1,False,9340,4/2/2018 7:07:00 AM,707,282,1368,4313,San Jose,43,True,True,C,REAR END,,Monday,NotApplicable,False,M,,False,True,True,Santa Clara Superior,C,OTHER MOTOR VEHICLE,,1,0,CLEAR,, NO UNUSUAL CONDITIONS,, ,A,DAYLIGHT,37.3185,-121.9732,,,,,A,NO PEDESTRIANS INVOLVED,4/2/2018 12:00:00 AM,A,22350,False,1.0,I-280 N/B,,,4/9/2018 2:08:04 PM,A,S,1200.0,Saratoga Ave,F,,D,4/9/2018 2:09:01 PM,4/9/2018 2:09:01 PM,,True,2,,,,,,,
701590,9340-2018-01655,1,False,9340,4/1/2018 3:40:00 PM,1540,281,1368,4313,San Jose,43,True,True,B,SIDE SWIPE,,Sunday,NotApplicable,False,,,False,True,False,Santa Clara Superior,C,OTHER MOTOR VEHICLE,,0,0,CLEAR,, NO UNUSUAL CONDITIONS,, ,A,DAYLIGHT,37.3255,-121.8841,,,,,A,NO PEDESTRIANS INVOLVED,4/1/2018 12:00:00 AM,A,22107,False,1.0,I-280 S/B,,,4/9/2018 12:48:13 PM,A,N,1000.0,7th St,F,,D,4/9/2018 12:48:45 PM,4/9/2018 12:48:45 PM,,True,2,,,,,,,
701589,9340-2018-01519,1,False,9340,3/25/2018 4:00:00 PM,1600,110,1368,4313,San Jose,43,True,True,B,SIDE SWIPE,,Sunday,NotApplicable,False,,,False,True,False,Santa Clara Superior,C,OTHER MOTOR VEHICLE,,0,0,CLEAR,, NO UNUSUAL CONDITIONS,, ,A,DAYLIGHT,37.362486,-121.884729,,,,,A,NO PEDESTRIANS INVOLVED,3/25/2018 12:00:00 AM,A,21658(a),False,,US101 N/B,,,4/9/2018 12:47:22 PM,A,S,300.0,Hedding St,F,,D,4/9/2018 12:48:38 PM,4/9/2018 12:48:38 PM,,True,2,,,,,,,
701544,9340-2018-01523,1,False,9340,3/25/2018 1:30:00 PM,1330,083,1368,4313,San Jose,43,True,True,A,HEAD-ON,,Sunday,NotApplicable,False,,,False,True,True,Santa Clara Superior,C,OTHER MOTOR VEHICLE,,0,0,CLEAR,, NO UNUSUAL CONDITIONS,, ,A,DAYLIGHT,37.243513,-121.821067,,,,,A,NO PEDESTRIANS INVOLVED,3/25/2018 12:00:00 AM,A,22107,False,1.0,SR-85 S/B,,,4/9/2018 12:17:02 PM,A,S,1000.0,Blossom Hill Rd,F,,D,4/9/2018 12:17:31 PM,4/9/2018 12:17:31 PM,,True,2,,,,,,,
701531,9340-2018-01619,1,False,9340,3/30/2018 6:20:00 AM,620,110,1368,4313,San Jose,43,True,True,C,REAR END,,Friday,NotApplicable,False,,,False,True,True,Santa Clara Superior,C,OTHER MOTOR VEHICLE,,1,0,CLEAR,, NO UNUSUAL CONDITIONS,, ,C,DARK-STREET LIGHTS,37.35585,-121.86792,,,,,A,NO PEDESTRIANS INVOLVED,3/30/2018 12:00:00 AM,A,22350,False,1.0,US101 N/B,,,4/9/2018 12:12:55 PM,A,N,750.0,McKee Rd,F,,D,4/9/2018 12:13:30 PM,4/9/2018 12:13:30 PM,,True,2,,,,,,,
701512,9340-2018-01673,3,False,9340,4/2/2018 5:50:00 PM,1750,281,1368,4313,San Jose,43,True,True,B,SIDE SWIPE,,Monday,NotApplicable,False,,,False,True,False,Santa Clara Superior,C,OTHER MOTOR VEHICLE,,0,0,CLEAR,, NO UNUSUAL CONDITIONS,, ,A,DAYLIGHT,37.335827,-121.85787,,,,,A,NO PEDESTRIANS INVOLVED,4/2/2018 12:00:00 AM,A,23152(a),True,1.0,I-280 S/B,,,11/30/2018 10:04:08 AM,A,N,100.0,McLaughlin Ave,F,,D,4/9/2018 11:58:49 AM,11/30/2018 10:04:25 AM,,True,2,,,,,,,
701403,9340-2018-01643,1,False,9340,3/31/2018 5:00:00 PM,1700,281,1368,4313,San Jose,43,True,True,C,REAR END,,Saturday,NotApplicable,False,M,,False,True,False,Santa Clara Superior,C,OTHER MOTOR VEHICLE,,0,0,CLEAR,, NO UNUSUAL CONDITIONS,, ,A,DAYLIGHT,37.338689,-121.853219,,,,,A,NO PEDESTRIANS INVOLVED,3/31/2018 12:00:00 AM,A,22350,False,1.0,I-280 S/B,,,4/9/2018 10:51:45 AM,A,N,400.0,US-101,F,,D,4/9/2018 10:52:22 AM,4/9/2018 10:52:22 AM,,True,2,,,,,,,
701387,9340-2018-01634,1,False,9340,3/31/2018 9:35:00 AM,935,087,1368,4313,San Jose,43,True,True,E,HIT OBJECT,,Saturday,NotApplicable,False,,,False,True,True,Santa Clara Superior,I,FIXED OBJECT,CENTER DIVIDER,0,0,CLEAR,, NO UNUSUAL CONDITIONS,, ,A,DAYLIGHT,37.291,-121.8714,,,,,A,NO PEDESTRIANS INVOLVED,3/31/2018 12:00:00 AM,A,22107,False,1.0,SR-87 N/B,,,4/9/2018 10:44:38 AM,A,S,800.0,Curtner Ave,F,,D,4/9/2018 10:45:07 AM,4/9/2018 10:45:07 AM,,True,2,,,,,,,
701348,9340-2018-01642,1,False,9340,3/31/2018 3:30:00 PM,1530,120,1368,4313,San Jose,43,True,True,C,REAR END,,Saturday,NotApplicable,False,,,False,True,True,Santa Clara Superior,C,OTHER MOTOR VEHICLE,,0,0,CLEAR,, NO UNUSUAL CONDITIONS,, ,A,DAYLIGHT,37.374691,-121.932561,,,,,A,NO PEDESTRIANS INVOLVED,3/31/2018 12:00:00 AM,A,22350,False,1.0,US101 S/B,,,4/9/2018 10:20:54 AM,A,N,1300.0,SR-87,F,,D,4/9/2018 10:21:28 AM,4/9/2018 10:21:28 AM,,True,2,,,,,,,
701140,9340-2018-01601,1,False,9340,3/29/2018 4:00:00 PM,1600,120,1368,4313,San Jose,43,True,True,B,SIDE SWIPE,,Thursday,NotApplicable,False,M,,False,True,False,Santa Clara Superior,C,OTHER MOTOR VEHICLE,,0,0,CLEAR,, NO UNUSUAL CONDITIONS,, ,A,DAYLIGHT,37.3634,-121.8976,,,,,A,NO PEDESTRIANS INVOLVED,3/29/2018 12:00:00 AM,A,22107,False,1.0,us-101 southbound,,,4/9/2018 8:17:13 AM,A,S,1000.0,I-880,F,,D,4/9/2018 8:17:42 AM,4/9/2018 8:17:42 AM,,True,2,,,,,,,
701091,9340-2018-01564,1,False,9340,3/28/2018 2:20:00 AM,220,110,1368,4313,San Jose,43,True,True,B,SIDE SWIPE,,Wednesday,Yes,True,F,,False,True,True,Santa Clara Superior,B,PEDESTRIAN,,1,0,CLEAR,, NO UNUSUAL CONDITIONS,, ,D,DARK-NO STREET LIGHTS,37.3353,-121.85,,,,,E,IN ROAD - INCLUDES SHOULDER,3/28/2018 12:00:00 AM,A,22107,False,1.0, US 101 S/B TO TULLY RD.,,,4/9/2018 7:42:26 AM,A,N,300.0,Tully Rd,F,,D,4/9/2018 7:43:08 AM,4/9/2018 7:43:08 AM,,True,2,,,,,,,
701084,9340-2018-01588,1,False,9340,3/28/2018 6:50:00 PM,1850,281,1368,4313,San Jose,43,True,True,B,SIDE SWIPE,,Wednesday,NotApplicable,False,M,,False,True,False,Santa Clara Superior,C,OTHER MOTOR VEHICLE,,0,0,CLEAR,, NO UNUSUAL CONDITIONS,, ,A,DAYLIGHT,37.324779,-121.8869,,,,,A,NO PEDESTRIANS INVOLVED,3/28/2018 12:00:00 AM,A,21658(a),False,1.0,I-280 S/B,,,4/9/2018 7:36:57 AM,A,S,90.0,Almaden Blvd,F,,D,4/9/2018 7:37:28 AM,4/9/2018 7:37:28 AM,,True,2,,,,,,,
701075,9340-2018-01548,1,False,9340,3/27/2018 12:10:00 AM,10,020,1368,4313,San Jose,43,True,True,C,REAR END,,Tuesday,NotApplicable,False,,,False,False,True,Santa Clara Superior,E,PARKED MOTOR VEHICLE,,1,0,CLEAR,, NO UNUSUAL CONDITIONS,, ,C,DARK-STREET LIGHTS,37.36232,-121.82004,,,,,A,NO PEDESTRIANS INVOLVED,3/27/2018 12:00:00 AM,A,22350,True,1.0,Jerilyn Dr,,,4/9/2018 7:26:41 AM,A,,,Serrano Ave,,,D,4/9/2018 7:27:30 AM,4/9/2018 7:27:30 AM,True,,2,,,,,,,
721845,9340-2018-02197,1,False,9340,5/1/2018 11:45:00 AM,1145,281,1368,4313,San Jose,43,True,True,C,REAR END,,Tuesday,NotApplicable,False,,,False,True,False,Santa Clara Superior,C,OTHER MOTOR VEHICLE,,0,0,CLEAR,, NO UNUSUAL CONDITIONS,, ,A,DAYLIGHT,37.1749,-121.9353,,,,,A,NO PEDESTRIANS INVOLVED,5/1/2018 12:00:00 AM,A,22350,False,1.0,I-280 N/B,,,5/8/2018 8:36:48 AM,A,S,150.0,Mac Arthur Ave,F,,D,5/8/2018 8:37:18 AM,5/8/2018 8:37:18 AM,,True,2,,,,,,,
721828,9340-2018-02208,1,False,9340,5/1/2018 5:55:00 PM,1755,087,1368,4313,San Jose,43,True,True,C,REAR END,,Tuesday,NotApplicable,False,,,False,True,False,Santa Clara Superior,C,OTHER MOTOR VEHICLE,,0,0,CLEAR,, NO UNUSUAL CONDITIONS,, ,A,DAYLIGHT,37.349259,-121.908462,,,,,A,NO PEDESTRIANS INVOLVED,5/1/2018 12:00:00 AM,A,22350,False,1.0,SR-87 S/B,,,5/8/2018 8:26:28 AM,A,N,1430.0,Taylor St,F,,D,5/8/2018 8:26:57 AM,5/8/2018 8:26:57 AM,,True,2,,,,,,,
721796,9340-2018-02210,1,False,9340,5/1/2018 5:10:00 PM,1710,681,1368,4313,San Jose,43,True,True,C,REAR END,,Tuesday,NotApplicable,False,,,False,True,False,Santa Clara Superior,C,OTHER MOTOR VEHICLE,,1,0,CLEAR,, NO UNUSUAL CONDITIONS,, ,A,DAYLIGHT,37.344,-121.8465,,,,,A,NO PEDESTRIANS INVOLVED,5/1/2018 12:00:00 AM,A,22350,False,1.0,I-680 S/B TO KING ROAD,,,5/8/2018 7:50:41 AM,A,N,100.0,King Rd,F,,D,5/8/2018 7:51:16 AM,5/8/2018 7:51:16 AM,,True,2,,,,,,,
721787,9340-2018-02323,1,False,9340,4/29/2018 9:10:00 PM,2110,110,1368,4313,San Jose,43,True,True,C,REAR END,,Sunday,NotApplicable,False,M,,False,True,False,Santa Clara Superior,C,OTHER MOTOR VEHICLE,,0,0,CLEAR,, NO UNUSUAL CONDITIONS,, ,D,DARK-NO STREET LIGHTS,37.27727,-121.80569,,,,,A,NO PEDESTRIANS INVOLVED,4/29/2018 12:00:00 AM,A,22350,False,1.0,US-101 N/B,,,5/8/2018 7:41:45 AM,A,S,1000.0,Hellyer Ave,F,,D,5/8/2018 7:42:26 AM,5/8/2018 7:42:26 AM,,True,2,,,,,,,
721779,9340-2018-02170,1,False,9340,4/29/2018 2:30:00 AM,230,281,1368,4313,San Jose,43,True,True,E,HIT OBJECT,,Sunday,NotApplicable,False,M,,False,True,True,SANR,I,FIXED OBJECT,TREE,0,0,CLEAR,, NO UNUSUAL CONDITIONS,, ,D,DARK-NO STREET LIGHTS,37.328418,-121.872786,,,,,A,NO PEDESTRIANS INVOLVED,4/29/2018 12:00:00 AM,A,22107,False,1.0,I-280 N/B to 7th st.,,,5/8/2018 7:28:21 AM,A,S,800.0,7th St,F,,D,5/8/2018 7:28:54 AM,5/8/2018 7:28:54 AM,,True,2,,,,,,,
721774,9340-2018-02212,1,False,9340,5/1/2018 4:53:00 PM,1653,281,1368,4313,San Jose,43,True,True,B,SIDE SWIPE,,Tuesday,NotApplicable,False,,,False,True,False,Santa Clara Superior,C,OTHER MOTOR VEHICLE,,0,0,CLEAR,, NO UNUSUAL CONDITIONS,, ,A,DAYLIGHT,37.3261,-121.8836,,,,,A,NO PEDESTRIANS INVOLVED,5/1/2018 12:00:00 AM,A,21658(a),False,1.0,I-280 N/B,,,5/8/2018 7:21:45 AM,A,S,2750.0,SR-87,F,,D,5/8/2018 7:26:34 AM,5/8/2018 7:26:34 AM,,True,2,,,,,,,
721697,9340-2018-02288,1,False,9340,5/5/2018 9:10:00 PM,2110,110,1368,4313,San Jose,43,True,True,B,SIDE SWIPE,,Saturday,Yes,False,,,False,True,True,Santa Clara Superior,C,OTHER MOTOR VEHICLE,,0,0,CLEAR,, NO UNUSUAL CONDITIONS,, ,D,DARK-NO STREET LIGHTS,37.39258,-121.84244,,,,,A,NO PEDESTRIANS INVOLVED,5/5/2018 12:00:00 AM,A,23152(a),True,1.0,US101 N/B,,,5/8/2018 5:30:13 AM,A,S,2700.0,Story Rd,F,,D,5/8/2018 5:30:55 AM,5/8/2018 5:30:55 AM,,True,2,,,,,,,
721570,9340-2018-02214,2,False,9340,5/1/2018 8:45:00 AM,845,282,1368,4313,San Jose,43,True,True,C,REAR END,,Tuesday,Yes,False,,,False,True,True,Santa Clara Superior,C,OTHER MOTOR VEHICLE,,2,0,CLOUDY,, NO UNUSUAL CONDITIONS,, ,A,DAYLIGHT,37.318002,-121.980763,,,,,A,NO PEDESTRIANS INVOLVED,5/1/2018 12:00:00 AM,A,22350 VC,True,1.0,I-280 Southbound,,,6/8/2018 5:27:39 AM,A,N,1800.0,Saratoga Ave,F,,D,5/7/2018 4:12:18 PM,6/8/2018 5:27:51 AM,,True,2,,,,,,,
721554,9340-2018-02211,1,False,9340,5/1/2018 3:05:00 PM,1505,281,1368,4313,San Jose,43,True,True,B,SIDE SWIPE,,Tuesday,NotApplicable,False,,,False,True,False,Santa Clara Superior,C,OTHER MOTOR VEHICLE,,0,0,CLEAR,, NO UNUSUAL CONDITIONS,, ,A,DAYLIGHT,37.3212,-121.8997,,,,,A,NO PEDESTRIANS INVOLVED,5/1/2018 12:00:00 AM,A,21658(a),False,1.0,I-280 S/B,,,5/7/2018 3:56:09 PM,A,N,1600.0,Bird Ave,F,,D,5/7/2018 3:56:44 PM,5/7/2018 3:56:44 PM,,True,2,,,,,,,
721523,9340-2018-02198,1,False,9340,5/1/2018 9:05:00 AM,905,087,1368,4313,San Jose,43,True,True,C,REAR END,,Tuesday,NotApplicable,False,,,False,True,False,Santa Clara Superior,C,OTHER MOTOR VEHICLE,,0,0,CLEAR,, NO UNUSUAL CONDITIONS,, ,A,DAYLIGHT,37.20193,-121.53545,,,,,A,NO PEDESTRIANS INVOLVED,5/1/2018 12:00:00 AM,A,22350,False,1.0,SR-87 N/B,,,5/7/2018 3:33:41 PM,A,N,200.0,JULIAN ST.,F,,D,5/7/2018 3:34:41 PM,5/7/2018 3:34:41 PM,,True,2,,,,,,,
721507,9340-2018-02196,1,False,9340,5/1/2018 9:00:00 AM,900,087,1368,4313,San Jose,43,True,True,C,REAR END,,Tuesday,NotApplicable,False,,,False,True,False,Santa Clara Superior,C,OTHER MOTOR VEHICLE,,0,0,CLEAR,, NO UNUSUAL CONDITIONS,, ,A,DAYLIGHT,37.2157,-121.5513,,,,,A,NO PEDESTRIANS INVOLVED,5/1/2018 12:00:00 AM,A,22350,False,1.0,SR-87 N/B,,,5/7/2018 3:22:57 PM,A,N,200.0,Skyport Dr,F,,D,5/7/2018 3:23:41 PM,5/7/2018 3:23:41 PM,,True,2,,,,,,,
721497,9340-2018-02213,1,False,9340,5/1/2018 5:50:00 PM,1750,281,1368,4313,San Jose,43,True,True,C,REAR END,,Tuesday,NotApplicable,False,M,,False,True,False,Santa Clara Superior,C,OTHER MOTOR VEHICLE,,0,0,CLEAR,, NO UNUSUAL CONDITIONS,, ,A,DAYLIGHT,37.3286,-121.8745,,,,,A,NO PEDESTRIANS INVOLVED,5/1/2018 12:00:00 AM,A,22350,False,1.0,I-280 N/B,,,5/7/2018 3:10:04 PM,A,N,1000.0,10th St,F,,D,5/7/2018 3:10:58 PM,5/7/2018 3:10:58 PM,,True,2,,,,,,,
721491,9340-2018-02194,1,False,9340,5/1/2018 6:50:00 AM,650,281,1368,4313,San Jose,43,True,True,B,SIDE SWIPE,,Tuesday,NotApplicable,False,,,False,True,False,Santa Clara Superior,C,OTHER MOTOR VEHICLE,,0,0,CLEAR,, NO UNUSUAL CONDITIONS,, ,A,DAYLIGHT,37.19572,-121.51489,,,,,A,NO PEDESTRIANS INVOLVED,5/1/2018 12:00:00 AM,D,,,,I-280 N/B,,,5/7/2018 3:06:31 PM,A,S,3000.0,11TH ST.,F,,D,5/7/2018 3:07:00 PM,5/7/2018 3:07:00 PM,,True,2,,,,,,,
721473,9340-2018-02179,1,False,9340,4/30/2018 8:00:00 AM,800,901,1368,4313,San Jose,43,True,True,B,SIDE SWIPE,,Monday,NotApplicable,False,,,False,False,False,Santa Clara Superior,E,PARKED MOTOR VEHICLE,,0,0,CLEAR,, NO UNUSUAL CONDITIONS,, School Bus Collision,A,DAYLIGHT,37.2121,-121.5142,,,,,A,NO PEDESTRIANS INVOLVED,4/30/2018 12:00:00 AM,A,22107,False,1.0,SB 34TH STREET,,,5/7/2018 2:56:24 PM,A,S,100.0,McKee Rd,F,,D,5/7/2018 2:57:08 PM,5/7/2018 2:57:08 PM,True,,2,,,,,,,
721455,9340-2018-02206,1,False,9340,5/1/2018 4:55:00 PM,1655,110,1368,4313,San Jose,43,True,True,E,HIT OBJECT,,Tuesday,Yes,False,,,False,True,True,Santa Clara Superior,I,FIXED OBJECT,CONCRETE WALL,1,0,CLEAR,, NO UNUSUAL CONDITIONS,, ,A,DAYLIGHT,37.33806,-121.84923,,,,,A,NO PEDESTRIANS INVOLVED,5/1/2018 12:00:00 AM,A,22107,False,1.0,US-101 N/B (TO I-680 N/B),,,5/7/2018 2:46:40 PM,A,N,700.0,Story Rd,F,,D,5/7/2018 2:47:20 PM,5/7/2018 2:47:20 PM,,True,2,,,,,,,
721386,9340-2018-02202,1,False,9340,5/1/2018 12:05:00 PM,1205,681,1368,4313,San Jose,43,True,True,C,REAR END,,Tuesday,NotApplicable,False,,,False,True,False,Santa Clara Superior,C,OTHER MOTOR VEHICLE,,0,0,CLEAR,, CONSTRUCTION-REPAIR ZONE,NO UNUSUAL CONDITIONS, ,A,DAYLIGHT,37.353975,-121.837817,,,,,A,NO PEDESTRIANS INVOLVED,5/1/2018 12:00:00 AM,A,22350,False,1.0,I-680 N/B,,,5/7/2018 1:49:01 PM,A,S,865.0,Alum Rock Ave,F,REFER TO PG. #3,D,5/7/2018 1:53:13 PM,5/7/2018 1:53:13 PM,,True,2,,,,,,,
721380,9340-2018-02205,1,False,9340,5/1/2018 2:20:00 PM,1420,110,1368,4313,San Jose,43,True,True,B,SIDE SWIPE,,Tuesday,NotApplicable,False,,,False,True,True,Santa Clara Superior,C,OTHER MOTOR VEHICLE,,0,0,CLEAR,, NO UNUSUAL CONDITIONS,, ,A,DAYLIGHT,37.26699,-121.8018,,,,,A,NO PEDESTRIANS INVOLVED,5/1/2018 12:00:00 AM,A,22107,False,1.0,US-101 N/B,,,5/7/2018 1:48:29 PM,A,N,4000.0,Blossom Hill Rd,F,,D,5/7/2018 1:48:58 PM,5/7/2018 1:48:58 PM,,True,2,,,,,,,
721368,9340-2018-02195,1,False,9340,5/1/2018 6:35:00 AM,635,281,1368,4313,San Jose,43,True,True,E,HIT OBJECT,,Tuesday,Yes,False,,,False,True,True,Santa Clara Superior,I,FIXED OBJECT,CONCRETE WALL,1,0,CLOUDY,, NO UNUSUAL CONDITIONS,, ,A,DAYLIGHT,37.315,-121.90884,,,,,A,NO PEDESTRIANS INVOLVED,5/1/2018 12:00:00 AM,A,22107,False,1.0,I-280 S/B,,,5/7/2018 1:39:26 PM,A,S,600.0,Race St,F,,D,5/7/2018 1:40:06 PM,5/7/2018 1:40:06 PM,,True,2,,,,,,,
721357,9340-2018-02215,1,False,9340,5/1/2018 9:25:00 AM,925,281,1368,4313,San Jose,43,True,True,C,REAR END,,Tuesday,NotApplicable,False,,,False,True,False,Santa Clara Superior,C,OTHER MOTOR VEHICLE,,0,0,CLOUDY,, NO UNUSUAL CONDITIONS,, ,A,DAYLIGHT,37.31748,-121.93566,,,,,A,NO PEDESTRIANS INVOLVED,5/1/2018 12:00:00 AM,A,21703,False,1.0,I-280 Northbound,,,5/7/2018 1:32:54 PM,A,S,100.0,Macarthur Ave,F,,D,5/7/2018 1:33:22 PM,5/7/2018 1:33:22 PM,,True,2,,,,,,,
721355,9340-2018-02190,1,False,9340,4/30/2018 1:40:00 PM,1340,110,1368,4313,San Jose,43,True,True,C,REAR END,,Monday,NotApplicable,False,,,False,True,False,Santa Clara Superior,C,OTHER MOTOR VEHICLE,,0,0,CLEAR,, NO UNUSUAL CONDITIONS,, ,A,DAYLIGHT,37.325,-121.8375,,,,,A,NO PEDESTRIANS INVOLVED,4/30/2018 12:00:00 AM,A,22350,False,1.0,US101 N/B,,,5/7/2018 1:32:18 PM,A,N,2800.0,Tully Rd,F,,D,5/7/2018 1:32:48 PM,5/7/2018 1:32:48 PM,,True,2,,,,,,,
721347,9340-2018-02177,1,False,9340,4/30/2018 7:20:00 AM,720,070,1368,4313,San Jose,43,True,True,E,HIT OBJECT,,Monday,NotApplicable,False,,,False,False,True,Santa Clara Superior,I,FIXED OBJECT,raised concrete curb,0,0,CLEAR,, NO UNUSUAL CONDITIONS,, ,A,DAYLIGHT,37.185481,-121.56363,,,,,A,NO PEDESTRIANS INVOLVED,4/30/2018 12:00:00 AM,A,22350,False,1.0,VMC PARKING STRUCTRE,,,5/7/2018 1:28:56 PM,A,W,678.0,Bascom Ave,F,,D,5/7/2018 1:29:26 PM,5/7/2018 1:29:26 PM,True,,2,,,,,,,
721316,9340-2018-02167,1,False,9340,4/29/2018 8:00:00 PM,2000,110,1368,4313,San Jose,43,True,True,E,HIT OBJECT,,Sunday,NotApplicable,False,M,,False,True,False,Santa Clara Superior,J,OTHER OBJECT,DEBRIS,0,0,CLEAR,, NO UNUSUAL CONDITIONS,, ,D,DARK-NO STREET LIGHTS,37.362604,-121.886469,,,,,A,NO PEDESTRIANS INVOLVED,4/29/2018 12:00:00 AM,A,24002(a),False,1.0,US101 N/B,,,5/7/2018 1:12:09 PM,A,S,1000.0,Oakland Rd,F,,D,5/7/2018 1:12:44 PM,5/7/2018 1:12:44 PM,,True,2,,,,,,,
721271,9340-2018-02188,1,False,9340,4/30/2018 4:00:00 PM,1600,281,1368,4313,San Jose,43,True,True,C,REAR END,,Monday,NotApplicable,False,,,False,True,False,Santa Clara Superior,C,OTHER MOTOR VEHICLE,,0,0,CLEAR,, NO UNUSUAL CONDITIONS,, ,A,DAYLIGHT,37.908089,-121.09808,,,,,A,NO PEDESTRIANS INVOLVED,4/30/2018 12:00:00 AM,A,22350,False,1.0,I-280 N/B,,,5/7/2018 12:49:02 PM,A,S,650.0,11th St,F,,D,5/7/2018 12:49:30 PM,5/7/2018 12:49:30 PM,,True,2,,,,,,,
721268,9340-2018-02187,1,False,9340,4/30/2018 3:15:00 PM,1515,281,1368,4313,San Jose,43,True,True,C,REAR END,,Monday,NotApplicable,False,,,False,True,True,Santa Clara Superior,C,OTHER MOTOR VEHICLE,,0,0,CLEAR,, NO UNUSUAL CONDITIONS,, ,A,DAYLIGHT,37.980809,-121.089089,,,,,A,NO PEDESTRIANS INVOLVED,4/30/2018 12:00:00 AM,A,22350,False,1.0,I-280 N/B,,,5/7/2018 12:46:39 PM,A,S,700.0,11th St,F,,D,5/7/2018 12:47:10 PM,5/7/2018 12:47:10 PM,,True,2,,,,,,,
721255,9340-2018-02181,1,False,9340,4/30/2018 2:30:00 PM,1430,281,1368,4313,San Jose,43,True,True,C,REAR END,,Monday,NotApplicable,False,,,False,True,False,Santa Clara Superior,C,OTHER MOTOR VEHICLE,,0,0,CLEAR,, NO UNUSUAL CONDITIONS,, ,A,DAYLIGHT,37.989898,-121.909808,,,,,A,NO PEDESTRIANS INVOLVED,4/30/2018 12:00:00 AM,A,22350,False,1.0,I-280 S/B,,,5/7/2018 12:40:14 PM,A,N,750.0,Bird Ave,F,,D,5/7/2018 12:40:46 PM,5/7/2018 12:40:46 PM,,True,2,,,,,,,
721248,9340-2018-02191,1,False,9340,4/30/2018 4:10:00 PM,1610,110,1368,4313,San Jose,43,True,True,C,REAR END,,Monday,NotApplicable,False,,,False,True,True,Santa Clara Superior,C,OTHER MOTOR VEHICLE,,1,0,CLEAR,, NO UNUSUAL CONDITIONS,, ,A,DAYLIGHT,37.3248,-121.838,,,,,A,NO PEDESTRIANS INVOLVED,4/30/2018 12:00:00 AM,A,22350,False,1.0,US101 S/B,,,5/7/2018 12:38:12 PM,A,N,2900.0,Tully Rd,F,,D,5/7/2018 12:38:44 PM,5/7/2018 12:38:44 PM,,True,2,,,,,,,
721234,9340-2018-02180,1,False,9340,4/30/2018 4:05:00 PM,1605,681,1368,4313,San Jose,43,True,True,C,REAR END,,Monday,NotApplicable,False,,,False,True,False,Santa Clara Superior,C,OTHER MOTOR VEHICLE,,0,0,CLEAR,, NO UNUSUAL CONDITIONS,, ,A,DAYLIGHT,37.406,-121.8778,,,,,A,NO PEDESTRIANS INVOLVED,4/30/2018 12:00:00 AM,A,22350,False,1.0,I-680 S/B,,,5/7/2018 12:29:21 PM,A,N,2500.0,Capitol Ave,F,,D,5/7/2018 12:29:54 PM,5/7/2018 12:29:54 PM,,True,2,,,,,,,