Collision Id,	Report Number,	Report Version,	Is Preliminary,	NCIC Code,Crash Date Time,	Crash Time Description,	Beat,City Id,	City Code,	City Name,County Code,	City Is Active,	City Is Incorporated,	Collision Type Code,Collision Type Description,	Collision Type Other Desc,	Day Of Week,	DispatchNotified,	HasPhotographs,	HitRun,	IsAttachmentsMailed,	IsDeleted,	IsHighwayRelated,	IsTowAway,	JudicialDistrict,	MotorVehicleInvolvedWithCode,	MotorVehicleInvolvedWithDesc,MotorVehicleInvolvedWithOtherDesc,	NumberInjured,	NumberKilled,Weather 1, Weather 2, Road Condition 1, Road Condition 2, Special Condition,LightingCode, LightingDescription,Latitude,Longitude,MilepostDirection,MilepostDistance,MilepostMarker,MilepostUnitOfMeasure,	PedestrianActionCode,PedestrianActionDesc,PreparedDate,	Primary Collision Factor Code,Primary Collision Factor Violation,PrimaryCollisionFactorIsCited,	PrimaryCollisionPartyNumber,	PrimaryRoad,	ReportingDistrict,	ReportingDistrictCode,ReviewedDate,	RoadwaySurfaceCode,SecondaryDirection,	SecondaryDistance,	SecondaryRoad,	SecondaryUnitOfMeasure,	SketchDesc,	TrafficControlDeviceCode,CreatedDate,	ModifiedDate,IsCountyRoad,IsFreeway,CHP555Version,	IsAdditonalObjectStruck,NotificationDate,	NotificationTimeDescription,	HasDigitalMediaFiles,	EvidenceNumber,	IsLocationReferToNarrative,	IsAOIOneSameAsLocation
746397,9340-2018-02893,1,False,9340,6/8/2018 10:10:00 AM,1010,110,1368,4313,San Jose,43,True,True,C,REAR END,,Friday,NotApplicable,False,,,False,True,False,Santa Clara Superior,C,OTHER MOTOR VEHICLE,,1,0,CLEAR,, NO UNUSUAL CONDITIONS,, ,A,DAYLIGHT,37.362651,-121.886926,,,,,A,NO PEDESTRIANS INVOLVED,6/8/2018 12:00:00 AM,A,22350 VC,False,1.0,US-101 NORTHBOUND,,,6/12/2018 11:48:10 AM,A,N,200.0,HEDDING STREET,F,,D,6/12/2018 11:48:43 AM,6/12/2018 11:48:43 AM,,True,2,,,,,,,
746392,9340-2018-02902,1,False,9340,6/8/2018 9:05:00 AM,905,083,1368,4313,San Jose,43,True,True,C,REAR END,,Friday,NotApplicable,False,,,False,True,True,Santa Clara Superior,C,OTHER MOTOR VEHICLE,,1,0,CLEAR,, NO UNUSUAL CONDITIONS,, ,A,DAYLIGHT,37.15545,-121.543076,,,,,A,NO PEDESTRIANS INVOLVED,6/8/2018 12:00:00 AM,A,22350,False,1.0,SR-85 N/B,,,6/12/2018 11:45:07 AM,A,S,200.0,Camden Ave,F,,D,6/12/2018 11:45:42 AM,6/12/2018 11:45:42 AM,,True,2,,,,,,,
746382,9340-2018-02922,1,False,9340,6/8/2018 9:53:00 PM,2153,120,1368,4313,San Jose,43,True,True,B,SIDE SWIPE,,Friday,NotApplicable,False,,,False,True,False,Santa Clara Superior,C,OTHER MOTOR VEHICLE,,0,0,CLEAR,, NO UNUSUAL CONDITIONS,, ,D,DARK-NO STREET LIGHTS,37.363948,-121.901561,,,,,A,NO PEDESTRIANS INVOLVED,6/8/2018 12:00:00 AM,A,21658(a),False,1.0,US101 S/B,,,6/12/2018 11:35:33 AM,A,S,50.0,I-880,F,,D,6/12/2018 11:36:02 AM,6/12/2018 11:36:02 AM,,True,2,,,,,,,
746234,9340-2018-02876,1,False,9340,6/7/2018 7:00:00 AM,700,110,1368,4313,San Jose,43,True,True,C,REAR END,,Thursday,NotApplicable,False,M,,False,True,True,Santa Clara Superior,C,OTHER MOTOR VEHICLE,,0,0,CLEAR,, NO UNUSUAL CONDITIONS,, ,A,DAYLIGHT,37.317767,-121.832764,,,,,A,NO PEDESTRIANS INVOLVED,6/7/2018 12:00:00 AM,A,22350,False,1.0,US101 S/B TO TULLY ROAD,,,6/12/2018 10:15:06 AM,A,N,15.0,Tully Rd,F,,A,6/12/2018 10:16:01 AM,6/12/2018 10:16:01 AM,,True,2,,,,,,,
746194,9340-2018-02882,1,False,9340,6/7/2018 4:45:00 PM,1645,083,1368,4313,San Jose,43,True,True,C,REAR END,,Thursday,NotApplicable,False,,,False,True,False,Santa Clara Superior,C,OTHER MOTOR VEHICLE,,1,0,CLEAR,, NO UNUSUAL CONDITIONS,, ,A,DAYLIGHT,37.2512,-121.9334,,,,,A,NO PEDESTRIANS INVOLVED,6/7/2018 12:00:00 AM,A,22350,False,1.0,SR-85 SOUTHBOUND,,,6/12/2018 9:56:09 AM,A,N,250.0,Union Ave,F,,D,6/12/2018 9:57:01 AM,6/12/2018 9:57:01 AM,,True,2,,,,,,,
746151,9340-2018-02775,1,False,9340,6/1/2018 3:10:00 PM,1510,681,1368,4313,San Jose,43,True,True,E,HIT OBJECT,,Friday,NotApplicable,False,,,False,True,False,Santa Clara Superior,J,OTHER OBJECT,UNKNOWN OBJECTS,0,0,CLEAR,, NO UNUSUAL CONDITIONS,, ,A,DAYLIGHT,37.363042,-121.842788,,,,,A,NO PEDESTRIANS INVOLVED,6/1/2018 12:00:00 AM,A,23114(a),False,1.0,I-680 N/B,,,6/12/2018 9:31:53 AM,A,S,700.0,McKee Rd,F,,D,6/12/2018 9:32:46 AM,6/12/2018 9:32:46 AM,,True,2,,,,,,,
746146,9340-2018-02878,1,False,9340,6/7/2018 8:50:00 AM,850,120,1368,4313,San Jose,43,True,True,C,REAR END,,Thursday,NotApplicable,False,,,False,True,False,Santa Clara Superior,C,OTHER MOTOR VEHICLE,,0,0,CLEAR,, NO UNUSUAL CONDITIONS,, ,A,DAYLIGHT,37.377997,-121.948767,,,,,A,NO PEDESTRIANS INVOLVED,6/7/2018 12:00:00 AM,A,22350 VC,False,1.0,US-101 SOUTHBOUND,,,6/12/2018 9:30:17 AM,A,N,100.0,LAFAYETTE STREET,F,,D,6/12/2018 9:31:13 AM,6/12/2018 9:31:13 AM,,True,2,,,,,,,
746137,9340-2018-02873,1,False,9340,6/7/2018 4:45:00 AM,445,172,1368,4313,San Jose,43,True,True,B,SIDE SWIPE,,Thursday,NotApplicable,False,M,,False,True,False,Santa Clara Superior,C,OTHER MOTOR VEHICLE,,0,0,CLOUDY,, NO UNUSUAL CONDITIONS,, ,B,DUSK-DAWN,37.317384,-121.94049,,,,,A,NO PEDESTRIANS INVOLVED,6/7/2018 12:00:00 AM,A,21658(a),False,1.0,SR-17 S/B FROM STEVENS CREEK BLVD.,,,6/12/2018 9:23:31 AM,A,S,2000.0,Stevens Creek Blvd,F,,D,6/12/2018 9:24:34 AM,6/12/2018 9:24:34 AM,,True,2,,,,,,,
746009,9340-2018-02860,1,False,9340,6/6/2018 5:20:00 AM,520,110,1368,4313,San Jose,43,True,True,F,OVERTURNED,,Wednesday,Yes,False,M,,False,True,True,Santa Clara Superior,A,NON-COLLISION,,1,0,CLEAR,, NO UNUSUAL CONDITIONS,, ,B,DUSK-DAWN,37.322547,-121.835333,,,,,A,NO PEDESTRIANS INVOLVED,6/6/2018 12:00:00 AM,A,21658(a),False,2.0,US101 N/B,,,6/12/2018 8:14:54 AM,A,N,1700.0,TULLY RD.,F,,D,6/12/2018 8:15:56 AM,6/12/2018 8:15:56 AM,,True,2,,,,,,,
745988,9340-2018-02850,1,False,9340,6/5/2018 2:15:00 PM,1415,120,1368,4313,San Jose,43,True,True,C,REAR END,,Tuesday,NotApplicable,False,,,False,True,False,Santa Clara Superior,C,OTHER MOTOR VEHICLE,,0,0,CLEAR,, NO UNUSUAL CONDITIONS,, ,A,DAYLIGHT,37.377716,-121.9475,,,,,A,NO PEDESTRIANS INVOLVED,6/5/2018 12:00:00 AM,A,22350,False,1.0,US101 S/B,,,6/12/2018 7:54:52 AM,A,N,1000.0,De la Cruz Blvd,F,,D,6/12/2018 7:56:26 AM,6/12/2018 7:56:26 AM,,True,2,,,,,,,
745971,9340-2018-02844,1,False,9340,6/5/2018 4:20:00 PM,1620,281,1368,4313,San Jose,43,True,True,C,REAR END,,Tuesday,NotApplicable,False,,,False,True,False,Santa Clara Superior,C,OTHER MOTOR VEHICLE,,0,0,CLEAR,, NO UNUSUAL CONDITIONS,, ,A,DAYLIGHT,37.326641,-121.881642,,,,,A,NO PEDESTRIANS INVOLVED,6/5/2018 12:00:00 AM,A,22350,False,1.0,I-280 S/B,,,6/12/2018 7:42:19 AM,A,N,800.0,7TH STREET,F,,D,6/12/2018 7:43:44 AM,6/12/2018 7:43:44 AM,,True,2,,,,,,,
745953,9340-2018-02851,1,False,9340,6/5/2018 5:05:00 PM,1705,281,1368,4313,San Jose,43,True,True,B,SIDE SWIPE,,Tuesday,NotApplicable,False,M,,False,True,False,Santa Clara Superior,C,OTHER MOTOR VEHICLE,,0,0,CLEAR,, NO UNUSUAL CONDITIONS,, ,A,DAYLIGHT,37.330416,-121.866561,,,,,A,NO PEDESTRIANS INVOLVED,6/5/2018 12:00:00 AM,A,21658(a),False,2.0,INTERSTATE 280 SOUTHBOUND,,,6/12/2018 7:31:58 AM,A,S,0.2,S. 11TH STREET U/C,M,,D,6/12/2018 7:32:58 AM,6/12/2018 7:32:58 AM,,True,2,,,,,,,
745947,9340-2018-02833,1,False,9340,6/5/2018 9:10:00 AM,910,240,1368,4313,San Jose,43,True,True,C,REAR END,,Tuesday,Yes,False,,,False,True,True,Santa Clara Superior,C,OTHER MOTOR VEHICLE,,1,0,CLEAR,, NO UNUSUAL CONDITIONS,, ,A,DAYLIGHT,37.4194,-121.95102,,,,,A,NO PEDESTRIANS INVOLVED,6/5/2018 12:00:00 AM,A,22350,False,1.0,SR-237 W/B,,,6/12/2018 7:27:22 AM,A,E,2640.0,N. First St.,F,,D,6/12/2018 7:28:24 AM,6/12/2018 7:28:24 AM,,True,2,,,,,,,
745906,9340-2018-02772,1,False,9340,6/1/2018 3:30:00 PM,1530,901,1368,4313,San Jose,43,True,True,B,SIDE SWIPE,,Friday,NotApplicable,False,,,False,False,False,Santa Clara Superior,C,OTHER MOTOR VEHICLE,,0,0,CLEAR,, NO UNUSUAL CONDITIONS,, School Bus Collision,A,DAYLIGHT,37.319,-121.8307,,,,,A,NO PEDESTRIANS INVOLVED,6/1/2018 12:00:00 AM,A,21658(a),False,1.0,Tully Rd E/B,,,6/12/2018 6:38:06 AM,A,W,1400.0,Alvin Ave,F,,D,6/12/2018 6:38:53 AM,6/12/2018 6:38:53 AM,True,,2,,,,,,,
745893,9340-2018-02756,1,False,9340,5/31/2018 9:45:00 PM,2145,110,1368,4313,San Jose,43,True,True,E,HIT OBJECT,,Thursday,Yes,False,,,False,True,True,Santa Clara Superior,I,FIXED OBJECT,METAL GUARD RAIL,0,0,CLEAR,, NO UNUSUAL CONDITIONS,, ,D,DARK-NO STREET LIGHTS,37.1928,-121.4947,,,,,A,NO PEDESTRIANS INVOLVED,5/31/2018 12:00:00 AM,A,23152(a),True,1.0,US101 N/B TO TULLY ROAD,,,6/12/2018 6:14:55 AM,A,S,500.0,Tully Rd,F,,D,6/12/2018 6:15:39 AM,6/12/2018 6:15:39 AM,,True,2,,,,,,,
745892,9340-2018-02741,1,False,9340,5/31/2018 8:30:00 AM,830,110,1368,4313,San Jose,43,True,True,C,REAR END,,Thursday,NotApplicable,False,M,,False,True,False,Santa Clara Superior,C,OTHER MOTOR VEHICLE,,0,0,CLEAR,, NO UNUSUAL CONDITIONS,, ,A,DAYLIGHT,37.362702,-121.887448,,,,,A,NO PEDESTRIANS INVOLVED,5/31/2018 12:00:00 AM,A,22350 VC,False,1.0,US-101 NORTHBOUND,,,6/12/2018 6:12:46 AM,A,N,300.0,HEDDING STREET,F,,D,6/12/2018 6:13:27 AM,6/12/2018 6:13:27 AM,,True,2,,,,,,,
745890,9340-2018-02795,1,False,9340,6/3/2018 9:50:00 AM,950,681,1368,4313,San Jose,43,True,True,B,SIDE SWIPE,,Sunday,NotApplicable,False,M,,False,True,False,Santa Clara Superior,C,OTHER MOTOR VEHICLE,,0,0,CLEAR,, NO UNUSUAL CONDITIONS,, ,A,DAYLIGHT,37.3602,-121.842,,,,,A,NO PEDESTRIANS INVOLVED,6/3/2018 12:00:00 AM,A,21658(a),False,1.0, I-680 S/B FROM ALUM ROCK AVE. ,,,6/12/2018 6:07:40 AM,A,S,200.0,ALUM ROCK AVE.,F,,D,6/12/2018 6:08:37 AM,6/12/2018 6:08:37 AM,,True,2,,,,,,,
745428,9340-2018-02843,1,False,9340,6/5/2018 2:15:00 PM,1415,681,1368,4313,San Jose,43,True,True,F,OVERTURNED,,Tuesday,NotApplicable,False,,,False,True,True,Santa Clara Superior,J,OTHER OBJECT,ASPHALT CURB,0,0,CLEAR,, NO UNUSUAL CONDITIONS,, ,A,DAYLIGHT,37.344167,-121.844532,,,,,A,NO PEDESTRIANS INVOLVED,6/5/2018 12:00:00 AM,A,22107,False,1.0,I-680 N/B,,,6/11/2018 12:55:56 PM,A,S,800.0,Jackson Ave,F,,D,6/11/2018 12:56:27 PM,6/11/2018 12:56:27 PM,,True,2,,,,,,,
745402,9340-2018-02816,1,False,9340,6/4/2018 9:30:00 AM,930,120,1368,4313,San Jose,43,True,True,B,SIDE SWIPE,,Monday,NotApplicable,False,,,False,True,False,Santa Clara Superior,C,OTHER MOTOR VEHICLE,,0,0,CLEAR,, NO UNUSUAL CONDITIONS,, ,A,DAYLIGHT,37.224836,-121.572487,,,,,A,NO PEDESTRIANS INVOLVED,6/4/2018 12:00:00 AM,A,21658(a),False,1.0,US101 N/B,,,6/11/2018 12:38:45 PM,A,S,2100.0,Montague Expy,F,,D,6/11/2018 12:39:15 PM,6/11/2018 12:39:15 PM,,True,2,,,,,,,
745354,9340-2018-02826,1,False,9340,6/4/2018 6:30:00 PM,1830,087,1368,4313,San Jose,43,True,True,B,SIDE SWIPE,,Monday,NotApplicable,False,M,,False,True,False,Santa Clara Superior,C,OTHER MOTOR VEHICLE,,0,0,CLEAR,, NO UNUSUAL CONDITIONS,, ,A,DAYLIGHT,37.287471,-121.869892,,,,,A,NO PEDESTRIANS INVOLVED,6/4/2018 12:00:00 AM,A,22107,False,1.0,SR-87 S/B,,,6/11/2018 12:04:42 PM,A,S,2500.0,Curtner Ave,F,,D,6/11/2018 12:05:16 PM,6/11/2018 12:05:16 PM,,True,2,,,,,,,
745334,9340-2018-02798,1,False,9340,6/3/2018 3:20:00 PM,1520,281,1368,4313,San Jose,43,True,True,E,HIT OBJECT,,Sunday,NotApplicable,False,,,False,True,True,Santa Clara Superior,I,FIXED OBJECT,UNKNOWN OBJECT,0,0,CLEAR,, NO UNUSUAL CONDITIONS,, ,A,DAYLIGHT,37.329833,-121.867573,,,,,A,NO PEDESTRIANS INVOLVED,6/3/2018 12:00:00 AM,A,22350,False,1.0,I-280 N/B,,,6/11/2018 11:51:17 AM,A,N,700.0,McLaughlin Ave,F,,D,6/11/2018 11:51:51 AM,6/11/2018 11:51:51 AM,,True,2,,,,,,,
745316,9340-2018-02693,1,False,9340,5/27/2018 12:30:00 AM,30,088,1368,4313,San Jose,43,True,True,E,HIT OBJECT,,Sunday,Yes,False,,,False,True,True,Santa Clara Superior,I,FIXED OBJECT,FREEWAY SIGN ,1,0,CLEAR,, NO UNUSUAL CONDITIONS,, ,D,DARK-NO STREET LIGHTS,37.33765,-121.93697,,,,,A,NO PEDESTRIANS INVOLVED,5/27/2018 12:00:00 AM,A,23152(a),True,1.0,I-880 N/B,,,6/11/2018 11:36:40 AM,A,S,240.0,Bascom Ave,F,,D,6/11/2018 11:37:25 AM,6/11/2018 11:37:25 AM,,True,2,,,,,,,
745178,9340-2018-02781,1,False,9340,6/2/2018 1:35:00 PM,1335,681,1368,4313,San Jose,43,True,True,B,SIDE SWIPE,,Saturday,NotApplicable,False,M,,False,True,True,Santa Clara Superior,C,OTHER MOTOR VEHICLE,,0,0,CLEAR,, NO UNUSUAL CONDITIONS,, ,A,DAYLIGHT,37.3629,-121.843,,,,,A,NO PEDESTRIANS INVOLVED,6/2/2018 12:00:00 AM,A,21658(a),False,,I-680 S/B,,,6/11/2018 10:19:41 AM,A,S,1350.0,Alum Rock Ave,F,,D,6/11/2018 10:20:18 AM,6/11/2018 10:20:18 AM,,True,2,,,,,,,
745110,9340-2018-02792,1,False,9340,6/2/2018 3:20:00 PM,1520,120,1368,4313,San Jose,43,True,True,B,SIDE SWIPE,,Saturday,NotApplicable,False,M,,False,True,False,Santa Clara Superior,C,OTHER MOTOR VEHICLE,,0,0,CLEAR,, NO UNUSUAL CONDITIONS,, ,A,DAYLIGHT,37.363173,-121.892254,,,,,A,NO PEDESTRIANS INVOLVED,6/2/2018 12:00:00 AM,A,22107,False,1.0,US101 N/B,,,6/11/2018 9:40:18 AM,A,N,1000.0,Oakland Rd,F,,D,6/11/2018 9:40:49 AM,6/11/2018 9:40:49 AM,,True,2,,,,,,,
745001,9340-2018-02793,1,False,9340,6/2/2018 1:55:00 PM,1355,083,1368,4313,San Jose,43,True,True,B,SIDE SWIPE,,Saturday,NotApplicable,False,,,False,True,False,Santa Clara Superior,C,OTHER MOTOR VEHICLE,,0,0,CLEAR,, NO UNUSUAL CONDITIONS,, ,A,DAYLIGHT,37.241789,-121.804044,,,,,A,NO PEDESTRIANS INVOLVED,6/2/2018 12:00:00 AM,A,22107,False,1.0,SR-85 S/B (TO COTTLE RD.),,,6/11/2018 8:35:16 AM,A,N,3.0,Cottle Rd,F,,D,6/11/2018 8:35:56 AM,6/11/2018 8:35:56 AM,,True,2,,,,,,,
744985,9340-2018-02760,1,False,9340,6/1/2018 7:43:00 AM,743,281,1368,4313,San Jose,43,True,True,C,REAR END,,Friday,NotApplicable,False,M,,False,True,False,Santa Clara Superior,C,OTHER MOTOR VEHICLE,,0,0,CLEAR,, NO UNUSUAL CONDITIONS,, ,A,DAYLIGHT,37.3251,-121.8865,,,,,A,NO PEDESTRIANS INVOLVED,6/1/2018 12:00:00 AM,A,22350,False,2.0,I-280 N/B,,,6/11/2018 8:20:03 AM,A,S,0.3,SR-87 N/B,M,,D,6/11/2018 8:20:40 AM,6/11/2018 8:20:40 AM,,True,2,,,,,,,
744966,9725-2018-00849,2,False,9725,6/3/2018 3:30:00 PM,1530,015,1368,4313,San Jose,43,True,True,B,SIDE SWIPE,,Sunday,Yes,False,,,False,True,True,Santa Clara Superior,C,OTHER MOTOR VEHICLE,,3,0,CLEAR,, NO UNUSUAL CONDITIONS,, ,A,DAYLIGHT,37.2322,-121.7525,,,,,A,NO PEDESTRIANS INVOLVED,6/3/2018 12:00:00 AM,A,22107,False,1.0,US 101 S/B,,,6/19/2018 12:08:17 PM,A,N,800.0,Metcalf Rd,F,,D,6/11/2018 8:01:39 AM,6/19/2018 12:08:34 PM,,True,2,,,,,,,
744904,9340-2018-02806,1,False,9340,6/3/2018 11:34:00 PM,2334,681,1368,4313,San Jose,43,True,True,C,REAR END,,Sunday,NotApplicable,False,,,False,True,False,Santa Clara Superior,C,OTHER MOTOR VEHICLE,,0,0,CLEAR,, NO UNUSUAL CONDITIONS,, ,D,DARK-NO STREET LIGHTS,37.344787,-121.844779,,,,,A,NO PEDESTRIANS INVOLVED,6/3/2018 12:00:00 AM,A,22350,False,1.0,I-680 S/B,,,6/11/2018 7:00:50 AM,A,N,671.0,US101,F,,D,6/11/2018 7:01:20 AM,6/11/2018 7:01:20 AM,,True,2,,,,,,,
744895,9340-2018-02803,2,False,9340,6/1/2018 9:15:00 PM,2115,110,1368,4313,San Jose,43,True,True,B,SIDE SWIPE,,Friday,NotApplicable,False,M,,False,True,True,Santa Clara Superior,C,OTHER MOTOR VEHICLE,,0,0,CLEAR,, NO UNUSUAL CONDITIONS,, ,A,DAYLIGHT,37.40977,-121.85438,,,,,A,NO PEDESTRIANS INVOLVED,6/1/2018 12:00:00 AM,A,23152(a),True,1.0,US-101 S/B TO I-280 N/B,,,6/18/2018 6:03:48 AM,A,S,1600.0,MCLAUGHLIN AVENUE,F,,D,6/11/2018 6:54:59 AM,6/18/2018 6:03:52 AM,,True,2,,,,,,,
744866,9340-2018-02790,1,False,9340,6/1/2018 3:20:00 PM,1520,282,1368,4313,San Jose,43,True,True,C,REAR END,,Friday,NotApplicable,False,,,False,True,False,Santa Clara Superior,C,OTHER MOTOR VEHICLE,,0,0,CLEAR,, NO UNUSUAL CONDITIONS,, ,A,DAYLIGHT,37.332546,-122.018531,,,,,A,NO PEDESTRIANS INVOLVED,6/1/2018 12:00:00 AM,A,22350,False,1.0,I-280 S/B,,,6/11/2018 6:20:35 AM,A,N,1000.0,Wolfe Rd,F,,D,6/11/2018 6:21:10 AM,6/11/2018 6:21:10 AM,,True,2,,,,,,,
744848,9340-2018-02914,1,False,9340,6/1/2018 7:50:00 AM,750,083,1368,4313,San Jose,43,True,True,C,REAR END,,Friday,NotApplicable,False,M,,False,True,False,Santa Clara Superior,C,OTHER MOTOR VEHICLE,,0,0,CLEAR,, NO UNUSUAL CONDITIONS,, Late-Reported,A,DAYLIGHT,37.151534,-121.565852,,,,,A,NO PEDESTRIANS INVOLVED,6/1/2018 12:00:00 AM,A,22350,False,1.0,SR-85 N/B,,,6/11/2018 5:51:18 AM,A,S,500.0,Bascom Ave,F,,D,6/11/2018 5:53:40 AM,6/11/2018 5:53:40 AM,,True,2,,,,,,,
744841,9340-2018-02750,1,False,9340,5/31/2018 2:00:00 PM,1400,281,1368,4313,San Jose,43,True,True,C,REAR END,,Thursday,NotApplicable,False,,,False,True,False,Santa Clara Superior,A,NON-COLLISION,,0,0,CLEAR,, NO UNUSUAL CONDITIONS,, ,A,DAYLIGHT,37.3209,-121.9001,,,,,A,NO PEDESTRIANS INVOLVED,5/31/2018 12:00:00 AM,D,,,,I-280 S/B,,,6/11/2018 5:38:12 AM,A,N,700.0,Bird Ave,F,,D,6/11/2018 5:38:52 AM,6/11/2018 5:38:52 AM,,True,2,,,,,,,
744211,9725-2018-00848,1,False,9725,6/2/2018 3:00:00 PM,1500,013,1368,4313,San Jose,43,True,True,B,SIDE SWIPE,,Saturday,NotApplicable,False,M,,False,False,False,San Jose Superior,C,OTHER MOTOR VEHICLE,,0,0,CLEAR,, NO UNUSUAL CONDITIONS,, ,A,DAYLIGHT,37.1877,-121.688694,,,,,A,NO PEDESTRIANS INVOLVED,6/2/2018 12:00:00 AM,A,22107,False,1.0,US-101 N/B,,,6/8/2018 12:29:01 PM,A,,,COYOTE CREEK GOLF DR,,,D,6/8/2018 12:29:35 PM,6/8/2018 12:29:35 PM,True,,2,,,,,,,
744196,9340-2018-02597,1,False,9340,5/22/2018 9:00:00 AM,900,281,1368,4313,San Jose,43,True,True,C,REAR END,,Tuesday,NotApplicable,False,,,False,True,True,Santa Clara Superior,C,OTHER MOTOR VEHICLE,,1,0,CLOUDY,, NO UNUSUAL CONDITIONS,, ,A,DAYLIGHT,37.193234,-121.53312,,,,,A,NO PEDESTRIANS INVOLVED,5/22/2018 12:00:00 AM,A,22350,False,1.0,I-280 S/B TO SR-87,,,6/8/2018 12:18:29 PM,A,S,130.0,Sr 87,F,,D,6/8/2018 12:19:06 PM,6/8/2018 12:19:06 PM,,True,2,,,,,,,
744112,9340-2018-02879,1,False,9340,6/7/2018 12:45:00 PM,1245,083,1368,4313,San Jose,43,True,True,C,REAR END,,Thursday,NotApplicable,False,,,False,True,True,Santa Clara Superior,C,OTHER MOTOR VEHICLE,,1,0,CLEAR,, NO UNUSUAL CONDITIONS,, ,A,DAYLIGHT,37.255231,-121.87777,,,,,A,NO PEDESTRIANS INVOLVED,6/7/2018 12:00:00 AM,A,22350VC,False,1.0,SR-85 N/B,,,6/8/2018 10:57:15 AM,A,S,1355.0,Almaden Expy,F,REFER TO PG. #4,D,6/8/2018 10:57:45 AM,6/8/2018 10:57:45 AM,,True,2,,,,,,,
744079,9340-2018-02877,1,False,9340,6/7/2018 9:00:00 AM,900,120,1368,4313,San Jose,43,True,True,C,REAR END,,Thursday,NotApplicable,False,,,False,True,False,Santa Clara Superior,C,OTHER MOTOR VEHICLE,,0,0,CLEAR,, NO UNUSUAL CONDITIONS,, ,A,DAYLIGHT,37.372987,-121.92415,,,,,A,NO PEDESTRIANS INVOLVED,6/7/2018 12:00:00 AM,A,22350 VC,False,1.0,US-101 NORTHBOUND,,,6/8/2018 10:21:58 AM,A,S,200.0,STATE ROUTE 87,F,,D,6/8/2018 10:22:28 AM,6/8/2018 10:22:28 AM,,True,2,,,,,,,
744072,9340-2018-02881,1,False,9340,6/7/2018 5:55:00 AM,555,089,1368,4313,San Jose,43,True,True,E,HIT OBJECT,,Thursday,NotApplicable,False,,,False,True,True,Santa Clara Superior,I,FIXED OBJECT,concrete wall,1,0,CLEAR,, NO UNUSUAL CONDITIONS,, ,A,DAYLIGHT,37.39071,-121.90633,,,,,A,NO PEDESTRIANS INVOLVED,6/7/2018 12:00:00 AM,A,22107,False,1.0,I-880 N/B,,,6/8/2018 10:18:04 AM,A,N,3168.0,Brokaw Rd,F,,D,6/8/2018 10:18:40 AM,6/8/2018 10:18:40 AM,,True,2,,,,,,,
744064,9340-2018-02715,1,False,9340,5/29/2018 11:15:00 AM,1115,281,1368,4313,San Jose,43,True,True,B,SIDE SWIPE,,Tuesday,Yes,False,,,False,True,True,Santa Clara Superior,C,OTHER MOTOR VEHICLE,,2,0,CLEAR,, NO UNUSUAL CONDITIONS,, ,A,DAYLIGHT,37.3246,-121.8893,,,,,A,NO PEDESTRIANS INVOLVED,5/29/2018 12:00:00 AM,A,21658(a),True,1.0,I-280 N/B,,,6/8/2018 10:12:18 AM,A,S,750.0,SR-87,F,,D,6/8/2018 10:13:24 AM,6/8/2018 10:13:24 AM,,True,2,,,,,,,
744050,9340-2018-00783,1,False,9340,2/12/2018 3:45:00 PM,1545,083,1368,4313,San Jose,43,True,True,B,SIDE SWIPE,,Monday,NotApplicable,False,,,False,True,False,Santa Clara Superior,C,OTHER MOTOR VEHICLE,,0,0,CLEAR,, NO UNUSUAL CONDITIONS,, ,A,DAYLIGHT,37.254497,-121.845183,,,,,A,NO PEDESTRIANS INVOLVED,2/12/2018 12:00:00 AM,A,22107,False,,SR-85 S/B,,,6/8/2018 9:58:17 AM,A,N,0.5,Blossom Hill Rd,M,,D,6/8/2018 9:58:49 AM,6/8/2018 9:58:49 AM,,True,2,,,,,,,
744044,9340-2018-02864,1,False,9340,6/6/2018 3:45:00 PM,1545,088,1368,4313,San Jose,43,True,True,C,REAR END,,Wednesday,NotApplicable,False,,,False,True,True,Santa Clara Superior,C,OTHER MOTOR VEHICLE,,0,0,CLEAR,, NO UNUSUAL CONDITIONS,, ,A,DAYLIGHT,37.33338,-121.93718,,,,,A,NO PEDESTRIANS INVOLVED,6/6/2018 12:00:00 AM,A,22350,False,1.0,I-880 N/B,,,6/8/2018 9:54:18 AM,A,S,252.0,Bascom Ave,F,,D,6/8/2018 9:56:04 AM,6/8/2018 9:56:04 AM,,True,2,,,,,,,
743986,9340-2018-02862,1,False,9340,6/6/2018 9:30:00 AM,930,281,1368,4313,San Jose,43,True,True,C,REAR END,,Wednesday,NotApplicable,False,,,False,True,False,Santa Clara Superior,C,OTHER MOTOR VEHICLE,,0,0,CLEAR,, NO UNUSUAL CONDITIONS,, ,A,DAYLIGHT,37.1906,-121.554278,,,,,A,NO PEDESTRIANS INVOLVED,6/6/2018 12:00:00 AM,A,22350,False,1.0,I-280 N/B,,,6/8/2018 9:05:25 AM,A,S,900.0,Bascom Ave,F,,D,6/8/2018 9:06:02 AM,6/8/2018 9:06:02 AM,,True,2,,,,,,,