Collision Id,	Report Number,	Report Version,	Is Preliminary,	NCIC Code,Crash Date Time,	Crash Time Description,	Beat,City Id,	City Code,	City Name,County Code,	City Is Active,	City Is Incorporated,	Collision Type Code,Collision Type Description,	Collision Type Other Desc,	Day Of Week,	DispatchNotified,	HasPhotographs,	HitRun,	IsAttachmentsMailed,	IsDeleted,	IsHighwayRelated,	IsTowAway,	JudicialDistrict,	MotorVehicleInvolvedWithCode,	MotorVehicleInvolvedWithDesc,MotorVehicleInvolvedWithOtherDesc,	NumberInjured,	NumberKilled,Weather 1, Weather 2, Road Condition 1, Road Condition 2, Special Condition,LightingCode, LightingDescription,Latitude,Longitude,MilepostDirection,MilepostDistance,MilepostMarker,MilepostUnitOfMeasure,	PedestrianActionCode,PedestrianActionDesc,PreparedDate,	Primary Collision Factor Code,Primary Collision Factor Violation,PrimaryCollisionFactorIsCited,	PrimaryCollisionPartyNumber,	PrimaryRoad,	ReportingDistrict,	ReportingDistrictCode,ReviewedDate,	RoadwaySurfaceCode,SecondaryDirection,	SecondaryDistance,	SecondaryRoad,	SecondaryUnitOfMeasure,	SketchDesc,	TrafficControlDeviceCode,CreatedDate,	ModifiedDate,IsCountyRoad,IsFreeway,CHP555Version,	IsAdditonalObjectStruck,NotificationDate,	NotificationTimeDescription,	HasDigitalMediaFiles,	EvidenceNumber,	IsLocationReferToNarrative,	IsAOIOneSameAsLocation
765860,9340-2018-03393,1,False,9340,7/5/2018 4:22:00 PM,1622,230,1368,4313,San Jose,43,True,True,C,REAR END,,Thursday,NotApplicable,False,,,False,True,True,Santa Clara Superior,C,OTHER MOTOR VEHICLE,,0,0,CLEAR,, NO UNUSUAL CONDITIONS,, ,A,DAYLIGHT,37.417094,-121.973884,,,,,A,NO PEDESTRIANS INVOLVED,7/5/2018 12:00:00 AM,A,22350,False,1.0,SR-237 E/B,,,7/10/2018 7:12:16 AM,A,E,500.0,Great America Pky,F,,D,7/10/2018 7:12:51 AM,7/10/2018 7:12:51 AM,,True,2,,,,,,,
765849,9340-2018-03375,1,False,9340,7/4/2018 5:10:00 PM,1710,083,1368,4313,San Jose,43,True,True,B,SIDE SWIPE,,Wednesday,NotApplicable,False,,,False,True,False,Santa Clara Superior,C,OTHER MOTOR VEHICLE,,0,0,CLEAR,, NO UNUSUAL CONDITIONS,, ,A,DAYLIGHT,37.25103,-121.83322,,,,,A,NO PEDESTRIANS INVOLVED,7/4/2018 12:00:00 AM,A,21658(a),False,1.0,SR-85 N/B,,,7/10/2018 6:55:39 AM,A,N,1000.0,Cottle Rd,F,,D,7/10/2018 6:56:12 AM,7/10/2018 6:56:12 AM,,True,2,,,,,,,
765825,9340-2018-03340,1,False,9340,7/1/2018 7:00:00 PM,1900,281,1368,4313,San Jose,43,True,True,B,SIDE SWIPE,,Sunday,NotApplicable,False,,,False,True,False,Santa Clara Superior,C,OTHER MOTOR VEHICLE,,0,0,CLEAR,, NO UNUSUAL CONDITIONS,, ,A,DAYLIGHT,37.32633,-121.88268,,,,,A,NO PEDESTRIANS INVOLVED,7/1/2018 12:00:00 AM,A,21658(a),False,2.0,I-280 S/B,,,7/10/2018 6:26:44 AM,A,N,700.0,11th St,F,,D,7/10/2018 6:27:21 AM,7/10/2018 6:27:21 AM,,True,2,,,,,,,
765728,9340-2018-03355,2,False,9340,7/1/2018 1:00:00 PM,1300,110,1368,4313,San Jose,43,True,True,E,HIT OBJECT,,Sunday,Yes,False,,,False,True,True,Santa Clara Superior,I,FIXED OBJECT,CONCRETE WALL,1,0,CLEAR,, NO UNUSUAL CONDITIONS,, ,A,DAYLIGHT,37.3034,-121.8182,,,,,A,NO PEDESTRIANS INVOLVED,7/1/2018 12:00:00 AM,A,23152(a),True,1.0,US101 S/B FROM CAPITOL EXPRESSWAY,,,9/13/2018 3:28:15 AM,A,N,280.0,Capitol Expy,F,,D,7/9/2018 4:17:32 PM,9/13/2018 3:29:12 AM,,True,2,,,,,,,
765444,9340-2018-03323,1,False,9340,6/29/2018 3:45:00 PM,1545,089,1368,4313,San Jose,43,True,True,B,SIDE SWIPE,,Friday,NotApplicable,False,,,False,True,False,Santa Clara Superior,C,OTHER MOTOR VEHICLE,,0,0,CLEAR,, NO UNUSUAL CONDITIONS,, ,A,DAYLIGHT,37.374797,-121.902779,,,,,A,NO PEDESTRIANS INVOLVED,6/29/2018 12:00:00 AM,A,22107,False,,I-880 S/B,,,7/9/2018 12:47:59 PM,A,N,2720.0,Old Bayshore Hwy,F,,D,7/9/2018 12:48:29 PM,7/9/2018 12:48:29 PM,,True,2,,,,,,,
765422,9340-2018-03370,1,False,9340,7/4/2018 12:40:00 PM,1240,088,1368,4313,San Jose,43,True,True,B,SIDE SWIPE,,Wednesday,NotApplicable,True,M,,False,True,False,Santa Clara Superior,C,OTHER MOTOR VEHICLE,,0,0,CLEAR,, NO UNUSUAL CONDITIONS,, ,A,DAYLIGHT,37.3463,-121.92191,,,,,A,NO PEDESTRIANS INVOLVED,7/4/2018 12:00:00 AM,A,21658(a),False,1.0,I-880 S/B,,,7/9/2018 12:27:43 PM,A,N,2000.0,The Alameda,F,,D,7/9/2018 12:28:21 PM,7/9/2018 12:28:21 PM,,True,2,,,,,,,
765259,9340-2018-03377,1,False,9340,7/4/2018 10:22:00 PM,2222,281,1368,4313,San Jose,43,True,True,C,REAR END,,Wednesday,Yes,False,,,False,True,True,Santa Clara Superior,C,OTHER MOTOR VEHICLE,,1,0,CLEAR,, NO UNUSUAL CONDITIONS,, ,C,DARK-STREET LIGHTS,37.327387,-121.878706,,,,,A,NO PEDESTRIANS INVOLVED,7/4/2018 12:00:00 AM,A,22350,False,1.0,I-280 S/B,,,7/9/2018 10:52:03 AM,A,S,617.0,3rd St,F,,D,7/9/2018 10:53:01 AM,7/9/2018 10:53:01 AM,,True,2,,,,,,,
765239,9340-2018-03361,1,False,9340,7/3/2018 11:00:00 AM,1100,110,1368,4313,San Jose,43,True,True,C,REAR END,,Tuesday,Yes,False,,,False,True,True,Santa Clara Superior,C,OTHER MOTOR VEHICLE,,1,0,CLEAR,, NO UNUSUAL CONDITIONS,, ,A,DAYLIGHT,37.362619,-121.891742,,,,,A,NO PEDESTRIANS INVOLVED,7/3/2018 12:00:00 AM,A,22107,False,1.0,US101 N/B,,,7/9/2018 10:38:30 AM,A,S,50.0,Oakland Rd,F,,D,7/9/2018 10:39:12 AM,7/9/2018 10:39:12 AM,,True,2,,,,,,,
765228,9340-2018-03352,1,False,9340,7/2/2018 4:15:00 PM,1615,083,1368,4313,San Jose,43,True,True,B,SIDE SWIPE,,Monday,NotApplicable,False,,,False,True,False,Santa Clara Superior,C,OTHER MOTOR VEHICLE,,0,0,CLEAR,, NO UNUSUAL CONDITIONS,, ,A,DAYLIGHT,37.25295,-121.94397,,,,,A,NO PEDESTRIANS INVOLVED,7/2/2018 12:00:00 AM,A,21658(a),False,1.0,SR-85 S/B,,,7/9/2018 10:33:03 AM,A,S,500.0,Bascom Ave,F,,D,7/9/2018 10:33:37 AM,7/9/2018 10:33:37 AM,,True,2,,,,,,,
765170,9340-2018-03268,1,False,9340,6/27/2018 7:30:00 PM,1930,282,1368,4313,San Jose,43,True,True,C,REAR END,,Wednesday,NotApplicable,False,M,,False,True,True,Santa Clara Superior,C,OTHER MOTOR VEHICLE,,1,0,CLEAR,, NO UNUSUAL CONDITIONS,, ,A,DAYLIGHT,37.3182,-121.9883,,,,,A,NO PEDESTRIANS INVOLVED,6/27/2018 12:00:00 AM,A,22350,False,1.0,I-280 N/B,,,7/9/2018 10:06:26 AM,A,S,2300.0,Lawrence Expy,F,,D,7/9/2018 10:07:01 AM,7/9/2018 10:07:01 AM,,True,2,,,,,,,
765102,9340-2018-03213,1,False,9340,6/24/2018 1:45:00 PM,1345,110,1368,4313,San Jose,43,True,True,C,REAR END,,Sunday,NotApplicable,False,,,False,True,False,Santa Clara Superior,C,OTHER MOTOR VEHICLE,,0,0,CLEAR,, NO UNUSUAL CONDITIONS,, ,A,DAYLIGHT,37.3632,-121.8917,,,,,A,NO PEDESTRIANS INVOLVED,6/24/2018 12:00:00 AM,A,21658(a),False,2.0,US101 N/B,,,7/9/2018 9:18:36 AM,A,N,25.0,Oakland Rd,F,,D,7/9/2018 9:19:11 AM,7/9/2018 9:19:11 AM,,True,2,,,,,,,
765097,9340-2018-03339,1,False,9340,7/1/2018 6:10:00 PM,1810,282,1368,4313,San Jose,43,True,True,C,REAR END,,Sunday,NotApplicable,False,M,,False,True,True,Santa Clara Superior,C,OTHER MOTOR VEHICLE,,0,0,CLEAR,, NO UNUSUAL CONDITIONS,, ,A,DAYLIGHT,37.318544,-121.990051,,,,,A,NO PEDESTRIANS INVOLVED,7/1/2018 12:00:00 AM,A,22350,False,1.0,I-280 N/B,,,7/9/2018 9:16:01 AM,A,S,1000.0,Lawrence Expy,F,,D,7/9/2018 9:16:45 AM,7/9/2018 9:16:45 AM,,True,2,,,,,,,
765071,9340-2018-03266,1,False,9340,6/27/2018 5:00:00 PM,1700,281,1368,4313,San Jose,43,True,True,C,REAR END,,Wednesday,Yes,False,,,False,True,True,Santa Clara Superior,C,OTHER MOTOR VEHICLE,,1,0,CLEAR,, NO UNUSUAL CONDITIONS,, ,A,DAYLIGHT,37.3198,-121.901,,,,,A,NO PEDESTRIANS INVOLVED,6/27/2018 12:00:00 AM,A,22350,False,1.0,I-280 S/B,,,7/9/2018 8:55:43 AM,A,N,1200.0,Bird Ave,F,,D,7/9/2018 8:56:26 AM,7/9/2018 8:56:26 AM,,True,2,,,,,,,
765070,9340-2018-03344,1,False,9340,7/1/2018 3:20:00 PM,1520,120,1368,4313,San Jose,43,True,True,C,REAR END,,Sunday,NotApplicable,False,M,,False,True,False,Santa Clara Superior,C,OTHER MOTOR VEHICLE,,0,0,CLEAR,, NO UNUSUAL CONDITIONS,, ,A,DAYLIGHT,37.363617,-121.896993,,,,,A,NO PEDESTRIANS INVOLVED,7/1/2018 12:00:00 AM,A,22350,False,1.0,US101 N/B,,,7/9/2018 8:55:49 AM,A,N,1000.0,Oakland Rd,F,,D,7/9/2018 8:56:19 AM,7/9/2018 8:56:19 AM,,True,2,,,,,,,
765066,9340-2018-03246,1,False,9340,6/26/2018 5:05:00 PM,1705,281,1368,4313,San Jose,43,True,True,C,REAR END,,Tuesday,NotApplicable,False,,,False,True,False,Santa Clara Superior,C,OTHER MOTOR VEHICLE,,0,0,CLEAR,, NO UNUSUAL CONDITIONS,, ,A,DAYLIGHT,37.31518,-121.909198,,,,,A,NO PEDESTRIANS INVOLVED,6/26/2018 12:00:00 AM,A,22350,False,1.0,I-280 N/B,,,7/9/2018 8:52:47 AM,A,N,500.0,Race St,F,,D,7/9/2018 8:53:25 AM,7/9/2018 8:53:25 AM,,True,2,,,,,,,
765010,9340-2018-03328,1,False,9340,6/30/2018 3:35:00 PM,1535,281,1368,4313,San Jose,43,True,True,D,BROADSIDE,,Saturday,Yes,False,F,,False,True,True,Santa Clara Superior,C,OTHER MOTOR VEHICLE,,2,0,CLEAR,, NO UNUSUAL CONDITIONS,, ,A,DAYLIGHT,37.317812,-121.903737,,,,,A,NO PEDESTRIANS INVOLVED,6/30/2018 12:00:00 AM,A,22107,False,1.0,I-280 N/B,,,7/9/2018 8:24:06 AM,A,N,500.0,Bird Ave,F,,D,7/9/2018 8:24:52 AM,7/9/2018 8:24:52 AM,,True,2,,,,,,,
764994,9340-2018-03314,1,False,9340,6/29/2018 5:30:00 PM,1730,088,1368,4313,San Jose,43,True,True,B,SIDE SWIPE,,Friday,NotApplicable,False,,,False,True,False,Santa Clara Superior,C,OTHER MOTOR VEHICLE,,0,0,CLEAR,, NO UNUSUAL CONDITIONS,, ,A,DAYLIGHT,37.3639,-121.9021,,,,,A,NO PEDESTRIANS INVOLVED,6/29/2018 12:00:00 AM,A,21658(a),False,1.0,I-880 S/B,,,7/9/2018 8:12:43 AM,A,N,1000.0,1st St,F,,D,7/9/2018 8:13:19 AM,7/9/2018 8:13:19 AM,,True,2,,,,,,,
764988,9340-2018-03318,1,False,9340,6/29/2018 6:30:00 PM,1830,281,1368,4313,San Jose,43,True,True,C,REAR END,,Friday,NotApplicable,False,,,False,True,False,Santa Clara Superior,C,OTHER MOTOR VEHICLE,,0,0,CLEAR,, NO UNUSUAL CONDITIONS,, ,A,DAYLIGHT,37.319308,-121.901296,,,,,A,NO PEDESTRIANS INVOLVED,6/29/2018 12:00:00 AM,A,22350,False,1.0,I-280,,,7/9/2018 8:09:51 AM,A,N,500.0,Bird Ave,F,,D,7/9/2018 8:10:22 AM,7/9/2018 8:10:22 AM,,True,2,,,,,,,
764953,9340-2018-03321,1,False,9340,6/29/2018 9:40:00 PM,2140,110,1368,4313,San Jose,43,True,True,F,OVERTURNED,,Friday,Yes,False,,,False,True,True,Santa Clara Superior,J,OTHER OBJECT,ASPHALT ROADWAY,1,0,CLEAR,, NO UNUSUAL CONDITIONS,, ,D,DARK-NO STREET LIGHTS,37.33189,-121.84388,,,,,A,NO PEDESTRIANS INVOLVED,6/29/2018 12:00:00 AM,A,21658(a),False,1.0,US-101 N/B (to I-680 N/B),,,7/9/2018 7:39:03 AM,A,S,1890.0,Story Rd,F,,D,7/9/2018 7:39:58 AM,7/9/2018 7:39:58 AM,,True,2,,,,,,,
764931,9340-2018-03317,1,False,9340,6/29/2018 5:00:00 PM,1700,281,1368,4313,San Jose,43,True,True,C,REAR END,,Friday,NotApplicable,False,,,False,True,False,Santa Clara Superior,C,OTHER MOTOR VEHICLE,,0,0,CLEAR,, NO UNUSUAL CONDITIONS,, ,A,DAYLIGHT,37.316679,-121.925707,,,,,A,NO PEDESTRIANS INVOLVED,6/29/2018 12:00:00 AM,A,22350,False,1.0,I-280,,,7/9/2018 7:21:45 AM,A,N,600.0,Meridian Ave,F,,D,7/9/2018 7:22:15 AM,7/9/2018 7:22:15 AM,,True,2,,,,,,,
764881,9340-2018-03286,1,False,9340,6/28/2018 11:50:00 AM,1150,087,1368,4313,San Jose,43,True,True,C,REAR END,,Thursday,NotApplicable,False,M,,False,True,False,Santa Clara Superior,C,OTHER MOTOR VEHICLE,,0,0,CLEAR,, NO UNUSUAL CONDITIONS,, ,A,DAYLIGHT,37.289869,-121.870865,,,,,A,NO PEDESTRIANS INVOLVED,6/28/2018 12:00:00 AM,A,22350,False,1.0,SR-87 N/B,,,7/9/2018 6:28:47 AM,A,S,1770.0,Curtner Ave,F,,D,7/9/2018 6:30:01 AM,7/9/2018 6:30:01 AM,,True,2,,,,,,,
764844,9340-2018-03269,1,False,9340,6/27/2018 6:10:00 PM,1810,120,1368,4313,San Jose,43,True,True,C,REAR END,,Wednesday,NotApplicable,False,,,False,True,False,Santa Clara Superior,C,OTHER MOTOR VEHICLE,,0,0,CLEAR,, NO UNUSUAL CONDITIONS,, ,A,DAYLIGHT,37.3633,-121.8958,,,,,A,NO PEDESTRIANS INVOLVED,6/27/2018 12:00:00 AM,A,22350,False,1.0,US101 S/B,,,7/9/2018 5:51:03 AM,A,N,1000.0,Oakland Rd,F,,D,7/9/2018 5:51:36 AM,7/9/2018 5:51:36 AM,,True,2,,,,,,,
764337,9340-2018-03315,1,False,9340,6/29/2018 2:30:00 PM,1430,281,1368,4313,San Jose,43,True,True,B,SIDE SWIPE,,Friday,NotApplicable,False,,,False,True,True,Santa Clara Superior,C,OTHER MOTOR VEHICLE,,0,0,CLEAR,, NO UNUSUAL CONDITIONS,, ,A,DAYLIGHT,37.317469,-121.932976,,,,,A,NO PEDESTRIANS INVOLVED,6/29/2018 12:00:00 AM,A,22107,True,1.0,I-280 N/B TO SR-17 S/B,,,7/6/2018 12:49:08 PM,A,N,500.0,Macarthur Ave,F,,D,7/6/2018 12:49:45 PM,7/6/2018 12:49:45 PM,,True,2,,,,,,,
764222,9340-2018-03380,1,False,9340,7/5/2018 9:40:00 AM,940,240,1368,4313,San Jose,43,True,True,C,REAR END,,Thursday,NotApplicable,False,,,False,True,True,Santa Clara Superior,C,OTHER MOTOR VEHICLE,,0,0,CLEAR,, NO UNUSUAL CONDITIONS,, ,A,DAYLIGHT,37.2531,-121.5616,,,,,A,NO PEDESTRIANS INVOLVED,7/5/2018 12:00:00 AM,A,22350,False,1.0,SR-237 W/B,,,7/6/2018 10:53:46 AM,A,E,80.0,Zanker Rd,F,,D,7/6/2018 10:54:17 AM,7/6/2018 10:54:17 AM,,True,2,,,,,,,
764195,9340-2018-03388,1,False,9340,7/5/2018 7:15:00 PM,1915,282,1368,4313,San Jose,43,True,True,C,REAR END,,Thursday,NotApplicable,False,M,,False,True,False,Santa Clara Superior,C,OTHER MOTOR VEHICLE,,0,0,CLEAR,, NO UNUSUAL CONDITIONS,, ,B,DUSK-DAWN,37.31909,-121.99163,,,,,A,NO PEDESTRIANS INVOLVED,7/5/2018 12:00:00 AM,A,22350,False,1.0,I-280 N/B,,,7/6/2018 10:31:22 AM,A,S,1298.0,Lawrence Expy,F,,D,7/6/2018 10:32:12 AM,7/6/2018 10:32:12 AM,,True,2,,,,,,,
764158,9340-2018-03383,1,False,9340,7/5/2018 4:00:00 PM,1600,089,1368,4313,San Jose,43,True,True,C,REAR END,,Thursday,NotApplicable,False,,,False,True,False,Santa Clara Superior,C,OTHER MOTOR VEHICLE,,2,0,CLEAR,, NO UNUSUAL CONDITIONS,, ,A,DAYLIGHT,37.395114,-121.907614,,,,,A,NO PEDESTRIANS INVOLVED,7/5/2018 12:00:00 AM,A,22350,False,1.0,I-880 S/B,,,7/6/2018 9:59:24 AM,A,S,1000.0,Montague Expressway,F,,D,7/6/2018 9:59:58 AM,7/6/2018 9:59:58 AM,,True,2,,,,,,,
764156,9340-2018-03309,1,False,9340,6/29/2018 1:35:00 PM,1335,901,1368,4313,San Jose,43,True,True,C,REAR END,,Friday,NotApplicable,False,,,False,False,False,Santa Clara Superior,C,OTHER MOTOR VEHICLE,,0,0,CLEAR,, NO UNUSUAL CONDITIONS,, School Bus Collision,A,DAYLIGHT,37.33724,-121.83243,,,,,A,NO PEDESTRIANS INVOLVED,6/29/2018 12:00:00 AM,A,22350,False,1.0,CATHAY DRIVE N/B,,,7/6/2018 9:58:04 AM,A,S,40.0,Biscayne Way,F,,A,7/6/2018 9:58:56 AM,7/6/2018 9:58:56 AM,,,2,,,,,,,
764078,9340-2018-03381,1,False,9340,7/5/2018 12:20:00 AM,20,681,1368,4313,San Jose,43,True,True,C,REAR END,,Thursday,NotApplicable,False,,,False,True,False,Santa Clara Superior,C,OTHER MOTOR VEHICLE,,2,0,CLEAR,, NO UNUSUAL CONDITIONS,, ,D,DARK-NO STREET LIGHTS,37.3671,-121.8469,,,,,A,NO PEDESTRIANS INVOLVED,7/5/2018 12:00:00 AM,A,22350,False,1.0,I-680 S/B TO MCKEE RD. E/B,,,7/6/2018 9:10:49 AM,A,S,50.0,MCKEE RD.,F,,D,7/6/2018 9:11:23 AM,7/6/2018 9:11:23 AM,,True,2,,,,,,,
764015,9340-2018-03365,1,False,9340,7/4/2018 2:10:00 AM,210,110,1368,4313,San Jose,43,True,True,B,SIDE SWIPE,,Wednesday,Yes,False,M,,False,True,True,Santa Clara Superior,C,OTHER MOTOR VEHICLE,,0,0,CLEAR,, NO UNUSUAL CONDITIONS,, ,D,DARK-NO STREET LIGHTS,37.38983,-121.872107,,,,,A,NO PEDESTRIANS INVOLVED,7/4/2018 12:00:00 AM,A,21658(a),False,1.0,US101 N/B,,,7/6/2018 8:23:56 AM,A,S,1800.0,I-680 N/B,F,,D,7/6/2018 8:24:30 AM,7/6/2018 8:24:30 AM,,True,2,,,,,,,
763953,9340-2018-03290,1,False,9340,6/28/2018 4:10:00 PM,1610,681,1368,4313,San Jose,43,True,True,C,REAR END,,Thursday,NotApplicable,False,M,,False,True,False,Santa Clara Superior,C,OTHER MOTOR VEHICLE,,0,0,CLEAR,, NO UNUSUAL CONDITIONS,, ,A,DAYLIGHT,37.37676,-121.85523,,,,,A,NO PEDESTRIANS INVOLVED,6/28/2018 12:00:00 AM,A,22350,False,1.0,I-680 S/B,,,7/6/2018 7:42:08 AM,A,N,50.0,Mabury Rd,F,,D,7/6/2018 7:42:50 AM,7/6/2018 7:42:50 AM,,True,2,,,,,,,
763941,9340-2018-03313,1,False,9340,6/29/2018 5:10:00 PM,1710,083,1368,4313,San Jose,43,True,True,C,REAR END,,Friday,NotApplicable,False,,,False,True,True,Santa Clara Superior,C,OTHER MOTOR VEHICLE,,1,0,CLEAR,, NO UNUSUAL CONDITIONS,, ,A,DAYLIGHT,37.25596,-121.86756,,,,,A,NO PEDESTRIANS INVOLVED,6/29/2018 12:00:00 AM,A,22350,False,1.0,SR-85 N/B,,,7/6/2018 7:31:08 AM,A,S,1000.0,Almaden Expy,F,,D,7/6/2018 7:31:42 AM,7/6/2018 7:31:42 AM,,True,2,,,,,,,
763933,9340-2018-03238,1,False,9340,6/26/2018 8:45:00 AM,845,110,1368,4313,San Jose,43,True,True,B,SIDE SWIPE,,Tuesday,NotApplicable,False,,,False,True,False,Santa Clara Superior,C,OTHER MOTOR VEHICLE,,0,0,CLEAR,, NO UNUSUAL CONDITIONS,, ,A,DAYLIGHT,37.342428,-121.854421,,,,,A,NO PEDESTRIANS INVOLVED,6/26/2018 12:00:00 AM,A,22107,False,1.0,US101 N/B,,,7/6/2018 7:23:30 AM,A,N,0.2,I-280,M,,D,7/6/2018 7:24:04 AM,7/6/2018 7:24:04 AM,,True,2,,,,,,,
763916,9340-2018-03228,1,False,9340,6/25/2018 4:30:00 PM,1630,083,1368,4313,San Jose,43,True,True,C,REAR END,,Monday,NotApplicable,False,,,False,True,False,Santa Clara Superior,C,OTHER MOTOR VEHICLE,,0,0,CLEAR,, NO UNUSUAL CONDITIONS,, ,A,DAYLIGHT,37.25475,-121.84715,,,,,A,NO PEDESTRIANS INVOLVED,6/25/2018 12:00:00 AM,A,22106,False,1.0,SR-85 S/B,,,7/6/2018 7:00:47 AM,A,N,2000.0,Blossom Hill Rd,F,,D,7/6/2018 7:01:22 AM,7/6/2018 7:01:22 AM,,True,2,,,,,,,
784826,9340-2018-03839,1,False,9340,7/30/2018 6:50:00 PM,1850,089,1368,4313,San Jose,43,True,True,C,REAR END,,Monday,NotApplicable,False,,,False,True,True,Santa Clara Superior,C,OTHER MOTOR VEHICLE,,1,0,CLEAR,, NO UNUSUAL CONDITIONS,, ,A,DAYLIGHT,37.382369,-121.904498,,,,,A,NO PEDESTRIANS INVOLVED,7/30/2018 12:00:00 AM,A,22350,False,1.0,I-880 S/B,,,8/6/2018 11:08:12 AM,A,N,1675.0,Brokaw Rd,F,,D,8/6/2018 11:08:55 AM,8/6/2018 11:08:55 AM,,True,2,,,,,,,
784707,9340-2018-03937,1,False,9340,8/3/2018 6:45:00 PM,1845,681,1368,4313,San Jose,43,True,True,C,REAR END,,Friday,Yes,True,,,False,True,True,Santa Clara Superior,C,OTHER MOTOR VEHICLE,,2,0,CLEAR,, NO UNUSUAL CONDITIONS,, ,A,DAYLIGHT,37.41204,-121.88007,,,,,A,NO PEDESTRIANS INVOLVED,8/3/2018 12:00:00 AM,A,23152(a),True,1.0,I-680 S/B,,,8/6/2018 9:52:22 AM,A,S,800.0,Montague Expy,F,,D,8/6/2018 9:53:16 AM,8/6/2018 9:53:16 AM,,True,2,,,,,,,
784616,9340-2018-03807,1,False,9340,7/29/2018 1:20:00 AM,120,110,1368,4313,San Jose,43,True,True,B,SIDE SWIPE,,Sunday,NotApplicable,False,,,False,True,True,Santa Clara Superior,C,OTHER MOTOR VEHICLE,,0,0,CLEAR,, NO UNUSUAL CONDITIONS,, ,C,DARK-STREET LIGHTS,37.33357,-121.8454,,,,,A,NO PEDESTRIANS INVOLVED,7/29/2018 12:00:00 AM,A,22107,False,1.0,US101 N/B,,,8/6/2018 8:55:42 AM,A,S,1300.0,Story Rd,F,,D,8/6/2018 8:56:13 AM,8/6/2018 8:56:13 AM,,True,2,,,,,,,
784604,9340-2018-03813,1,False,9340,7/26/2018 6:30:00 PM,1830,110,1368,4313,San Jose,43,True,True,B,SIDE SWIPE,,Thursday,NotApplicable,False,,,False,True,False,Santa Clara Superior,C,OTHER MOTOR VEHICLE,,0,0,CLEAR,, NO UNUSUAL CONDITIONS,, ,A,DAYLIGHT,37.31403,-121.82705,,,,,A,NO PEDESTRIANS INVOLVED,7/26/2018 12:00:00 AM,A,22107,False,,US101 N/B,,,8/6/2018 8:51:10 AM,A,N,50.0,Tully Rd,F,,D,8/6/2018 8:51:45 AM,8/6/2018 8:51:45 AM,,True,2,,,,,,,
784528,9340-2018-03815,1,False,9340,7/29/2018 3:25:00 AM,325,089,1368,4313,San Jose,43,True,True,E,HIT OBJECT,,Sunday,Yes,False,,,False,True,True,Santa Clara Superior,J,OTHER OBJECT,METAL GUARDRAIL,1,0,CLEAR,, NO UNUSUAL CONDITIONS,, ,D,DARK-NO STREET LIGHTS,37.3739,-121.9022,,,,,A,NO PEDESTRIANS INVOLVED,7/29/2018 12:00:00 AM,A,23152(a),True,1.0,I-880 N/B,,,8/6/2018 8:07:59 AM,A,S,2560.0,Brokaw Rd,F,,D,8/6/2018 8:08:57 AM,8/6/2018 8:08:57 AM,,True,2,,,,,,,
784494,9340-2018-03752,1,False,9340,7/25/2018 6:10:00 PM,1810,172,1368,4313,San Jose,43,True,True,B,SIDE SWIPE,,Wednesday,NotApplicable,False,M,,False,True,False,Santa Clara Superior,C,OTHER MOTOR VEHICLE,,0,0,CLEAR,, NO UNUSUAL CONDITIONS,, ,A,DAYLIGHT,37.3086,-121.94061,,,,,A,NO PEDESTRIANS INVOLVED,7/25/2018 12:00:00 AM,A,22350,False,1.0,SR-17 N/B,,,8/6/2018 7:37:25 AM,A,S,2000.0,I-280,F,,D,8/6/2018 7:38:01 AM,8/6/2018 7:38:01 AM,,True,2,,,,,,,
784478,9340-2018-03759,1,False,9340,7/25/2018 8:35:00 AM,835,281,1368,4313,San Jose,43,True,True,C,REAR END,,Wednesday,Yes,False,,,False,True,True,Santa Clara Superior,C,OTHER MOTOR VEHICLE,,1,0,CLEAR,, NO UNUSUAL CONDITIONS,, ,A,DAYLIGHT,37.316898,-121.928065,,,,,A,NO PEDESTRIANS INVOLVED,7/25/2018 12:00:00 AM,A,22350,True,1.0,I-280 N/B,,,8/6/2018 7:15:11 AM,A,N,350.0,Leland Ave,F,,D,8/6/2018 7:15:59 AM,8/6/2018 7:15:59 AM,,True,2,,,,,,,
783958,9340-2018-03911,1,False,9340,8/1/2018 3:05:00 PM,1505,083,1368,4313,San Jose,43,True,True,C,REAR END,,Wednesday,NotApplicable,False,,,False,True,False,Santa Clara Superior,C,OTHER MOTOR VEHICLE,,0,0,CLEAR,, NO UNUSUAL CONDITIONS,, ,A,DAYLIGHT,37.250269,-121.907896,,,,,A,NO PEDESTRIANS INVOLVED,8/1/2018 12:00:00 AM,A,22350,False,1.0, sr 85 s/b from camden ave.,,,8/3/2018 1:39:45 PM,A,S,100.0,Camden Avenue,F,,D,8/3/2018 1:40:20 PM,8/3/2018 1:40:20 PM,,True,2,,,,,,,
783952,9340-2018-03884,1,False,9340,8/1/2018 9:15:00 AM,915,230,1368,4313,San Jose,43,True,True,C,REAR END,,Wednesday,NotApplicable,False,,,False,True,True,Santa Clara Superior,C,OTHER MOTOR VEHICLE,,0,0,CLEAR,, NO UNUSUAL CONDITIONS,, ,A,DAYLIGHT,37.415489,-121.9785,,,,,A,NO PEDESTRIANS INVOLVED,8/1/2018 12:00:00 AM,A,22350 VC,False,1.0,STATE ROUTE 237 WESTBOUND,,,8/3/2018 1:30:44 PM,A,W,100.0,GREAT AMERICA PARKWAY,F,,D,8/3/2018 1:31:13 PM,8/3/2018 1:31:13 PM,,True,2,,,,,,,