Collision Id,	Report Number,	Report Version,	Is Preliminary,	NCIC Code,Crash Date Time,	Crash Time Description,	Beat,City Id,	City Code,	City Name,County Code,	City Is Active,	City Is Incorporated,	Collision Type Code,Collision Type Description,	Collision Type Other Desc,	Day Of Week,	DispatchNotified,	HasPhotographs,	HitRun,	IsAttachmentsMailed,	IsDeleted,	IsHighwayRelated,	IsTowAway,	JudicialDistrict,	MotorVehicleInvolvedWithCode,	MotorVehicleInvolvedWithDesc,MotorVehicleInvolvedWithOtherDesc,	NumberInjured,	NumberKilled,Weather 1, Weather 2, Road Condition 1, Road Condition 2, Special Condition,LightingCode, LightingDescription,Latitude,Longitude,MilepostDirection,MilepostDistance,MilepostMarker,MilepostUnitOfMeasure,	PedestrianActionCode,PedestrianActionDesc,PreparedDate,	Primary Collision Factor Code,Primary Collision Factor Violation,PrimaryCollisionFactorIsCited,	PrimaryCollisionPartyNumber,	PrimaryRoad,	ReportingDistrict,	ReportingDistrictCode,ReviewedDate,	RoadwaySurfaceCode,SecondaryDirection,	SecondaryDistance,	SecondaryRoad,	SecondaryUnitOfMeasure,	SketchDesc,	TrafficControlDeviceCode,CreatedDate,	ModifiedDate,IsCountyRoad,IsFreeway,CHP555Version,	IsAdditonalObjectStruck,NotificationDate,	NotificationTimeDescription,	HasDigitalMediaFiles,	EvidenceNumber,	IsLocationReferToNarrative,	IsAOIOneSameAsLocation
787757,9340-2018-03825,1,False,9340,7/30/2018 3:25:00 AM,325,172,1368,4313,San Jose,43,True,True,E,HIT OBJECT,,Monday,Yes,False,,,False,True,True,Santa Clara Superior,I,FIXED OBJECT,CONCRETE JERSEY WALL,0,0,CLEAR,, NO UNUSUAL CONDITIONS,, ,C,DARK-STREET LIGHTS,37.306681,-121.940524,,,,,A,NO PEDESTRIANS INVOLVED,7/30/2018 12:00:00 AM,A,23152(a),True,1.0,SR-17 S/B,,,8/9/2018 2:07:05 PM,A,N,0.8,Hamilton Ave,M,,D,8/9/2018 2:08:08 PM,8/9/2018 2:08:08 PM,,True,2,,,,,,,
787740,9340-2018-03921,1,False,9340,8/2/2018 5:30:00 PM,1730,085,1368,4313,San Jose,43,True,True,B,SIDE SWIPE,,Thursday,Yes,False,,,False,True,True,Santa Clara Superior,C,OTHER MOTOR VEHICLE,,1,0,CLEAR,, NO UNUSUAL CONDITIONS,, ,A,DAYLIGHT,37.15334,-121.58346,,,,,A,NO PEDESTRIANS INVOLVED,8/2/2018 12:00:00 AM,A,22107,False,1.0,SR-85 S/B,,,8/9/2018 1:55:55 PM,A,N,1000.0,Winchester Blvd,F,,D,8/9/2018 1:56:37 PM,8/9/2018 1:56:37 PM,,True,2,,,,,,,
787735,9340-2018-03922,1,False,9340,8/2/2018 9:10:00 PM,2110,083,1368,4313,San Jose,43,True,True,C,REAR END,,Thursday,NotApplicable,False,,,False,True,True,Santa Clara Superior,C,OTHER MOTOR VEHICLE,,2,0,CLEAR,, NO UNUSUAL CONDITIONS,, ,D,DARK-NO STREET LIGHTS,37.25454,-121.25895,,,,,A,NO PEDESTRIANS INVOLVED,8/2/2018 12:00:00 AM,A,22350,False,1.0,SR-85 N/B,,,8/9/2018 1:50:31 PM,A,N,250.0,Almaden Expy,F,,D,8/9/2018 1:51:15 PM,8/9/2018 1:51:15 PM,,True,2,,,,,,,
787726,9340-2018-03753,1,False,9340,7/25/2018 6:20:00 PM,1820,110,1368,4313,San Jose,43,True,True,B,SIDE SWIPE,,Wednesday,NotApplicable,False,,,False,True,True,Santa Clara Superior,C,OTHER MOTOR VEHICLE,,0,0,CLEAR,, NO UNUSUAL CONDITIONS,, ,A,DAYLIGHT,37.26752,-121.80227,,,,,A,NO PEDESTRIANS INVOLVED,7/25/2018 12:00:00 AM,A,22107,False,1.0,us-101 s/b,,,8/9/2018 1:45:22 PM,A,N,0.5,Blossom Hill Rd,M,,D,8/9/2018 1:45:56 PM,8/9/2018 1:45:56 PM,,True,2,,,,,,,
787680,9340-2018-03892,1,False,9340,8/1/2018 7:00:00 PM,1900,120,1368,4313,San Jose,43,True,True,C,REAR END,,Wednesday,NotApplicable,False,,,False,True,False,Santa Clara Superior,C,OTHER MOTOR VEHICLE,,0,0,CLEAR,, NO UNUSUAL CONDITIONS,, ,A,DAYLIGHT,37.380767,-121.959892,,,,,A,NO PEDESTRIANS INVOLVED,8/1/2018 12:00:00 AM,A,22350,False,1.0,US101 S/B,,,8/9/2018 1:17:19 PM,A,S,1000.0,Montague Expy,F,,D,8/9/2018 1:17:51 PM,8/9/2018 1:17:51 PM,,True,2,,,,,,,
787671,9340-2018-03897,1,False,9340,8/1/2018 7:45:00 PM,1945,110,1368,4313,San Jose,43,True,True,E,HIT OBJECT,,Wednesday,Yes,False,,,False,True,True,Santa Clara Superior,I,FIXED OBJECT,Concrete Divider,1,0,CLEAR,, NO UNUSUAL CONDITIONS,, ,B,DUSK-DAWN,37.33867,-121.84957,,,,,A,NO PEDESTRIANS INVOLVED,8/1/2018 12:00:00 AM,A,22107,False,1.0, US-101 to I-680,,,8/9/2018 1:08:14 PM,A,N,950.0,Story Rd,F,,D,8/9/2018 1:09:11 PM,8/9/2018 1:09:11 PM,,True,2,,,,,,,
787412,9340-2018-04002,1,False,9340,8/7/2018 9:00:00 AM,900,087,1368,4313,San Jose,43,True,True,B,SIDE SWIPE,,Tuesday,Yes,False,M,,False,True,True,Santa Clara Superior,C,OTHER MOTOR VEHICLE,,0,0,CLEAR,, NO UNUSUAL CONDITIONS,, ,A,DAYLIGHT,37.265322,-121.764123,,,,,A,NO PEDESTRIANS INVOLVED,8/7/2018 12:00:00 AM,A,21658(a),False,1.0,SR-87 S/B TO I-280 N/B,,,8/9/2018 9:45:26 AM,A,N,325.0,I-280,F,REFER TO PG. #4,D,8/9/2018 9:46:15 AM,8/9/2018 9:46:15 AM,,True,2,,,,,,,
787359,9340-2018-03923,1,False,9340,8/2/2018 4:15:00 PM,1615,083,1368,4313,San Jose,43,True,True,C,REAR END,,Thursday,NotApplicable,False,,,False,True,False,Santa Clara Superior,C,OTHER MOTOR VEHICLE,,0,0,CLEAR,, NO UNUSUAL CONDITIONS,, ,A,DAYLIGHT,37.25376,-121.95013,,,,,A,NO PEDESTRIANS INVOLVED,8/2/2018 12:00:00 AM,A,22350,False,1.0,SR-85 S/B,,,8/9/2018 8:52:32 AM,A,N,15.0,Union Ave,F,,D,8/9/2018 9:00:54 AM,8/9/2018 9:00:54 AM,,True,2,,,,,,,
787324,9340-2018-03924,1,False,9340,8/2/2018 6:15:00 PM,1815,083,1368,4313,San Jose,43,True,True,C,REAR END,,Thursday,NotApplicable,False,,,False,True,False,Santa Clara Superior,C,OTHER MOTOR VEHICLE,,0,0,CLEAR,, NO UNUSUAL CONDITIONS,, ,A,DAYLIGHT,37.25572,-121.87101,,,,,A,NO PEDESTRIANS INVOLVED,8/2/2018 12:00:00 AM,A,22350,False,1.0,SR-85 S/B,,,8/9/2018 8:29:39 AM,A,S,150.0,Almaden Expy,F,,D,8/9/2018 8:30:10 AM,8/9/2018 8:30:10 AM,,True,2,,,,,,,
787298,9340-2018-03876,2,False,9340,8/1/2018 9:00:00 AM,900,083,1368,4313,San Jose,43,True,True,C,REAR END,,Wednesday,NotApplicable,False,M,,False,True,True,Santa Clara Superior,C,OTHER MOTOR VEHICLE,,0,0,CLEAR,, NO UNUSUAL CONDITIONS,, ,A,DAYLIGHT,37.256,-121.8693,,,,,A,NO PEDESTRIANS INVOLVED,8/1/2018 12:00:00 AM,A,22350 VC,False,2.0,SR-85 N/B,,,4/7/2020 8:56:08 PM,A,S,0.1,n/edge Guadalupe River U/C,M,,D,8/9/2018 8:06:38 AM,4/7/2020 8:56:23 PM,,True,2,,,,,,,
787269,9725-2018-01269,1,False,9725,8/6/2018 8:05:00 AM,805,015,1368,4313,San Jose,43,True,True,C,REAR END,,Monday,NotApplicable,False,M,,False,True,False,Santa Clara Superior,C,OTHER MOTOR VEHICLE,,0,0,CLEAR,, NO UNUSUAL CONDITIONS,, ,A,DAYLIGHT,37.1509,-121.4736,,,,,A,NO PEDESTRIANS INVOLVED,8/6/2018 12:00:00 AM,A,21658(a),False,1.0,US-101 S/B,,,8/9/2018 7:44:26 AM,A,S,500.0,Blossom Hill Rd,F,,A,8/9/2018 7:44:58 AM,8/9/2018 7:44:58 AM,,True,2,,,,,,,
786908,9340-2018-03817,2,False,9340,7/27/2018 4:00:00 PM,1600,281,1368,4313,San Jose,43,True,True,C,REAR END,,Friday,NotApplicable,False,,,False,True,False,Santa Clara Superior,C,OTHER MOTOR VEHICLE,,0,0,CLEAR,, NO UNUSUAL CONDITIONS,, ,A,DAYLIGHT,37.31679,-121.92307,,,,,A,NO PEDESTRIANS INVOLVED,7/29/2018 12:00:00 AM,A,22350,False,1.0,I-280 S/B ,,,12/10/2018 2:19:14 PM,A,N,600.0,Meridian Ave,F,,D,8/8/2018 2:01:16 PM,12/10/2018 2:19:26 PM,,True,2,,,,,,,
786877,9340-2018-03882,1,False,9340,8/1/2018 10:00:00 AM,1000,087,1368,4313,San Jose,43,True,True,C,REAR END,,Wednesday,NotApplicable,False,,,False,True,True,Santa Clara Superior,C,OTHER MOTOR VEHICLE,,0,0,CLEAR,, NO UNUSUAL CONDITIONS,, ,A,DAYLIGHT,37.324688,-121.893586,,,,,A,NO PEDESTRIANS INVOLVED,8/1/2018 12:00:00 AM,A,22350,False,1.0,SR-87 N/B to I-280 N/B,,,8/8/2018 1:37:59 PM,A,S,1000.0,Meridian Ave,F,,D,8/8/2018 1:38:29 PM,8/8/2018 1:38:29 PM,,True,2,,,,,,,
786870,9340-2018-03801,2,False,9340,7/27/2018 5:00:00 PM,1700,110,1368,4313,San Jose,43,True,True,B,SIDE SWIPE,,Friday,NotApplicable,False,,,False,True,False,Santa Clara Superior,C,OTHER MOTOR VEHICLE,,0,0,CLEAR,, NO UNUSUAL CONDITIONS,, ,A,DAYLIGHT,37.36249,-121.887227,,,,,A,NO PEDESTRIANS INVOLVED,7/27/2018 12:00:00 AM,A,21658(a),False,1.0,US101 S/B,,,4/7/2020 8:51:29 PM,A,S,1000.0,Oakland Rd,F,,D,8/8/2018 1:34:38 PM,4/7/2020 8:51:57 PM,,True,2,,,,,,,
786843,9340-2018-03920,1,False,9340,8/2/2018 3:05:00 PM,1505,085,1368,4313,San Jose,43,True,True,C,REAR END,,Thursday,NotApplicable,False,,,False,True,True,Santa Clara Superior,C,OTHER MOTOR VEHICLE,,0,0,CLEAR,, NO UNUSUAL CONDITIONS,, ,A,DAYLIGHT,37.15229,-121.573,,,,,A,NO PEDESTRIANS INVOLVED,8/2/2018 12:00:00 AM,A,22350,False,1.0,SR-85 S/B,,,8/8/2018 1:14:46 PM,A,N,700.0,SR-17,F,,D,8/8/2018 1:15:33 PM,8/8/2018 1:15:33 PM,,True,2,,,,,,,
786816,9340-2018-03914,1,False,9340,8/2/2018 2:40:00 PM,1440,230,1368,4313,San Jose,43,True,True,C,REAR END,,Thursday,NotApplicable,False,,,False,True,False,Santa Clara Superior,C,OTHER MOTOR VEHICLE,,0,0,CLEAR,, NO UNUSUAL CONDITIONS,, ,A,DAYLIGHT,37.41911,-121.95583,,,,,A,NO PEDESTRIANS INVOLVED,8/2/2018 12:00:00 AM,A,22350,False,1.0,SR-237 E/B FROM N. FIRST ST.,,,8/8/2018 12:56:50 PM,A,E,1095.0,N. FIRST ST,F,,A,8/8/2018 12:58:07 PM,8/8/2018 12:58:07 PM,,True,2,,,,,,,
786714,9340-2018-03887,1,False,9340,8/1/2018 7:30:00 AM,730,120,1368,4313,San Jose,43,True,True,C,REAR END,,Wednesday,NotApplicable,False,,,False,True,False,Santa Clara Superior,C,OTHER MOTOR VEHICLE,,0,0,CLEAR,, NO UNUSUAL CONDITIONS,, ,A,DAYLIGHT,37.364012,-121.900807,,,,,A,NO PEDESTRIANS INVOLVED,8/1/2018 12:00:00 AM,A,22350,False,1.0,US101 N/B,,,8/8/2018 11:45:02 AM,A,S,220.0,I-880,F,,D,8/8/2018 11:45:46 AM,8/8/2018 11:45:46 AM,,True,2,,,,,,,
786662,9340-2018-03843,1,False,9340,7/30/2018 6:55:00 PM,1855,281,1368,4313,San Jose,43,True,True,C,REAR END,,Monday,Yes,False,,,False,True,True,Santa Clara Superior,C,OTHER MOTOR VEHICLE,,2,0,CLEAR,, NO UNUSUAL CONDITIONS,, ,A,DAYLIGHT,37.31651,-121.92084,,,,,A,NO PEDESTRIANS INVOLVED,7/30/2018 12:00:00 AM,A,22350,True,1.0,MOORPARK AVENUE TO I-280 S/B ,,,8/8/2018 11:04:48 AM,A,N,1500.0,Meridian Ave,F,,D,8/8/2018 11:05:30 AM,8/8/2018 11:05:30 AM,,True,2,,,,,,,
786581,9725-2018-01227,1,False,9725,7/30/2018 1:30:00 PM,1330,015,1368,4313,San Jose,43,True,True,C,REAR END,,Monday,Yes,False,,,False,True,True,Santa Clara Superior,C,OTHER MOTOR VEHICLE,,1,0,CLEAR,, NO UNUSUAL CONDITIONS,, ,A,DAYLIGHT,37.1402,-121.4517,,,,,A,NO PEDESTRIANS INVOLVED,7/30/2018 12:00:00 AM,A,22350,False,1.0,US-101 N/B,,,8/8/2018 10:11:26 AM,A,S,1.0,BERNAL ROAD,M,,D,8/8/2018 10:12:02 AM,8/8/2018 10:12:02 AM,,True,2,,,,,,,
786463,9340-2018-03879,1,False,9340,8/1/2018 9:50:00 AM,950,087,1368,4313,San Jose,43,True,True,E,HIT OBJECT,,Wednesday,NotApplicable,False,,,False,True,False,Santa Clara Superior,I,FIXED OBJECT,CONCRETE BARRIER,0,0,CLEAR,, NO UNUSUAL CONDITIONS,, ,A,DAYLIGHT,37.3408,-121.8998,,,,,A,NO PEDESTRIANS INVOLVED,8/1/2018 12:00:00 AM,A,22107,False,1.0,SR-87 N/B,,,8/8/2018 8:56:45 AM,A,N,120.0,Julian St,F,,D,8/8/2018 8:57:24 AM,8/8/2018 8:57:24 AM,,True,2,,,,,,,
786444,9340-2018-03851,1,False,9340,7/31/2018 11:15:00 AM,1115,110,1368,4313,San Jose,43,True,True,C,REAR END,,Tuesday,NotApplicable,False,,,False,True,False,Santa Clara Superior,C,OTHER MOTOR VEHICLE,,0,0,CLEAR,, NO UNUSUAL CONDITIONS,, ,A,DAYLIGHT,37.3633,-121.8907,,,,,A,NO PEDESTRIANS INVOLVED,7/31/2018 12:00:00 AM,A,22350,False,1.0,US-101 N/B TO OLD OAKLAND RD,,,8/8/2018 8:44:49 AM,A,S,100.0,Oakland Rd,F,,D,8/8/2018 8:45:23 AM,8/8/2018 8:45:23 AM,,True,2,,,,,,,
786440,9340-2018-03834,1,False,9340,7/30/2018 3:50:00 PM,1550,110,1368,4313,San Jose,43,True,True,C,REAR END,,Monday,NotApplicable,False,,,False,True,False,Santa Clara Superior,C,OTHER MOTOR VEHICLE,,0,0,CLEAR,, NO UNUSUAL CONDITIONS,, ,A,DAYLIGHT,37.32862,-121.84198,,,,,A,NO PEDESTRIANS INVOLVED,7/30/2018 12:00:00 AM,A,22350,False,1.0,US-101 S/B,,,8/8/2018 8:42:18 AM,A,N,2445.0,TULLY ROAD,F,,D,8/8/2018 8:42:53 AM,8/8/2018 8:42:53 AM,,True,2,,,,,,,
786391,9340-2018-03788,1,False,9340,7/27/2018 6:55:00 PM,1855,088,1368,4313,San Jose,43,True,True,C,REAR END,,Friday,Yes,False,,,False,True,True,Santa Clara Superior,C,OTHER MOTOR VEHICLE,,1,0,CLEAR,, NO UNUSUAL CONDITIONS,, ,A,DAYLIGHT,37.357502,-121.908275,,,,,A,NO PEDESTRIANS INVOLVED,7/27/2018 12:00:00 AM,A,22350,True,1.0,I-880 S/B,,,8/8/2018 8:04:59 AM,A,S,400.0,1st Street,F,,D,8/8/2018 8:05:46 AM,8/8/2018 8:05:46 AM,,True,2,,,,,,,
786079,9340-2018-03900,1,False,9340,8/1/2018 8:00:00 PM,2000,681,1368,4313,San Jose,43,True,True,B,SIDE SWIPE,,Wednesday,NotApplicable,False,,,False,True,False,Santa Clara Superior,C,OTHER MOTOR VEHICLE,,0,0,CLEAR,, NO UNUSUAL CONDITIONS,, ,A,DAYLIGHT,37.897809,-121.987097,,,,,A,NO PEDESTRIANS INVOLVED,8/1/2018 12:00:00 AM,A,22107,False,1.0,I-680 N/B,,,8/7/2018 2:57:48 PM,A,N,750.0,McKee Rd,F,,D,8/7/2018 2:58:23 PM,8/7/2018 2:58:23 PM,,True,2,,,,,,,
786037,9340-2018-03878,1,False,9340,8/1/2018 7:50:00 AM,750,110,1368,4313,San Jose,43,True,True,C,REAR END,,Wednesday,NotApplicable,False,,,False,True,False,Santa Clara Superior,C,OTHER MOTOR VEHICLE,,0,0,CLEAR,, NO UNUSUAL CONDITIONS,, ,A,DAYLIGHT,37.2922,-121.8097,,,,,A,NO PEDESTRIANS INVOLVED,8/1/2018 12:00:00 AM,A,22350,False,1.0,US101 N/B,,,8/7/2018 2:28:53 PM,A,S,900.0,Yerba Buena Rd,F,,D,8/7/2018 2:31:17 PM,8/7/2018 2:31:17 PM,,True,2,,,,,,,
786031,9340-2018-03883,1,False,9340,8/1/2018 12:05:00 PM,1205,110,1368,4313,San Jose,43,True,True,B,SIDE SWIPE,,Wednesday,NotApplicable,False,M,,False,True,False,Santa Clara Superior,C,OTHER MOTOR VEHICLE,,0,0,CLEAR,, NO UNUSUAL CONDITIONS,, ,A,DAYLIGHT,37.3152,-121.8281,,,,,A,NO PEDESTRIANS INVOLVED,8/1/2018 12:00:00 AM,A,21755,False,1.0, US-101 N/B (TO TULLY RD),,,8/7/2018 2:25:56 PM,A,S,1000.0,Tully Rd,F,,D,8/7/2018 2:26:29 PM,8/7/2018 2:26:29 PM,,True,2,,,,,,,
785882,9340-2018-03617,1,False,9340,7/19/2018 3:50:00 PM,1550,087,1368,4313,San Jose,43,True,True,C,REAR END,,Thursday,NotApplicable,False,,,False,True,False,Santa Clara Superior,C,OTHER MOTOR VEHICLE,,0,0,CLEAR,, NO UNUSUAL CONDITIONS,, ,A,DAYLIGHT,37.29799,-121.87454,,,,,A,NO PEDESTRIANS INVOLVED,7/19/2018 12:00:00 AM,A,22350,True,1.0,SR-87 S/B,,,8/7/2018 12:26:05 PM,A,N,1000.0,Curtner Ave,F,,D,8/7/2018 12:26:53 PM,8/7/2018 12:26:53 PM,,True,2,,,,,,,
785784,9340-2018-03867,1,False,9340,7/31/2018 4:30:00 PM,1630,083,1368,4313,San Jose,43,True,True,C,REAR END,,Tuesday,NotApplicable,False,M,,False,True,False,Santa Clara Superior,C,OTHER MOTOR VEHICLE,,0,0,CLEAR,, NO UNUSUAL CONDITIONS,, ,A,DAYLIGHT,37.24987,-121.90908,,,,,A,NO PEDESTRIANS INVOLVED,7/31/2018 12:00:00 AM,A,22350,False,1.0,SR-85 S/B,,,8/7/2018 11:12:22 AM,A,N,2500.0,Camden Ave,F,,D,8/7/2018 11:13:02 AM,8/7/2018 11:13:02 AM,,True,2,,,,,,,
785746,9340-2018-03849,1,False,9340,7/31/2018 5:50:00 AM,550,087,1368,4313,San Jose,43,True,True,B,SIDE SWIPE,,Tuesday,Yes,False,M,,False,True,True,Santa Clara Superior,C,OTHER MOTOR VEHICLE,,0,0,CLEAR,, NO UNUSUAL CONDITIONS,, ,B,DUSK-DAWN,37.3708,-121.9267,,,,,A,NO PEDESTRIANS INVOLVED,7/31/2018 12:00:00 AM,A,21658(a),False,1.0,SR-87 N/B,,,8/7/2018 10:46:48 AM,A,S,2000.0,US101,F,,D,8/7/2018 10:48:29 AM,8/7/2018 10:48:29 AM,,True,2,,,,,,,
785728,9340-2018-03831,1,False,9340,7/30/2018 12:15:00 PM,1215,281,1368,4313,San Jose,43,True,True,B,SIDE SWIPE,,Monday,NotApplicable,False,M,,False,True,False,Santa Clara Superior,C,OTHER MOTOR VEHICLE,,0,0,CLEAR,, NO UNUSUAL CONDITIONS,, ,A,DAYLIGHT,37.318132,-121.902136,,,,,A,NO PEDESTRIANS INVOLVED,7/30/2018 12:00:00 AM,A,21658(a),False,2.0,I-280 S/B,,,8/7/2018 10:38:31 AM,A,S,500.0,Meridian Ave,F,,D,8/7/2018 10:39:05 AM,8/7/2018 10:39:05 AM,,True,2,,,,,,,
785718,9340-2018-03823,1,False,9340,7/28/2018 8:40:00 AM,840,281,1368,4313,San Jose,43,True,True,B,SIDE SWIPE,,Saturday,NotApplicable,False,M,,False,True,False,Santa Clara Superior,C,OTHER MOTOR VEHICLE,,0,0,CLEAR,, NO UNUSUAL CONDITIONS,, ,A,DAYLIGHT,37.316953,-121.922137,,,,,A,NO PEDESTRIANS INVOLVED,7/28/2018 12:00:00 AM,A,21658(a),False,1.0,I-280,,,8/7/2018 10:34:47 AM,A,N,500.0,Meridian Ave,F,,D,8/7/2018 10:35:53 AM,8/7/2018 10:35:53 AM,,True,2,,,,,,,
785707,9340-2018-03803,1,False,9340,7/27/2018 6:00:00 AM,600,089,1368,4313,San Jose,43,True,True,B,SIDE SWIPE,,Friday,NotApplicable,False,,,False,True,False,Santa Clara Superior,C,OTHER MOTOR VEHICLE,,0,0,CLOUDY,, NO UNUSUAL CONDITIONS,, ,B,DUSK-DAWN,37.369466,-121.901616,,,,,A,NO PEDESTRIANS INVOLVED,7/27/2018 12:00:00 AM,A,21658(a),False,2.0,I-880,,,8/7/2018 10:31:30 AM,A,S,500.0,Brokaw Rd,F,,D,8/7/2018 10:32:22 AM,8/7/2018 10:32:22 AM,,True,2,,,,,,,
785693,9340-2018-03785,1,False,9340,7/27/2018 1:10:00 PM,1310,281,1368,4313,San Jose,43,True,True,C,REAR END,,Friday,NotApplicable,False,,,False,True,False,Santa Clara Superior,C,OTHER MOTOR VEHICLE,,0,0,CLEAR,, NO UNUSUAL CONDITIONS,, ,A,DAYLIGHT,37.192117,-121.534748,,,,,A,NO PEDESTRIANS INVOLVED,7/27/2018 12:00:00 AM,A,22350,False,1.0,S/B I-280 TO S/B SR-87,,,8/7/2018 10:20:28 AM,A,S,440.0,Bird Ave,F,,D,8/7/2018 10:21:11 AM,8/7/2018 10:21:11 AM,,True,2,,,,,,,
785656,9725-2018-01208,1,False,9725,7/28/2018 3:35:00 AM,335,013,1368,4313,San Jose,43,True,True,B,SIDE SWIPE,,Saturday,Yes,False,,,False,True,True,Santa Clara Superior,C,OTHER MOTOR VEHICLE,,2,0,CLEAR,, NO UNUSUAL CONDITIONS,, ,D,DARK-NO STREET LIGHTS,37.227156,-121.743807,,,,,A,NO PEDESTRIANS INVOLVED,7/28/2018 12:00:00 AM,A,21658(a),False,1.0,US-101 S/B,,,8/7/2018 9:55:36 AM,A,S,500.0,Metcalf Rd,F,,D,8/7/2018 9:56:19 AM,8/7/2018 9:56:19 AM,,True,2,,,,,,,
785627,9340-2018-03812,1,False,9340,7/29/2018 1:10:00 PM,1310,281,1368,4313,San Jose,43,True,True,E,HIT OBJECT,,Sunday,Yes,False,,,False,True,True,Santa Clara Superior,I,FIXED OBJECT,CONCRETE WALL,1,0,CLEAR,, NO UNUSUAL CONDITIONS,, ,A,DAYLIGHT,37.192123,-121.533463,,,,,A,NO PEDESTRIANS INVOLVED,7/29/2018 12:00:00 AM,A,22107,False,1.0,S/B i-280 TO S/B SR-87,,,8/7/2018 9:41:54 AM,A,S,1420.0,Bird Ave,F,,D,8/7/2018 9:42:38 AM,8/7/2018 9:42:38 AM,,True,2,,,,,,,
785325,9340-2018-03837,1,False,9340,7/30/2018 6:25:00 PM,1825,089,1368,4313,San Jose,43,True,True,C,REAR END,,Monday,NotApplicable,False,M,,False,True,True,Santa Clara Superior,C,OTHER MOTOR VEHICLE,,0,0,CLEAR,, NO UNUSUAL CONDITIONS,, ,A,DAYLIGHT,37.386913,-121.905619,,,,,A,NO PEDESTRIANS INVOLVED,7/30/2018 12:00:00 AM,A,22350,False,1.0,I-880 S/B,,,8/7/2018 5:15:54 AM,A,N,420.0,Brokaw Rd,F,,D,8/7/2018 5:16:34 AM,8/7/2018 5:16:34 AM,,True,2,,,,,,,
785187,9340-2018-03855,1,False,9340,7/31/2018 5:50:00 AM,550,087,1368,4313,San Jose,43,True,True,C,REAR END,,Tuesday,NotApplicable,False,,,False,True,True,Santa Clara Superior,C,OTHER MOTOR VEHICLE,,1,0,CLEAR,, NO UNUSUAL CONDITIONS,, ,A,DAYLIGHT,37.3716,-121.9269,,,,,A,NO PEDESTRIANS INVOLVED,7/31/2018 12:00:00 AM,A,22350,False,1.0,SR-87 N/B,,,8/6/2018 3:25:26 PM,A,S,150.0,US-101,F,,D,8/6/2018 3:26:10 PM,8/6/2018 3:26:10 PM,,True,2,,,,,,,
785180,9340-2018-03757,1,False,9340,7/25/2018 1:47:00 PM,1347,110,1368,4313,San Jose,43,True,True,C,REAR END,,Wednesday,NotApplicable,False,,,False,True,True,Santa Clara Superior,C,OTHER MOTOR VEHICLE,,0,0,CLEAR,, NO UNUSUAL CONDITIONS,, ,A,DAYLIGHT,37.3463,-121.85836,,,,,A,NO PEDESTRIANS INVOLVED,7/25/2018 12:00:00 AM,A,22350,False,1.0,US-101 N/B,,,8/6/2018 3:15:54 PM,A,S,50.0,San Antonio St,F,,D,8/6/2018 3:16:30 PM,8/6/2018 3:16:30 PM,,True,2,,,,,,,
785167,9340-2018-03773,1,False,9340,7/25/2018 6:25:00 PM,1825,089,1368,4313,San Jose,43,True,True,C,REAR END,,Wednesday,NotApplicable,False,M,,False,True,False,Santa Clara Superior,C,OTHER MOTOR VEHICLE,,0,0,CLEAR,, NO UNUSUAL CONDITIONS,, ,A,DAYLIGHT,37.39864,-121.908425,,,,,A,NO PEDESTRIANS INVOLVED,7/26/2018 12:00:00 AM,A,22350,False,1.0,I-880 S/B,,,8/6/2018 2:54:36 PM,A,N,500.0,Montague Expressway,F,,D,8/6/2018 2:58:30 PM,8/6/2018 2:58:30 PM,,True,2,,,,,,,
784961,9340-2018-03771,1,False,9340,7/26/2018 6:15:00 PM,1815,281,1368,4313,San Jose,43,True,True,B,SIDE SWIPE,,Thursday,NotApplicable,False,M,,False,True,True,Santa Clara Superior,C,OTHER MOTOR VEHICLE,,0,0,CLEAR,, NO UNUSUAL CONDITIONS,, ,A,DAYLIGHT,37.989898,-121.098098,,,,,A,NO PEDESTRIANS INVOLVED,7/26/2018 12:00:00 AM,A,22350,True,1.0,I-280 NB TO 7TH ST.,,,8/6/2018 12:54:10 PM,A,S,100.0,7th St,F,,D,8/6/2018 12:54:52 PM,8/6/2018 12:54:52 PM,,True,2,,,,,,,
784936,9340-2018-03805,1,False,9340,7/28/2018 2:20:00 PM,1420,120,1368,4313,San Jose,43,True,True,B,SIDE SWIPE,,Saturday,NotApplicable,False,,,False,True,True,Santa Clara Superior,C,OTHER MOTOR VEHICLE,,1,0,CLEAR,, NO UNUSUAL CONDITIONS,, ,A,DAYLIGHT,37.380816,-121.959403,,,,,A,NO PEDESTRIANS INVOLVED,7/28/2018 12:00:00 AM,A,21658(a),False,1.0,US101 N/B,,,8/6/2018 12:32:51 PM,A,S,1325.0,Montague Expy,F,,D,8/6/2018 12:33:32 PM,8/6/2018 12:33:32 PM,,True,2,,,,,,,