Collision Id,	Report Number,	Report Version,	Is Preliminary,	NCIC Code,Crash Date Time,	Crash Time Description,	Beat,City Id,	City Code,	City Name,County Code,	City Is Active,	City Is Incorporated,	Collision Type Code,Collision Type Description,	Collision Type Other Desc,	Day Of Week,	DispatchNotified,	HasPhotographs,	HitRun,	IsAttachmentsMailed,	IsDeleted,	IsHighwayRelated,	IsTowAway,	JudicialDistrict,	MotorVehicleInvolvedWithCode,	MotorVehicleInvolvedWithDesc,MotorVehicleInvolvedWithOtherDesc,	NumberInjured,	NumberKilled,Weather 1, Weather 2, Road Condition 1, Road Condition 2, Special Condition,LightingCode, LightingDescription,Latitude,Longitude,MilepostDirection,MilepostDistance,MilepostMarker,MilepostUnitOfMeasure,	PedestrianActionCode,PedestrianActionDesc,PreparedDate,	Primary Collision Factor Code,Primary Collision Factor Violation,PrimaryCollisionFactorIsCited,	PrimaryCollisionPartyNumber,	PrimaryRoad,	ReportingDistrict,	ReportingDistrictCode,ReviewedDate,	RoadwaySurfaceCode,SecondaryDirection,	SecondaryDistance,	SecondaryRoad,	SecondaryUnitOfMeasure,	SketchDesc,	TrafficControlDeviceCode,CreatedDate,	ModifiedDate,IsCountyRoad,IsFreeway,CHP555Version,	IsAdditonalObjectStruck,NotificationDate,	NotificationTimeDescription,	HasDigitalMediaFiles,	EvidenceNumber,	IsLocationReferToNarrative,	IsAOIOneSameAsLocation
810366,9340-2018-04432,1,False,9340,8/29/2018 8:00:00 AM,800,110,1368,4313,San Jose,43,True,True,C,REAR END,,Wednesday,NotApplicable,False,,,False,True,True,Santa Clara Superior,C,OTHER MOTOR VEHICLE,,2,0,CLEAR,, NO UNUSUAL CONDITIONS,, ,A,DAYLIGHT,37.26353,-121.80106,,,,,A,NO PEDESTRIANS INVOLVED,8/30/2018 12:00:00 AM,A,21658(a),False,1.0,US101 S/B,,,9/11/2018 1:44:19 PM,A,N,0.4,Blossom Hill Rd,M,,D,9/11/2018 1:44:55 PM,9/11/2018 1:44:55 PM,,True,2,,,,,,,
810304,9340-2018-04527,1,False,9340,9/1/2018 2:55:00 AM,255,281,1368,4313,San Jose,43,True,True,E,HIT OBJECT,,Saturday,Yes,False,,,False,True,True,Santa Clara Superior,I,FIXED OBJECT,SHRUB,1,0,CLEAR,, NO UNUSUAL CONDITIONS,, ,C,DARK-STREET LIGHTS,37.328174,-121.87536,,,,,A,NO PEDESTRIANS INVOLVED,9/1/2018 12:00:00 AM,A,22107,False,1.0,I-280 N/B,,,9/11/2018 1:00:52 PM,A,S,80.0,7th St,F,,D,9/11/2018 1:01:41 PM,9/11/2018 1:01:41 PM,,True,2,,,,,,,
810227,9340-2018-04500,1,False,9340,9/1/2018 1:40:00 PM,1340,120,1368,4313,San Jose,43,True,True,C,REAR END,,Saturday,NotApplicable,False,M,,False,True,False,Santa Clara Superior,C,OTHER MOTOR VEHICLE,,0,0,CLEAR,, NO UNUSUAL CONDITIONS,, ,A,DAYLIGHT,37.3761,-121.93789,,,,,A,NO PEDESTRIANS INVOLVED,9/1/2018 12:00:00 AM,A,22350,False,1.0,US101 N/B,,,9/11/2018 12:07:48 PM,A,S,500.0,Trimble Rd,F,,D,9/11/2018 12:08:32 PM,9/11/2018 12:08:32 PM,,True,2,,,,,,,
810052,9340-2018-04519,1,False,9340,8/31/2018 4:00:00 PM,1600,281,1368,4313,San Jose,43,True,True,C,REAR END,,Friday,NotApplicable,False,M,,False,True,False,Santa Clara Superior,C,OTHER MOTOR VEHICLE,,0,0,CLEAR,, NO UNUSUAL CONDITIONS,, ,A,DAYLIGHT,37.3173,-121.9039,,,,,A,NO PEDESTRIANS INVOLVED,8/31/2018 12:00:00 AM,A,22350,False,1.0,I-280 S/B,,,9/11/2018 10:26:41 AM,A,N,250.0,Bird Ave.,F,,D,9/11/2018 10:28:38 AM,9/11/2018 10:28:38 AM,,True,2,,,,,,,
810046,9340-2018-04469,1,False,9340,8/31/2018 10:00:00 AM,1000,110,1368,4313,San Jose,43,True,True,E,HIT OBJECT,,Friday,NotApplicable,False,,,False,True,True,Santa Clara Superior,I,FIXED OBJECT,GUARDRAIL,0,0,CLEAR,, NO UNUSUAL CONDITIONS,, ,A,DAYLIGHT,37.258699,-121.797671,,,,,A,NO PEDESTRIANS INVOLVED,8/31/2018 12:00:00 AM,A,22107,False,1.0,US101 S/B,,,9/11/2018 10:24:54 AM,A,N,200.0,Blossom Hill Rd,F,,D,9/11/2018 10:25:24 AM,9/11/2018 10:25:24 AM,,True,2,,,,,,,
810034,9340-2018-04486,1,False,9340,8/31/2018 3:50:00 PM,1550,087,1368,4313,San Jose,43,True,True,B,SIDE SWIPE,,Friday,NotApplicable,False,,,False,True,True,Santa Clara Superior,C,OTHER MOTOR VEHICLE,,0,0,CLEAR,, NO UNUSUAL CONDITIONS,, ,A,DAYLIGHT,37.27925,-121.86481,,,,,A,NO PEDESTRIANS INVOLVED,8/31/2018 12:00:00 AM,A,21658(a),False,,SR-87 S/B,,,9/11/2018 10:19:38 AM,A,N,1390.0,Capitol Expy,F,,D,9/11/2018 10:20:13 AM,9/11/2018 10:20:13 AM,,True,2,,,,,,,
810025,9340-2018-04406,1,False,9340,8/29/2018 2:15:00 PM,1415,120,1368,4313,San Jose,43,True,True,C,REAR END,,Wednesday,NotApplicable,False,M,,False,True,False,Santa Clara Superior,C,OTHER MOTOR VEHICLE,,0,0,CLEAR,, NO UNUSUAL CONDITIONS,, ,A,DAYLIGHT,37.214567,-121.533029,,,,,A,NO PEDESTRIANS INVOLVED,8/29/2018 12:00:00 AM,A,22350,False,1.0, US 101 S/B TO OAKLAND ROAD,,,9/11/2018 10:14:04 AM,A,N,32.0,Oakland Rd,F,,D,9/11/2018 10:14:41 AM,9/11/2018 10:14:41 AM,,True,2,,,,,,,
809952,9340-2018-04472,1,False,9340,8/31/2018 9:15:00 AM,915,083,1368,4313,San Jose,43,True,True,C,REAR END,,Friday,NotApplicable,False,,,False,True,False,Santa Clara Superior,C,OTHER MOTOR VEHICLE,,0,0,CLEAR,, NO UNUSUAL CONDITIONS,, ,A,DAYLIGHT,37.250727,-121.907006,,,,,A,NO PEDESTRIANS INVOLVED,8/31/2018 12:00:00 AM,A,22350,False,1.0,SR-85 N/B,,,9/11/2018 9:42:08 AM,A,S,900.0,Camden Ave,F,,D,9/11/2018 9:42:38 AM,9/11/2018 9:42:38 AM,,True,2,,,,,,,
809923,9340-2018-04480,1,False,9340,8/31/2018 3:50:00 PM,1550,281,1368,4313,San Jose,43,True,True,C,REAR END,,Friday,NotApplicable,False,,,False,True,True,Santa Clara Superior,C,OTHER MOTOR VEHICLE,,1,0,CLEAR,, NO UNUSUAL CONDITIONS,, ,A,DAYLIGHT,37.331338,-121.865829,,,,,A,NO PEDESTRIANS INVOLVED,8/31/2018 12:00:00 AM,A,22350,False,1.0,I-280 N/B,,,9/11/2018 9:25:02 AM,A,S,1900.0,11th St,F,,D,9/11/2018 9:25:36 AM,9/11/2018 9:25:36 AM,,True,2,,,,,,,
809893,9340-2018-04461,1,False,9340,8/30/2018 11:45:00 PM,2345,110,1368,4313,San Jose,43,True,True,E,HIT OBJECT,,Thursday,Yes,False,F,,False,True,True,Santa Clara Superior,I,FIXED OBJECT,CONCRETE DIVIDER,2,0,CLEAR,, NO UNUSUAL CONDITIONS,, ,D,DARK-NO STREET LIGHTS,37.267567,-121.802078,,,,,A,NO PEDESTRIANS INVOLVED,8/30/2018 12:00:00 AM,A,22107,False,1.0,US101 N/B,,,9/11/2018 9:11:36 AM,A,N,3800.0,Blossom Hill Rd,F,,D,9/11/2018 9:12:35 AM,9/11/2018 9:12:35 AM,,True,2,,,,,,,
809873,9340-2018-04402,1,False,9340,8/28/2018 3:50:00 PM,1550,089,1368,4313,San Jose,43,True,True,C,REAR END,,Tuesday,NotApplicable,False,,,False,True,False,Santa Clara Superior,C,OTHER MOTOR VEHICLE,,0,0,CLEAR,, NO UNUSUAL CONDITIONS,, ,A,DAYLIGHT,37.37354,-121.90267,,,,,A,NO PEDESTRIANS INVOLVED,8/28/2018 12:00:00 AM,A,22350,False,1.0,I-880 S/B,,,9/11/2018 9:04:01 AM,A,N,2500.0,Old Bayshore Hwy,F,,D,9/11/2018 9:04:38 AM,9/11/2018 9:04:38 AM,,True,2,,,,,,,
809864,9340-2018-04455,1,False,9340,8/30/2018 5:30:00 PM,1730,282,1368,4313,San Jose,43,True,True,C,REAR END,,Thursday,Yes,False,,,False,True,True,Santa Clara Superior,C,OTHER MOTOR VEHICLE,,1,0,CLEAR,, NO UNUSUAL CONDITIONS,, ,A,DAYLIGHT,37.3165,-121.9577,,,,,A,NO PEDESTRIANS INVOLVED,8/30/2018 12:00:00 AM,A,22350,False,1.0,I-280 N/B,,,9/11/2018 8:57:47 AM,A,N,500.0,Winchester Blvd,F,,D,9/11/2018 8:58:28 AM,9/11/2018 8:58:28 AM,,True,2,,,,,,,
809813,9725-2018-01458,1,False,9725,9/8/2018 12:00:00 PM,1200,015,1368,4313,San Jose,43,True,True,E,HIT OBJECT,,Saturday,NotApplicable,False,,,False,True,False,San Jose Superior,I,FIXED OBJECT,DIRT EMBANKMENT,0,0,CLEAR,, NO UNUSUAL CONDITIONS,, ,A,DAYLIGHT,37.23086,-121.7496,,,,,A,NO PEDESTRIANS INVOLVED,9/8/2018 12:00:00 AM,A,22107,False,1.0,US-101 S/B,,,9/11/2018 8:28:23 AM,A,N,0.1,Metcalf Rd,M,,D,9/11/2018 8:28:58 AM,9/11/2018 8:28:58 AM,,True,2,,,,,,,
809801,9340-2018-04665,1,False,9340,9/11/2018 12:35:00 AM,35,120,1368,4313,San Jose,43,True,True,E,HIT OBJECT,,Tuesday,Yes,False,,,False,True,True,Santa Clara Superior,I,FIXED OBJECT,DIRT GRASS SHOULDER,0,0,CLEAR,, NO UNUSUAL CONDITIONS,, ,C,DARK-STREET LIGHTS,37.386351,-121.977951,,,,,A,NO PEDESTRIANS INVOLVED,9/11/2018 12:00:00 AM,A,23152(a),True,1.0,US101 N/B,,,9/11/2018 8:21:37 AM,A,N,320.0,Great America Pky,F,,D,9/11/2018 8:22:15 AM,9/11/2018 8:22:15 AM,,True,2,,,,,,,
809779,9725-2018-01437,1,False,9725,9/5/2018 5:38:00 PM,1738,085,1368,4313,San Jose,43,True,True,C,REAR END,,Wednesday,Yes,False,,,False,True,True,Santa Clara Superior,C,OTHER MOTOR VEHICLE,,2,0,CLEAR,, NO UNUSUAL CONDITIONS,, ,A,DAYLIGHT,37.2413,-121.7957,S,0.4,85 SCL 1.973,M,A,NO PEDESTRIANS INVOLVED,9/5/2018 12:00:00 AM,A,22350,False,2.0,NORTHBOUND SR-85,,,9/11/2018 8:11:08 AM,A,S,0.4,COTTLE ROAD,M,,D,9/11/2018 8:11:55 AM,9/11/2018 8:11:55 AM,,True,2,,,,,,,
809376,9340-2018-02160,1,False,9340,4/28/2018 10:33:00 PM,2233,281,1368,4313,San Jose,43,True,True,C,REAR END,,Saturday,Yes,True,,,False,True,True,Santa Clara Superior,C,OTHER MOTOR VEHICLE,,1,2,CLEAR,, NO UNUSUAL CONDITIONS,, Fatal,C,DARK-STREET LIGHTS,37.32378,-121.89369,,,,,E,IN ROAD - INCLUDES SHOULDER,4/28/2018 12:00:00 AM,A,22350,False,2.0,I-280 S/B,,,9/10/2018 2:56:44 PM,A,N,543.0,I-280 N/B TO SR-87 S/B,F,,D,9/10/2018 2:57:42 PM,9/10/2018 2:57:42 PM,,True,2,,,,,,,
809350,9340-2018-02161,1,False,9340,4/28/2018 10:30:00 PM,2230,281,1368,4313,San Jose,43,True,True,E,HIT OBJECT,,Saturday,NotApplicable,False,,,False,True,True,Santa Clara Superior,I,FIXED OBJECT,CONCRETE BARRIER WALL,0,0,CLEAR,, NO UNUSUAL CONDITIONS,, ,C,DARK-STREET LIGHTS,37.32347,-121.89415,,,,,A,NO PEDESTRIANS INVOLVED,4/28/2018 12:00:00 AM,A,22107,False,1.0,I-280 S/B,,,9/10/2018 2:43:05 PM,A,N,618.0,I-280 N/B TO SR-87 S/B,F,,D,9/10/2018 2:43:46 PM,9/10/2018 2:43:46 PM,,True,2,,,,,,,
809101,9340-2018-04485,1,False,9340,8/31/2018 2:00:00 PM,1400,087,1368,4313,San Jose,43,True,True,B,SIDE SWIPE,,Friday,NotApplicable,False,,,False,True,False,Santa Clara Superior,C,OTHER MOTOR VEHICLE,,1,0,CLEAR,, NO UNUSUAL CONDITIONS,, ,A,DAYLIGHT,37.33825,-121.89852,,,,,A,NO PEDESTRIANS INVOLVED,8/31/2018 12:00:00 AM,A,21658(a),False,1.0,SR-87 S/B,,,9/10/2018 12:07:55 PM,A,N,400.0,Julian St,F,,D,9/10/2018 12:08:38 PM,9/10/2018 12:08:38 PM,,True,2,,,,,,,
809090,9340-2018-04497,1,False,9340,8/31/2018 2:05:00 PM,1405,085,1368,4313,San Jose,43,True,True,C,REAR END,,Friday,Yes,False,,,False,True,True,Santa Clara Superior,C,OTHER MOTOR VEHICLE,,1,0,CLEAR,, NO UNUSUAL CONDITIONS,, ,A,DAYLIGHT,37.252267,-121.938853,,,,,A,NO PEDESTRIANS INVOLVED,8/31/2018 12:00:00 AM,A,22350,False,1.0,SR-85 S/B,,,9/10/2018 12:00:07 PM,A,N,2500.0,Union Ave,F,,D,9/10/2018 12:00:48 PM,9/10/2018 12:00:48 PM,,True,2,,,,,,,
809083,9340-2018-04477,1,False,9340,8/31/2018 1:55:00 PM,1355,681,1368,4313,San Jose,43,True,True,C,REAR END,,Friday,NotApplicable,False,,,False,True,False,Santa Clara Superior,C,OTHER MOTOR VEHICLE,,0,0,CLEAR,, NO UNUSUAL CONDITIONS,, ,A,DAYLIGHT,37.34287,-121.84615,,,,,A,NO PEDESTRIANS INVOLVED,8/31/2018 12:00:00 AM,A,21658(a),False,1.0,I-680 S/B,,,9/10/2018 11:53:43 AM,A,N,150.0,King Rd,F,,D,9/10/2018 11:54:17 AM,9/10/2018 11:54:17 AM,,True,2,,,,,,,
809078,9340-2018-04530,1,False,9340,8/29/2018 8:00:00 AM,800,281,1368,4313,San Jose,43,True,True,C,REAR END,,Wednesday,NotApplicable,False,,,False,True,False,Santa Clara Superior,C,OTHER MOTOR VEHICLE,,0,0,CLEAR,, NO UNUSUAL CONDITIONS,, ,A,DAYLIGHT,37.19037,-121.552312,,,,,A,NO PEDESTRIANS INVOLVED,8/29/2018 12:00:00 AM,A,21658(a),False,1.0,I-280 S/B,,,9/10/2018 11:51:32 AM,A,N,2110.0,Meridian Ave,F,,D,9/10/2018 11:52:06 AM,9/10/2018 11:52:06 AM,,True,2,,,,,,,
808943,9340-2018-04481,1,False,9340,8/31/2018 6:35:00 PM,1835,240,1368,4313,San Jose,43,True,True,C,REAR END,,Friday,NotApplicable,False,,,False,True,False,Santa Clara Superior,C,OTHER MOTOR VEHICLE,,0,0,CLEAR,, NO UNUSUAL CONDITIONS,, ,B,DUSK-DAWN,37.41752,-121.94971,,,,,A,NO PEDESTRIANS INVOLVED,8/31/2018 12:00:00 AM,A,22350,False,1.0,SR-237 E/B from North First Street,,,9/10/2018 10:27:11 AM,A,E,200.0,north first street,F,,A,9/10/2018 10:27:46 AM,9/10/2018 10:27:46 AM,,True,2,,,,,,,
808899,9340-2018-04457,1,False,9340,8/29/2018 2:50:00 PM,1450,281,1368,4313,San Jose,43,True,True,B,SIDE SWIPE,,Wednesday,NotApplicable,False,,,False,True,False,Santa Clara Superior,C,OTHER MOTOR VEHICLE,,0,0,CLEAR,, NO UNUSUAL CONDITIONS,, ,A,DAYLIGHT,37.188919,-121.545625,,,,,A,NO PEDESTRIANS INVOLVED,8/30/2018 12:00:00 AM,A,22107,False,1.0,I-280 S/B,,,9/10/2018 10:03:23 AM,A,S,440.0,RACE STREET O/C,F,,D,9/10/2018 10:03:57 AM,9/10/2018 10:03:57 AM,,True,2,,,,,,,
808779,9340-2018-04424,1,False,9340,8/30/2018 7:25:00 AM,725,110,1368,4313,San Jose,43,True,True,C,REAR END,,Thursday,NotApplicable,False,,,False,True,False,Santa Clara Superior,C,OTHER MOTOR VEHICLE,,0,0,CLEAR,, NO UNUSUAL CONDITIONS,, School Bus Collision,A,DAYLIGHT,37.2872,-121.8093,,,,,A,NO PEDESTRIANS INVOLVED,8/30/2018 12:00:00 AM,A,22350,False,1.0,US-101 N/B,,,9/10/2018 8:56:49 AM,A,N,1500.0,Hellyer Ave,F,,D,9/10/2018 8:57:35 AM,9/10/2018 8:57:35 AM,,True,2,,,,,,,
808679,9340-2018-04451,1,False,9340,8/30/2018 5:20:00 PM,1720,282,1368,4313,San Jose,43,True,True,C,REAR END,,Thursday,NotApplicable,False,,,False,True,True,Santa Clara Superior,C,OTHER MOTOR VEHICLE,,0,0,CLEAR,, NO UNUSUAL CONDITIONS,, ,A,DAYLIGHT,37.316313,-121.961343,,,,,A,NO PEDESTRIANS INVOLVED,8/30/2018 12:00:00 AM,A,22350,False,1.0,I-280 S/B,,,9/10/2018 7:52:34 AM,A,N,2500.0,Winchester Blvd,F,,D,9/10/2018 7:53:04 AM,9/10/2018 7:53:04 AM,,True,2,,,,,,,
808648,9340-2018-04504,1,False,9340,9/2/2018 5:40:00 AM,540,088,1368,4313,San Jose,43,True,True,E,HIT OBJECT,,Sunday,Yes,False,,,False,True,True,Santa Clara Superior,I,FIXED OBJECT,DIRT/GRASS embankment,0,0,CLEAR,, NO UNUSUAL CONDITIONS,, ,D,DARK-NO STREET LIGHTS,37.356835,-121.907237,,,,,A,NO PEDESTRIANS INVOLVED,9/2/2018 12:00:00 AM,A,23152(a),True,1.0,I-880 N/B TO N. 1ST ST.,,,9/10/2018 7:30:57 AM,A,S,200.0,1 st,F,,D,9/10/2018 7:31:35 AM,9/10/2018 7:31:35 AM,,True,2,,,,,,,
808580,9340-2018-04423,1,False,9340,8/30/2018 6:05:00 AM,605,110,1368,4313,San Jose,43,True,True,B,SIDE SWIPE,,Thursday,Yes,False,F,,False,True,False,Santa Clara Superior,C,OTHER MOTOR VEHICLE,,1,0,CLEAR,, NO UNUSUAL CONDITIONS,, ,B,DUSK-DAWN,37.3438,-121.8558,,,,,A,NO PEDESTRIANS INVOLVED,8/30/2018 12:00:00 AM,A,21658(a),False,1.0,US-101 N/B,,,9/10/2018 6:21:06 AM,A,N,500.0,I-280,F,,D,9/10/2018 6:21:49 AM,9/10/2018 6:21:49 AM,,True,2,,,,,,,
808572,9340-2018-04421,1,False,9340,8/30/2018 6:40:00 AM,640,681,1368,4313,San Jose,43,True,True,C,REAR END,,Thursday,NotApplicable,False,M,,False,True,False,Santa Clara Superior,C,OTHER MOTOR VEHICLE,,0,0,CLEAR,, NO UNUSUAL CONDITIONS,, ,B,DUSK-DAWN,37.3419,-121.8536,,,,,A,NO PEDESTRIANS INVOLVED,8/30/2018 12:00:00 AM,A,22350,False,1.0,I-680 S/B TRANSITION TO US-101 N/B,,,9/10/2018 6:13:58 AM,A,S,2200.0,King Rd,F,,D,9/10/2018 6:14:28 AM,9/10/2018 6:14:28 AM,,True,2,,,,,,,
808556,9340-2018-04474,1,False,9340,8/28/2018 4:45:00 PM,1645,681,1368,4313,San Jose,43,True,True,C,REAR END,,Tuesday,NotApplicable,False,,,False,True,False,Santa Clara Superior,C,OTHER MOTOR VEHICLE,,2,0,CLEAR,, NO UNUSUAL CONDITIONS,, ,A,DAYLIGHT,37.4045,-121.8774,,,,,A,NO PEDESTRIANS INVOLVED,8/28/2018 12:00:00 AM,A,22350,False,1.0,I-680 S/B,,,9/10/2018 5:49:05 AM,A,N,1940.0,Capitol Ave,F,,D,9/10/2018 5:49:43 AM,9/10/2018 5:49:43 AM,,True,2,,,,,,,
808468,9340-2018-04629,1,False,9340,9/8/2018 11:45:00 PM,2345,282,1368,4313,San Jose,43,True,True,E,HIT OBJECT,,Saturday,Yes,True,,,False,True,True,Santa Clara Superior,I,FIXED OBJECT,CONCRETE CURB,2,0,CLEAR,, NO UNUSUAL CONDITIONS,, ,D,DARK-NO STREET LIGHTS,37.31779,-121.97565,,,,,A,NO PEDESTRIANS INVOLVED,9/8/2018 12:00:00 AM,A,23152(a),True,1.0,I280 NB TO SARATOGA AVE WB,,,9/9/2018 10:21:33 AM,A,N,249.0,Saratoga Ave,F,,D,9/9/2018 10:22:24 AM,9/9/2018 10:22:24 AM,,True,2,,,,,,,
808240,9340-2018-04433,1,False,9340,8/29/2018 6:45:00 PM,1845,110,1368,4313,San Jose,43,True,True,C,REAR END,,Wednesday,NotApplicable,False,M,,False,True,False,Santa Clara Superior,C,OTHER MOTOR VEHICLE,,0,0,CLEAR,, NO UNUSUAL CONDITIONS,, ,A,DAYLIGHT,37.12199,-121.98771,,,,,A,NO PEDESTRIANS INVOLVED,8/29/2018 12:00:00 AM,A,22350,False,1.0,US-101 S/B,,,9/7/2018 3:00:41 PM,A,N,500.0,I-280,F,,D,9/7/2018 3:01:12 PM,9/7/2018 3:01:12 PM,,True,2,,,,,,,
808236,9340-2018-04425,1,False,9340,8/30/2018 6:25:00 AM,625,110,1368,4313,San Jose,43,True,True,C,REAR END,,Thursday,NotApplicable,False,,,False,True,False,Santa Clara Superior,C,OTHER MOTOR VEHICLE,,0,0,CLOUDY,, NO UNUSUAL CONDITIONS,, ,A,DAYLIGHT,37.328472,-121.840858,,,,,A,NO PEDESTRIANS INVOLVED,8/30/2018 12:00:00 AM,A,22350 VC,False,1.0,US-101 NORTHBOUND,,,9/7/2018 2:57:38 PM,A,S,1000.0,STORY ROAD,F,,D,9/7/2018 2:58:13 PM,9/7/2018 2:58:13 PM,,True,2,,,,,,,
808228,9340-2018-04436,1,False,9340,8/30/2018 7:15:00 AM,715,172,1368,4313,San Jose,43,True,True,C,REAR END,,Thursday,NotApplicable,False,,,False,True,True,Santa Clara Superior,C,OTHER MOTOR VEHICLE,,0,0,CLEAR,, NO UNUSUAL CONDITIONS,, ,A,DAYLIGHT,37.184766,-121.562552,,,,,A,NO PEDESTRIANS INVOLVED,8/30/2018 12:00:00 AM,A,22350,False,1.0,SR-17 N/B,,,9/7/2018 2:49:18 PM,A,S,1000.0,I-280,F,,D,9/7/2018 2:49:49 PM,9/7/2018 2:49:49 PM,,True,2,,,,,,,
808226,9340-2018-04454,1,False,9340,8/30/2018 4:40:00 PM,1640,088,1368,4313,San Jose,43,True,True,F,OVERTURNED,,Thursday,NotApplicable,False,,,False,True,True,Santa Clara Superior,A,NON-COLLISION,,2,0,CLEAR,, NO UNUSUAL CONDITIONS,, ,A,DAYLIGHT,37.204291,-121.55748,,,,,A,NO PEDESTRIANS INVOLVED,8/30/2018 12:00:00 AM,A,22107,False,1.0,I-880 N/B,,,9/7/2018 2:48:42 PM,A,N,550.0,PARK AVE. O/C,F,,D,9/7/2018 2:49:25 PM,9/7/2018 2:49:25 PM,,True,2,,,,,,,
808207,9340-2018-04427,1,False,9340,8/30/2018 8:37:00 AM,837,083,1368,4313,San Jose,43,True,True,C,REAR END,,Thursday,NotApplicable,False,,,False,True,False,Santa Clara Superior,C,OTHER MOTOR VEHICLE,,0,0,CLOUDY,, NO UNUSUAL CONDITIONS,, ,A,DAYLIGHT,37.2507,-121.912,,,,,A,NO PEDESTRIANS INVOLVED,8/30/2018 12:00:00 AM,A,22350 VC,False,1.0,SR-85 N/B,,,9/7/2018 2:30:23 PM,A,N,0.1,CAMDEN AVE.,M,,D,9/7/2018 2:32:09 PM,9/7/2018 2:32:09 PM,,True,2,,,,,,,
808191,9340-2018-04453,1,False,9340,8/30/2018 6:45:00 PM,1845,110,1368,4313,San Jose,43,True,True,C,REAR END,,Thursday,NotApplicable,False,,,False,True,False,Santa Clara Superior,C,OTHER MOTOR VEHICLE,,0,0,CLEAR,, NO UNUSUAL CONDITIONS,, ,A,DAYLIGHT,37.344438,-121.856861,,,,,A,NO PEDESTRIANS INVOLVED,8/30/2018 12:00:00 AM,A,22350,False,1.0,US101 S/B,,,9/7/2018 2:19:13 PM,A,S,850.0,E SAN ANTONIO ST,F,,D,9/7/2018 2:19:43 PM,9/7/2018 2:19:43 PM,,True,2,,,,,,,
808124,9340-2018-04426,1,False,9340,8/30/2018 7:45:00 AM,745,083,1368,4313,San Jose,43,True,True,C,REAR END,,Thursday,NotApplicable,False,,,False,True,False,Santa Clara Superior,C,OTHER MOTOR VEHICLE,,0,0,CLOUDY,, NO UNUSUAL CONDITIONS,, ,A,DAYLIGHT,37.2571,-121.8757,,,,,A,NO PEDESTRIANS INVOLVED,8/30/2018 12:00:00 AM,A,22350 VC,False,1.0,sr-85 n/b to Almaden Expressway,,,9/7/2018 1:30:52 PM,A,S,5.0,ALMADEN EXPRESSWAY ,F,,D,9/7/2018 1:31:28 PM,9/7/2018 1:31:28 PM,,True,2,,,,,,,
808120,9340-2018-04442,1,False,9340,8/30/2018 4:30:00 PM,1630,120,1368,4313,San Jose,43,True,True,B,SIDE SWIPE,,Thursday,NotApplicable,False,,,False,True,False,Santa Clara Superior,C,OTHER MOTOR VEHICLE,,0,0,CLEAR,, NO UNUSUAL CONDITIONS,, ,A,DAYLIGHT,37.36581,-121.90544,,,,,A,NO PEDESTRIANS INVOLVED,8/30/2018 12:00:00 AM,A,21658(a),False,1.0,US101 S/B,,,9/7/2018 1:29:36 PM,A,N,1000.0,I-880,F,,D,9/7/2018 1:30:12 PM,9/7/2018 1:30:12 PM,,True,2,,,,,,,
808109,9340-2018-04412,1,False,9340,8/29/2018 7:59:00 AM,759,110,1368,4313,San Jose,43,True,True,C,REAR END,,Wednesday,NotApplicable,False,,,False,True,False,Santa Clara Superior,C,OTHER MOTOR VEHICLE,,0,0,CLEAR,, NO UNUSUAL CONDITIONS,, ,A,DAYLIGHT,37.2628,-121.801,,,,,A,NO PEDESTRIANS INVOLVED,8/29/2018 12:00:00 AM,A,22350,False,1.0,US-101 S/B,,,9/7/2018 1:22:02 PM,A,N,0.5,BLOSSOM HILL RD.,M,,D,9/7/2018 1:22:33 PM,9/7/2018 1:22:33 PM,,True,2,,,,,,,
808065,9340-2018-04438,1,False,9340,8/29/2018 11:00:00 AM,1100,110,1368,4313,San Jose,43,True,True,C,REAR END,,Wednesday,NotApplicable,False,,,False,True,True,Santa Clara Superior,C,OTHER MOTOR VEHICLE,,0,0,CLEAR,, NO UNUSUAL CONDITIONS,, ,A,DAYLIGHT,37.362598,-121.88689,,,,,A,NO PEDESTRIANS INVOLVED,8/30/2018 12:00:00 AM,A,22350,False,1.0,US101 N/B,,,9/7/2018 12:27:26 PM,A,S,1300.0,OLD OAKLAND RD,F,,D,9/7/2018 12:28:01 PM,9/7/2018 12:28:01 PM,,True,2,,,,,,,
808039,9340-2018-04452,1,False,9340,8/28/2018 5:55:00 PM,1755,120,1368,4313,San Jose,43,True,True,C,REAR END,,Tuesday,NotApplicable,False,,,False,True,False,Santa Clara Superior,C,OTHER MOTOR VEHICLE,,0,0,CLEAR,, NO UNUSUAL CONDITIONS,, ,A,DAYLIGHT,37.22338,-121.55226,,,,,A,NO PEDESTRIANS INVOLVED,8/30/2018 12:00:00 AM,A,22350,False,1.0,US101 S/B,,,9/7/2018 12:06:39 PM,A,N,220.0,Brokaw Rd,F,,D,9/7/2018 12:07:09 PM,9/7/2018 12:07:09 PM,,True,2,,,,,,,