Collision Id,	Report Number,	Report Version,	Is Preliminary,	NCIC Code,Crash Date Time,	Crash Time Description,	Beat,City Id,	City Code,	City Name,County Code,	City Is Active,	City Is Incorporated,	Collision Type Code,Collision Type Description,	Collision Type Other Desc,	Day Of Week,	DispatchNotified,	HasPhotographs,	HitRun,	IsAttachmentsMailed,	IsDeleted,	IsHighwayRelated,	IsTowAway,	JudicialDistrict,	MotorVehicleInvolvedWithCode,	MotorVehicleInvolvedWithDesc,MotorVehicleInvolvedWithOtherDesc,	NumberInjured,	NumberKilled,Weather 1, Weather 2, Road Condition 1, Road Condition 2, Special Condition,LightingCode, LightingDescription,Latitude,Longitude,MilepostDirection,MilepostDistance,MilepostMarker,MilepostUnitOfMeasure,	PedestrianActionCode,PedestrianActionDesc,PreparedDate,	Primary Collision Factor Code,Primary Collision Factor Violation,PrimaryCollisionFactorIsCited,	PrimaryCollisionPartyNumber,	PrimaryRoad,	ReportingDistrict,	ReportingDistrictCode,ReviewedDate,	RoadwaySurfaceCode,SecondaryDirection,	SecondaryDistance,	SecondaryRoad,	SecondaryUnitOfMeasure,	SketchDesc,	TrafficControlDeviceCode,CreatedDate,	ModifiedDate,IsCountyRoad,IsFreeway,CHP555Version,	IsAdditonalObjectStruck,NotificationDate,	NotificationTimeDescription,	HasDigitalMediaFiles,	EvidenceNumber,	IsLocationReferToNarrative,	IsAOIOneSameAsLocation
818016,9340-2018-04702,1,False,9340,9/10/2018 12:55:00 PM,1255,089,1368,4313,San Jose,43,True,True,C,REAR END,,Monday,Yes,False,,,False,True,True,Santa Clara Superior,C,OTHER MOTOR VEHICLE,,1,0,CLEAR,, NO UNUSUAL CONDITIONS,, ,A,DAYLIGHT,37.372881,-121.902433,,,,,A,NO PEDESTRIANS INVOLVED,9/10/2018 12:00:00 AM,A,22350,True,1.0,I-880 Southbound,,,9/20/2018 3:02:00 PM,A,N,2000.0,Old Bayshore Hwy,F,,D,9/20/2018 3:02:43 PM,9/20/2018 3:02:43 PM,,True,2,,,,,,,
817975,9340-2018-04710,1,False,9340,9/12/2018 3:50:00 PM,1550,282,1368,4313,San Jose,43,True,True,C,REAR END,,Wednesday,NotApplicable,False,M,,False,True,False,Santa Clara Superior,C,OTHER MOTOR VEHICLE,,1,0,CLEAR,, NO UNUSUAL CONDITIONS,, ,A,DAYLIGHT,37.3189,-121.9913,,,,,A,NO PEDESTRIANS INVOLVED,9/12/2018 12:00:00 AM,A,22350,False,1.0,I-280 NORTHBOUND,,,9/20/2018 2:39:07 PM,A,S,1500.0,Lawrence Expy,F,,D,9/20/2018 2:39:50 PM,9/20/2018 2:39:50 PM,,True,2,,,,,,,
817948,9340-2018-04700,1,False,9340,9/12/2018 9:40:00 PM,2140,110,1368,4313,San Jose,43,True,True,C,REAR END,,Wednesday,NotApplicable,False,M,,False,True,False,Santa Clara Superior,C,OTHER MOTOR VEHICLE,,0,0,CLEAR,, NO UNUSUAL CONDITIONS,, ,C,DARK-STREET LIGHTS,37.35636,-121.86897,,,,,A,NO PEDESTRIANS INVOLVED,9/12/2018 12:00:00 AM,A,22350,False,1.0,US101 S/B,,,9/20/2018 2:23:45 PM,A,N,1120.0,McKee Rd,F,,D,9/20/2018 2:24:16 PM,9/20/2018 2:24:16 PM,,True,2,,,,,,,
817911,9340-2018-04712,2,False,9340,9/12/2018 3:50:00 PM,1550,087,1368,4313,San Jose,43,True,True,C,REAR END,,Wednesday,NotApplicable,False,,,False,True,False,Santa Clara Superior,C,OTHER MOTOR VEHICLE,,0,0,CLEAR,, NO UNUSUAL CONDITIONS,, On-Duty Emergency Vehicle,A,DAYLIGHT,37.309774,-121.882738,,,,,A,NO PEDESTRIANS INVOLVED,9/12/2018 12:00:00 AM,A,22350,False,2.0,SR-87 N/B,,,11/14/2018 3:10:56 PM,A,N,300.0,Alma Avenue,F,,D,9/20/2018 2:06:52 PM,11/14/2018 3:11:44 PM,,True,2,,,,,,,
817901,9725-2018-01489,1,False,9725,9/14/2018 3:55:00 PM,1555,015,1368,4313,San Jose,43,True,True,H,OTHER,detach wheel,Friday,NotApplicable,False,,,False,True,True,Santa Clara Superior,A,NON-COLLISION,,1,0,CLEAR,, NO UNUSUAL CONDITIONS,, ,A,DAYLIGHT,37.2528,-121.78811,,,,,A,NO PEDESTRIANS INVOLVED,9/14/2018 12:00:00 AM,C,,,,US-101 s/B,,,9/20/2018 2:00:30 PM,A,S,0.1,BLOSSOM HILL ROAD,M,,D,9/20/2018 2:01:10 PM,9/20/2018 2:01:10 PM,,True,2,,,,,,,
817899,9340-2018-04717,1,False,9340,9/12/2018 5:57:00 PM,1757,089,1368,4313,San Jose,43,True,True,C,REAR END,,Wednesday,NotApplicable,False,,,False,True,True,Santa Clara Superior,C,OTHER MOTOR VEHICLE,,1,0,CLEAR,, NO UNUSUAL CONDITIONS,, ,A,DAYLIGHT,37.38349,-121.90493,,,,,A,NO PEDESTRIANS INVOLVED,9/12/2018 12:00:00 AM,A,22350,False,1.0,I-880 S/B,,,9/20/2018 1:57:03 PM,A,N,649.0,Brokaw Rd,F,,D,9/20/2018 1:59:25 PM,9/20/2018 1:59:25 PM,,True,2,,,,,,,
817858,9340-2018-04711,1,False,9340,9/12/2018 5:50:00 PM,1750,089,1368,4313,San Jose,43,True,True,C,REAR END,,Wednesday,NotApplicable,False,M,,False,True,False,Santa Clara Superior,C,OTHER MOTOR VEHICLE,,0,0,CLEAR,, NO UNUSUAL CONDITIONS,, ,A,DAYLIGHT,37.3859,-121.9054,,,,,A,NO PEDESTRIANS INVOLVED,9/12/2018 12:00:00 AM,A,22350,False,1.0,I-880 SOUTHBOUND,,,9/20/2018 1:34:22 PM,A,N,1250.0,Brokaw Rd,F,,D,9/20/2018 1:35:02 PM,9/20/2018 1:35:02 PM,,True,2,,,,,,,
817846,9340-2018-04704,1,False,9340,9/12/2018 7:37:00 AM,737,121,1368,4313,San Jose,43,True,True,C,REAR END,,Wednesday,NotApplicable,False,,,False,True,True,Santa Clara Superior,C,OTHER MOTOR VEHICLE,,0,0,CLEAR,, NO UNUSUAL CONDITIONS,, ,A,DAYLIGHT,37.371755,-121.916498,,,,,A,NO PEDESTRIANS INVOLVED,9/12/2018 12:00:00 AM,A,22350 VC,False,1.0,US-101 NORTHBOUND,,,9/20/2018 1:25:47 PM,A,S,150.0,FIRST STREET,F,,D,9/20/2018 1:26:39 PM,9/20/2018 1:26:39 PM,,True,2,,,,,,,
817827,9340-2018-04654,1,False,9340,9/10/2018 8:18:00 AM,818,901,1368,4313,San Jose,43,True,True,H,OTHER,POSS. INJURY,Monday,NotApplicable,False,,,False,False,False,Santa Clara Superior,A,NON-COLLISION,,1,0,CLEAR,, NO UNUSUAL CONDITIONS,, School Bus Collision,A,DAYLIGHT,37.3129,-121.8976,,,,,A,NO PEDESTRIANS INVOLVED,9/10/2018 12:00:00 AM,C,,,,Bird Ave,,,9/20/2018 1:13:35 PM,A,N,0.2,Willow St,M,,D,9/20/2018 1:14:22 PM,9/20/2018 1:14:22 PM,,,2,,,,,,,
817822,9340-2018-04699,1,False,9340,9/12/2018 1:30:00 AM,130,120,1368,4313,San Jose,43,True,True,E,HIT OBJECT,,Wednesday,NotApplicable,False,,,False,True,True,Santa Clara Superior,J,OTHER OBJECT,LIGHT POLE,0,0,CLEAR,, NO UNUSUAL CONDITIONS,, ,C,DARK-STREET LIGHTS,37.378203,-121.929559,,,,,A,NO PEDESTRIANS INVOLVED,9/12/2018 12:00:00 AM,A,22107,False,1.0,US-101 S/B TO SR-87,,,9/20/2018 12:53:49 PM,A,N,600.0,SR-87,F,,D,9/20/2018 1:11:58 PM,9/20/2018 1:11:58 PM,,True,2,,,,,,,
817789,9340-2018-04724,1,False,9340,9/12/2018 5:42:00 PM,1742,120,1368,4313,San Jose,43,True,True,C,REAR END,,Wednesday,NotApplicable,False,,,False,True,False,Santa Clara Superior,C,OTHER MOTOR VEHICLE,,0,0,CLEAR,, NO UNUSUAL CONDITIONS,, ,A,DAYLIGHT,37.3781,-121.9491,,,,,A,NO PEDESTRIANS INVOLVED,9/12/2018 12:00:00 AM,A,22350,False,1.0,US-101 S/B,,,9/20/2018 12:51:40 PM,A,N,500.0,Lafayette St,F,,D,9/20/2018 12:52:09 PM,9/20/2018 12:52:09 PM,,True,2,,,,,,,
817761,9340-2018-04708,1,False,9340,9/12/2018 12:35:00 PM,1235,681,1368,4313,San Jose,43,True,True,C,REAR END,,Wednesday,NotApplicable,False,,,False,True,True,Santa Clara Superior,C,OTHER MOTOR VEHICLE,,0,0,CLEAR,, NO UNUSUAL CONDITIONS,, ,A,DAYLIGHT,37.37691,-121.85486,,,,,A,NO PEDESTRIANS INVOLVED,9/12/2018 12:00:00 AM,A,22350,False,1.0,I-680 N/B,,,9/20/2018 12:24:23 PM,A,N,20.0,Mabury Rd,F,,D,9/20/2018 12:24:58 PM,9/20/2018 12:24:58 PM,,True,2,,,,,,,
817735,9340-2018-04705,1,False,9340,9/12/2018 8:10:00 AM,810,681,1368,4313,San Jose,43,True,True,C,REAR END,,Wednesday,NotApplicable,False,,,False,True,True,Santa Clara Superior,C,OTHER MOTOR VEHICLE,,1,0,CLEAR,, NO UNUSUAL CONDITIONS,, ,A,DAYLIGHT,37.35795,-121.84026,,,,,A,NO PEDESTRIANS INVOLVED,9/12/2018 12:00:00 AM,A,22350,False,1.0,I-680 S/B,,,9/20/2018 12:03:58 PM,A,S,600.0,Alum Rock Ave,F,,D,9/20/2018 12:04:32 PM,9/20/2018 12:04:32 PM,,True,2,,,,,,,
817508,9340-2018-04663,1,False,9340,9/11/2018 1:12:00 AM,112,070,1368,4313,San Jose,43,True,True,C,REAR END,,Tuesday,Yes,False,,,False,False,True,Santa Clara Superior,C,OTHER MOTOR VEHICLE,,0,0,CLEAR,, NO UNUSUAL CONDITIONS,, ,C,DARK-STREET LIGHTS,37.32256,-121.93152,,,,,A,NO PEDESTRIANS INVOLVED,9/11/2018 12:00:00 AM,A,23152(a),True,1.0,328 S BASCOM AVE,,,9/20/2018 9:57:42 AM,A,E,75.0,Bascom Ave,F,,D,9/20/2018 9:58:25 AM,9/20/2018 9:58:25 AM,True,,2,,,,,,,
817460,9340-2018-04729,1,False,9340,9/12/2018 7:35:00 PM,1935,281,1368,4313,San Jose,43,True,True,C,REAR END,,Wednesday,NotApplicable,False,M,,False,True,False,Santa Clara Superior,C,OTHER MOTOR VEHICLE,,0,0,CLEAR,, NO UNUSUAL CONDITIONS,, ,A,DAYLIGHT,37.098098,-121.89009,,,,,A,NO PEDESTRIANS INVOLVED,9/12/2018 12:00:00 AM,A,22350,False,1.0,I-280 N/B,,,9/20/2018 9:32:06 AM,A,S,750.0,11th St,F,,D,9/20/2018 9:32:38 AM,9/20/2018 9:32:38 AM,,True,2,,,,,,,
817454,9340-2018-04731,1,False,9340,9/12/2018 3:55:00 PM,1555,281,1368,4313,San Jose,43,True,True,C,REAR END,,Wednesday,NotApplicable,False,,,False,True,False,Santa Clara Superior,C,OTHER MOTOR VEHICLE,,0,0,CLEAR,, NO UNUSUAL CONDITIONS,, ,A,DAYLIGHT,37.98908,-121.897897,,,,,A,NO PEDESTRIANS INVOLVED,9/12/2018 12:00:00 AM,A,22350,False,1.0,I-280 S/B,,,9/20/2018 9:29:04 AM,A,S,500.0,I-880,F,,D,9/20/2018 9:29:35 AM,9/20/2018 9:29:35 AM,,True,2,,,,,,,
817426,9340-2018-04685,1,False,9340,9/11/2018 9:45:00 AM,945,110,1368,4313,San Jose,43,True,True,C,REAR END,,Tuesday,NotApplicable,False,,,False,True,True,Santa Clara Superior,C,OTHER MOTOR VEHICLE,,0,0,CLEAR,, NO UNUSUAL CONDITIONS,, ,A,DAYLIGHT,37.331,-121.8432,,,,,A,NO PEDESTRIANS INVOLVED,9/11/2018 12:00:00 AM,A,22350,False,1.0,US101 N/B,,,9/20/2018 9:11:06 AM,A,S,0.4,STORY RD. ,M,,D,9/20/2018 9:11:38 AM,9/20/2018 9:11:38 AM,,True,2,,,,,,,
817352,9340-2018-04682,1,False,9340,9/11/2018 1:10:00 PM,1310,120,1368,4313,San Jose,43,True,True,E,HIT OBJECT,,Tuesday,NotApplicable,False,,,False,True,True,Santa Clara Superior,J,OTHER OBJECT,UNKNOWN OBJECT,0,0,CLEAR,, NO UNUSUAL CONDITIONS,, ,A,DAYLIGHT,37.3769,-121.943,,,,,A,NO PEDESTRIANS INVOLVED,9/11/2018 12:00:00 AM,C,,,,US101 S/B,,,9/20/2018 8:27:13 AM,A,N,400.0,Trimble Rd,F,,D,9/20/2018 8:27:42 AM,9/20/2018 8:27:42 AM,,True,2,,,,,,,
817322,9340-2018-04692,1,False,9340,9/11/2018 6:20:00 PM,1820,110,1368,4313,San Jose,43,True,True,C,REAR END,,Tuesday,NotApplicable,False,,,False,True,False,Santa Clara Superior,C,OTHER MOTOR VEHICLE,,0,0,CLEAR,, NO UNUSUAL CONDITIONS,, ,A,DAYLIGHT,37.15565,-121.48638,,,,,A,NO PEDESTRIANS INVOLVED,9/11/2018 12:00:00 AM,A,22350,False,1.0,US-101 S/B,,,9/20/2018 8:02:45 AM,A,N,3400.0,Blossom Hill Rd,F,,D,9/20/2018 8:03:16 AM,9/20/2018 8:03:16 AM,,True,2,,,,,,,
817316,9340-2018-04488,1,False,9340,8/31/2018 3:10:00 PM,1510,089,1368,4313,San Jose,43,True,True,C,REAR END,,Friday,NotApplicable,False,,,False,True,True,Santa Clara Superior,C,OTHER MOTOR VEHICLE,,0,0,CLEAR,, NO UNUSUAL CONDITIONS,, ,A,DAYLIGHT,37.37237,-121.90212,,,,,A,NO PEDESTRIANS INVOLVED,8/31/2018 12:00:00 AM,A,22350,False,1.0,I-880 S/B,,,9/20/2018 7:59:26 AM,A,N,1000.0,Old Bayshore Hwy,F,,D,9/20/2018 8:00:01 AM,9/20/2018 8:00:01 AM,,True,2,,,,,,,
817313,9340-2018-04487,1,False,9340,8/31/2018 6:50:00 PM,1850,089,1368,4313,San Jose,43,True,True,C,REAR END,,Friday,NotApplicable,False,,,False,True,True,Santa Clara Superior,C,OTHER MOTOR VEHICLE,,0,0,CLEAR,, NO UNUSUAL CONDITIONS,, ,A,DAYLIGHT,37.37225,-121.90216,,,,,A,NO PEDESTRIANS INVOLVED,8/31/2018 12:00:00 AM,A,22350,False,1.0,I-880 S/B,,,9/20/2018 7:57:36 AM,A,N,1300.0,Old Bayshore Hwy,F,,D,9/20/2018 7:58:24 AM,9/20/2018 7:58:24 AM,,True,2,,,,,,,
817145,9340-2018-04701,1,False,9340,9/11/2018 10:25:00 PM,2225,110,1368,4313,San Jose,43,True,True,E,HIT OBJECT,,Tuesday,Yes,False,,,False,True,True,Santa Clara Superior,I,FIXED OBJECT,CONCRETE CENTER MEDIAN,1,0,CLEAR,, NO UNUSUAL CONDITIONS,, ,C,DARK-STREET LIGHTS,37.34295,-121.85524,,,,,A,NO PEDESTRIANS INVOLVED,9/11/2018 12:00:00 AM,A,23152(a),True,1.0,US101 N/B,,,9/20/2018 4:32:59 AM,A,N,1450.0,I-680,F,,D,9/20/2018 4:33:47 AM,9/20/2018 4:33:47 AM,,True,2,,,,,,,
816944,9340-2018-04686,1,False,9340,9/11/2018 7:55:00 AM,755,281,1368,4313,San Jose,43,True,True,C,REAR END,,Tuesday,Yes,False,,,False,True,True,Santa Clara Superior,C,OTHER MOTOR VEHICLE,,2,0,CLEAR,, NO UNUSUAL CONDITIONS,, ,A,DAYLIGHT,37.31672,-121.90598,,,,,A,NO PEDESTRIANS INVOLVED,9/11/2018 12:00:00 AM,A,22350,False,1.0,I-280 N/B,,,9/19/2018 2:31:42 PM,A,S,1515.0,Race St,F,,D,9/19/2018 2:32:42 PM,9/19/2018 2:32:42 PM,,True,2,,,,,,,
816904,9340-2018-04661,1,False,9340,9/10/2018 8:35:00 PM,2035,087,1368,4313,San Jose,43,True,True,C,REAR END,,Monday,Yes,False,M,,False,True,True,Santa Clara Superior,C,OTHER MOTOR VEHICLE,,0,0,CLEAR,, NO UNUSUAL CONDITIONS,, ,D,DARK-NO STREET LIGHTS,37.173249,-121.522036,,,,,A,NO PEDESTRIANS INVOLVED,9/11/2018 12:00:00 AM,A,23152(a),True,1.0,SR-87 S/B,,,9/19/2018 2:06:57 PM,A,S,660.0,Curtner Ave,F,,D,9/19/2018 2:07:40 PM,9/19/2018 2:07:40 PM,,True,2,,,,,,,
816846,9340-2018-04675,1,False,9340,9/11/2018 8:40:00 AM,840,088,1368,4313,San Jose,43,True,True,C,REAR END,,Tuesday,Yes,False,M,,False,True,False,Santa Clara Superior,C,OTHER MOTOR VEHICLE,,0,0,CLEAR,, NO UNUSUAL CONDITIONS,, ,A,DAYLIGHT,37.342054,-121.926533,,,,,A,NO PEDESTRIANS INVOLVED,9/11/2018 12:00:00 AM,A,22350,False,1.0,I-880 N/B,,,9/19/2018 1:37:06 PM,A,S,100.0,The Alameda,F,,D,9/19/2018 1:37:45 PM,9/19/2018 1:37:45 PM,,True,2,,,,,,,
816823,9340-2018-04681,1,False,9340,9/11/2018 10:00:00 AM,1000,681,1368,4313,San Jose,43,True,True,C,REAR END,,Tuesday,NotApplicable,False,,,False,True,False,Santa Clara Superior,C,OTHER MOTOR VEHICLE,,0,0,CLEAR,, NO UNUSUAL CONDITIONS,, ,A,DAYLIGHT,37.21238,-121.50209,,,,,A,NO PEDESTRIANS INVOLVED,9/11/2018 12:00:00 AM,A,22350,False,1.0,I-680 N/B,,,9/19/2018 1:27:42 PM,A,S,1370.0,Alum Rock Ave,F,,D,9/19/2018 1:28:13 PM,9/19/2018 1:28:13 PM,,True,2,,,,,,,
816806,9340-2018-04641,1,False,9340,9/9/2018 6:30:00 PM,1830,083,1368,4313,San Jose,43,True,True,C,REAR END,,Sunday,NotApplicable,False,,,False,True,True,Santa Clara Superior,C,OTHER MOTOR VEHICLE,,0,0,CLEAR,, NO UNUSUAL CONDITIONS,, ,A,DAYLIGHT,37.255799,-121.871446,,,,,A,NO PEDESTRIANS INVOLVED,9/9/2018 12:00:00 AM,A,22350,False,1.0,SR-85 S/B,,,9/19/2018 1:19:47 PM,A,S,300.0,Almaden Expy,F,,D,9/19/2018 1:20:22 PM,9/19/2018 1:20:22 PM,,True,2,,,,,,,
816800,9340-2018-04679,1,False,9340,9/11/2018 9:32:00 AM,932,281,1368,4313,San Jose,43,True,True,C,REAR END,,Tuesday,NotApplicable,False,,,False,True,False,Santa Clara Superior,C,OTHER MOTOR VEHICLE,,1,0,CLEAR,, NO UNUSUAL CONDITIONS,, ,A,DAYLIGHT,37.324348,-121.890728,,,,,A,NO PEDESTRIANS INVOLVED,9/11/2018 12:00:00 AM,A,22350,False,1.0,I-280 N/B,,,9/19/2018 1:18:37 PM,A,S,2300.0,Bird Ave.,F,,D,9/19/2018 1:19:11 PM,9/19/2018 1:19:11 PM,,True,2,,,,,,,
816797,9340-2018-04632,1,False,9340,9/9/2018 9:40:00 AM,940,120,1368,4313,San Jose,43,True,True,C,REAR END,,Sunday,NotApplicable,False,,,False,True,False,Santa Clara Superior,C,OTHER MOTOR VEHICLE,,0,0,CLEAR,, NO UNUSUAL CONDITIONS,, ,A,DAYLIGHT,37.3639,-121.9016,,,,,A,NO PEDESTRIANS INVOLVED,9/9/2018 12:00:00 AM,A,21658(a),False,2.0,US101 S/B,,,9/19/2018 1:16:21 PM,A,S,10.0,I-880,F,,D,9/19/2018 1:17:05 PM,9/19/2018 1:17:05 PM,,True,2,,,,,,,
816794,9340-2018-04695,1,False,9340,9/11/2018 8:40:00 PM,2040,120,1368,4313,San Jose,43,True,True,C,REAR END,,Tuesday,NotApplicable,False,,,False,True,True,Santa Clara Superior,C,OTHER MOTOR VEHICLE,,0,0,CLEAR,, NO UNUSUAL CONDITIONS,, ,A,DAYLIGHT,37.374829,-121.932662,,,,,A,NO PEDESTRIANS INVOLVED,9/11/2018 12:00:00 AM,A,22350,False,1.0,US101 S/B,,,9/19/2018 1:15:48 PM,A,N,1000.0,SR-87,F,,D,9/19/2018 1:16:20 PM,9/19/2018 1:16:20 PM,,True,2,,,,,,,
816779,9340-2018-04694,1,False,9340,9/11/2018 2:52:00 PM,1452,089,1368,4313,San Jose,43,True,True,C,REAR END,,Tuesday,NotApplicable,False,,,False,True,False,Santa Clara Superior,C,OTHER MOTOR VEHICLE,,0,0,CLEAR,, NO UNUSUAL CONDITIONS,, ,A,DAYLIGHT,37.381675,-121.904436,,,,,A,NO PEDESTRIANS INVOLVED,9/11/2018 12:00:00 AM,A,22350,False,1.0,I-880 S/B,,,9/19/2018 1:08:04 PM,A,S,150.0,BROKAW RD U/C,F,,D,9/19/2018 1:08:39 PM,9/19/2018 1:08:39 PM,,True,2,,,,,,,
816765,9340-2018-04683,1,False,9340,9/11/2018 7:45:00 AM,745,120,1368,4313,San Jose,43,True,True,B,SIDE SWIPE,,Tuesday,NotApplicable,False,,,False,True,False,Santa Clara Superior,C,OTHER MOTOR VEHICLE,,0,0,CLEAR,, NO UNUSUAL CONDITIONS,, ,A,DAYLIGHT,37.3834,-121.9695,,,,,A,NO PEDESTRIANS INVOLVED,9/11/2018 12:00:00 AM,A,21658(a),False,1.0,US101 S/B,,,9/19/2018 12:56:57 PM,A,N,0.25,San Tomas Expy,M,,D,9/19/2018 12:57:30 PM,9/19/2018 12:57:30 PM,,True,2,,,,,,,
816745,9340-2018-04680,1,False,9340,9/11/2018 8:30:00 AM,830,681,1368,4313,San Jose,43,True,True,C,REAR END,,Tuesday,NotApplicable,False,,,False,True,False,Santa Clara Superior,C,OTHER MOTOR VEHICLE,,0,0,CLEAR,, NO UNUSUAL CONDITIONS,, ,A,DAYLIGHT,37.22212,-121.51244,,,,,A,NO PEDESTRIANS INVOLVED,9/11/2018 12:00:00 AM,A,22350,False,1.0,I-680 N/B,,,9/19/2018 12:47:09 PM,A,N,2112.0,McKee Rd,F,,D,9/19/2018 12:47:39 PM,9/19/2018 12:47:39 PM,,True,2,,,,,,,
816741,9340-2018-04690,1,False,9340,9/11/2018 6:40:00 PM,1840,681,1368,4313,San Jose,43,True,True,C,REAR END,,Tuesday,NotApplicable,False,,,False,True,False,Santa Clara Superior,C,OTHER MOTOR VEHICLE,,1,0,CLEAR,, NO UNUSUAL CONDITIONS,, ,A,DAYLIGHT,37.3677,-121.8447,,,,,A,NO PEDESTRIANS INVOLVED,9/11/2018 12:00:00 AM,A,22350,False,1.0,I-680 NB to Mckee Rd E/B,,,9/19/2018 12:43:21 PM,A,S,280.0,McKee Rd,F,,D,9/19/2018 12:44:02 PM,9/19/2018 12:44:02 PM,,True,2,,,,,,,
816692,9340-2018-04693,1,False,9340,9/11/2018 5:50:00 PM,1750,120,1368,4313,San Jose,43,True,True,B,SIDE SWIPE,,Tuesday,NotApplicable,False,,,False,True,False,Santa Clara Superior,C,OTHER MOTOR VEHICLE,,0,0,CLEAR,, NO UNUSUAL CONDITIONS,, ,A,DAYLIGHT,37.363373,-121.896285,,,,,A,NO PEDESTRIANS INVOLVED,9/11/2018 12:00:00 AM,A,22107,False,1.0,US101 S/B,,,9/19/2018 12:12:05 PM,A,N,1000.0,Oakland Rd,F,,D,9/19/2018 12:12:43 PM,9/19/2018 12:12:43 PM,,True,2,,,,,,,
816681,9340-2018-04721,1,False,9340,9/11/2018 10:45:00 PM,2245,110,1368,4313,San Jose,43,True,True,B,SIDE SWIPE,,Tuesday,NotApplicable,False,M,,False,True,False,Santa Clara Superior,C,OTHER MOTOR VEHICLE,,0,0,CLEAR,, NO UNUSUAL CONDITIONS,, ,C,DARK-STREET LIGHTS,37.36067,-121.87631,,,,,A,NO PEDESTRIANS INVOLVED,9/11/2018 12:00:00 AM,A,21658(a),False,1.0,US101 SB,,,9/19/2018 12:01:56 PM,A,,,Taylor St,,,D,9/19/2018 12:02:30 PM,9/19/2018 12:02:30 PM,,True,2,,,,,,,
816668,9340-2018-04660,1,False,9340,9/10/2018 4:10:00 PM,1610,089,1368,4313,San Jose,43,True,True,C,REAR END,,Monday,NotApplicable,False,,,False,True,False,Santa Clara Superior,C,OTHER MOTOR VEHICLE,,0,0,CLEAR,, NO UNUSUAL CONDITIONS,, ,A,DAYLIGHT,37.380891,-121.90427,,,,,A,NO PEDESTRIANS INVOLVED,9/10/2018 12:00:00 AM,A,22350,False,1.0,I-880 S/B,,,9/19/2018 11:51:37 AM,A,S,15.0,Brokaw Rd,F,,D,9/19/2018 11:52:08 AM,9/19/2018 11:52:08 AM,,True,2,,,,,,,
816657,9340-2018-04659,1,False,9340,9/10/2018 5:10:00 PM,1710,110,1368,4313,San Jose,43,True,True,C,REAR END,,Monday,NotApplicable,False,M,,False,True,False,Santa Clara Superior,C,OTHER MOTOR VEHICLE,,0,0,CLEAR,, NO UNUSUAL CONDITIONS,, ,A,DAYLIGHT,37.980898,-121.098098,,,,,A,NO PEDESTRIANS INVOLVED,9/10/2018 12:00:00 AM,A,22350,False,1.0,US101 S/B,,,9/19/2018 11:45:18 AM,A,S,700.0,Alum Rock Ave,F,,D,9/19/2018 11:45:53 AM,9/19/2018 11:45:53 AM,,True,2,,,,,,,
816487,9340-2018-04645,2,False,9340,9/10/2018 4:28:00 AM,428,681,1368,4313,San Jose,43,True,True,C,REAR END,,Monday,Yes,False,,,False,True,True,Santa Clara Superior,C,OTHER MOTOR VEHICLE,,1,0,CLEAR,, NO UNUSUAL CONDITIONS,, ,D,DARK-NO STREET LIGHTS,37.428,-121.8468,,,,,A,NO PEDESTRIANS INVOLVED,9/10/2018 12:00:00 AM,A,22350,False,1.0,I-680 S/B,,,5/13/2019 9:50:20 AM,A,S,500.0,King Rd,F,,D,9/19/2018 10:13:03 AM,5/13/2019 9:51:16 AM,,True,2,,,,,,,
816466,9340-2018-04673,1,False,9340,9/10/2018 7:41:00 PM,1941,120,1368,4313,San Jose,43,True,True,C,REAR END,,Monday,NotApplicable,False,,,False,True,False,Santa Clara Superior,C,OTHER MOTOR VEHICLE,,0,0,CLEAR,, NO UNUSUAL CONDITIONS,, ,A,DAYLIGHT,37.402826,-122.045732,,,,,A,NO PEDESTRIANS INVOLVED,9/10/2018 12:00:00 AM,A,22350,False,1.0,US101 S/B,,,9/19/2018 9:59:01 AM,A,S,1000.0,Ellis St,F,,D,9/19/2018 9:59:31 AM,9/19/2018 9:59:31 AM,,True,2,,,,,,,
816458,9340-2018-04648,1,False,9340,9/10/2018 9:00:00 AM,900,172,1368,4313,San Jose,43,True,True,C,REAR END,,Monday,NotApplicable,False,,,False,True,False,Santa Clara Superior,C,OTHER MOTOR VEHICLE,,0,0,CLEAR,, NO UNUSUAL CONDITIONS,, ,A,DAYLIGHT,37.269237,-121.947273,,,,,A,NO PEDESTRIANS INVOLVED,9/10/2018 12:00:00 AM,A,22350,False,1.0,SR-17 NB on ramp from Camden Ave,,,9/19/2018 9:54:43 AM,A,S,100.0,Camden Ave,F,,D,9/19/2018 9:55:12 AM,9/19/2018 9:55:12 AM,,True,2,,,,,,,