Collision Id,	Report Number,	Report Version,	Is Preliminary,	NCIC Code,Crash Date Time,	Crash Time Description,	Beat,City Id,	City Code,	City Name,County Code,	City Is Active,	City Is Incorporated,	Collision Type Code,Collision Type Description,	Collision Type Other Desc,	Day Of Week,	DispatchNotified,	HasPhotographs,	HitRun,	IsAttachmentsMailed,	IsDeleted,	IsHighwayRelated,	IsTowAway,	JudicialDistrict,	MotorVehicleInvolvedWithCode,	MotorVehicleInvolvedWithDesc,MotorVehicleInvolvedWithOtherDesc,	NumberInjured,	NumberKilled,Weather 1, Weather 2, Road Condition 1, Road Condition 2, Special Condition,LightingCode, LightingDescription,Latitude,Longitude,MilepostDirection,MilepostDistance,MilepostMarker,MilepostUnitOfMeasure,	PedestrianActionCode,PedestrianActionDesc,PreparedDate,	Primary Collision Factor Code,Primary Collision Factor Violation,PrimaryCollisionFactorIsCited,	PrimaryCollisionPartyNumber,	PrimaryRoad,	ReportingDistrict,	ReportingDistrictCode,ReviewedDate,	RoadwaySurfaceCode,SecondaryDirection,	SecondaryDistance,	SecondaryRoad,	SecondaryUnitOfMeasure,	SketchDesc,	TrafficControlDeviceCode,CreatedDate,	ModifiedDate,IsCountyRoad,IsFreeway,CHP555Version,	IsAdditonalObjectStruck,NotificationDate,	NotificationTimeDescription,	HasDigitalMediaFiles,	EvidenceNumber,	IsLocationReferToNarrative,	IsAOIOneSameAsLocation
816380,9340-2018-04676,1,False,9340,9/10/2018 7:40:00 PM,1940,120,1368,4313,San Jose,43,True,True,D,BROADSIDE,,Monday,Yes,False,,,False,True,True,Santa Clara Superior,C,OTHER MOTOR VEHICLE,,2,0,CLEAR,, NO UNUSUAL CONDITIONS,, ,D,DARK-NO STREET LIGHTS,37.387824,-121.984643,,,,,A,NO PEDESTRIANS INVOLVED,9/10/2018 12:00:00 AM,A,23152(f),True,1.0,US101 S/B,,,9/19/2018 9:20:01 AM,A,N,1000.0,Great America Pky,F,,D,9/19/2018 9:23:40 AM,9/19/2018 9:23:40 AM,,True,2,,,,,,,
816311,9340-2018-04658,1,False,9340,9/10/2018 5:45:00 PM,1745,282,1368,4313,San Jose,43,True,True,B,SIDE SWIPE,,Monday,NotApplicable,False,M,,False,True,False,Santa Clara Superior,C,OTHER MOTOR VEHICLE,,0,0,CLEAR,, NO UNUSUAL CONDITIONS,, ,A,DAYLIGHT,37.318776,-121.991709,,,,,A,NO PEDESTRIANS INVOLVED,9/10/2018 12:00:00 AM,A,21658(a),False,1.0,I-280 S/B,,,9/19/2018 8:44:14 AM,A,S,1000.0,Lawrence Expy,F,,D,9/19/2018 8:44:49 AM,9/19/2018 8:44:49 AM,,True,2,,,,,,,
816291,9340-2018-04615,1,False,9340,9/7/2018 2:00:00 PM,1400,700,1368,4313,San Jose,43,True,True,B,SIDE SWIPE,,Friday,NotApplicable,False,,,False,False,False,Santa Clara Superior,C,OTHER MOTOR VEHICLE,,0,0,CLEAR,, NO UNUSUAL CONDITIONS,, ,A,DAYLIGHT,37.314953,-121.876612,,,,,A,NO PEDESTRIANS INVOLVED,9/7/2018 12:00:00 AM,A,22106,False,1.0,111 W. Alma Street,,,9/19/2018 8:32:52 AM,A,W,100.0,Mastic St,F,,D,9/19/2018 8:33:27 AM,9/19/2018 8:33:27 AM,,,2,,,,,,,
816286,9340-2018-04657,1,False,9340,9/10/2018 3:25:00 PM,1525,282,1368,4313,San Jose,43,True,True,C,REAR END,,Monday,NotApplicable,False,,,False,True,False,Santa Clara Superior,C,OTHER MOTOR VEHICLE,,1,0,CLEAR,, NO UNUSUAL CONDITIONS,, ,A,DAYLIGHT,37.321009,-121.996133,,,,,A,NO PEDESTRIANS INVOLVED,9/10/2018 12:00:00 AM,A,22350,False,1.0,I-280 S/B,,,9/19/2018 8:28:50 AM,A,N,100.0,Lawrence Expy,F,,D,9/19/2018 8:29:42 AM,9/19/2018 8:29:42 AM,,True,2,,,,,,,
816247,9340-2018-04662,1,False,9340,9/10/2018 6:18:00 PM,1818,083,1368,4313,San Jose,43,True,True,C,REAR END,,Monday,NotApplicable,False,,,False,True,True,Santa Clara Superior,C,OTHER MOTOR VEHICLE,,0,0,CLEAR,, NO UNUSUAL CONDITIONS,, ,A,DAYLIGHT,37.152214,-121.521509,,,,,A,NO PEDESTRIANS INVOLVED,9/11/2018 12:00:00 AM,A,22350,False,1.0,SR-85 N/B,,,9/19/2018 8:00:32 AM,A,S,1240.0,Almaden Expy,F,,D,9/19/2018 8:01:12 AM,9/19/2018 8:01:12 AM,,True,2,,,,,,,
816238,9340-2018-04672,1,False,9340,9/10/2018 6:40:00 PM,1840,120,1368,4313,San Jose,43,True,True,C,REAR END,,Monday,Yes,False,M,,False,True,True,Santa Clara Superior,C,OTHER MOTOR VEHICLE,,1,0,CLEAR,, NO UNUSUAL CONDITIONS,, ,A,DAYLIGHT,37.263501,-121.897895,,,,,A,NO PEDESTRIANS INVOLVED,9/10/2018 12:00:00 AM,A,22350,False,1.0,US101 S/B,,,9/19/2018 7:55:15 AM,A,S,500.0,I-880,F,,D,9/19/2018 7:55:58 AM,9/19/2018 7:55:58 AM,,True,2,,,,,,,
816141,9340-2018-04631,1,False,9340,9/9/2018 11:50:00 AM,1150,681,1368,4313,San Jose,43,True,True,C,REAR END,,Sunday,NotApplicable,False,,,False,True,False,Santa Clara Superior,C,OTHER MOTOR VEHICLE,,0,0,CLEAR,, NO UNUSUAL CONDITIONS,, ,A,DAYLIGHT,37.414,-121.8806,,,,,A,NO PEDESTRIANS INVOLVED,9/9/2018 12:00:00 AM,A,22107,False,1.0,I-680 S/B FROM MONTAGUE EXPY,,,9/19/2018 6:59:01 AM,A,S,5.0,Montague Expy,F,,D,9/19/2018 6:59:41 AM,9/19/2018 6:59:41 AM,,True,2,,,,,,,
816107,9340-2018-04590,1,False,9340,9/6/2018 7:10:00 PM,1910,083,1368,4313,San Jose,43,True,True,B,SIDE SWIPE,,Thursday,NotApplicable,False,M,,False,True,False,Santa Clara Superior,C,OTHER MOTOR VEHICLE,,0,0,CLEAR,, NO UNUSUAL CONDITIONS,, ,A,DAYLIGHT,37.25297,-121.9434,,,,,A,NO PEDESTRIANS INVOLVED,9/6/2018 12:00:00 AM,A,21658(a),False,1.0,SR-85 S/B,,,9/19/2018 6:31:46 AM,A,S,1500.0,Bascom Ave,F,,D,9/19/2018 6:32:30 AM,9/19/2018 6:32:30 AM,,True,2,,,,,,,
815924,9340-2018-04616,1,False,9340,9/4/2018 4:00:00 PM,1600,087,1368,4313,San Jose,43,True,True,E,HIT OBJECT,,Tuesday,NotApplicable,False,,,False,True,False,Santa Clara Superior,I,FIXED OBJECT,jersey wall,0,0,CLEAR,, NO UNUSUAL CONDITIONS,, ,A,DAYLIGHT,37.345542,-121.903455,,,,,A,NO PEDESTRIANS INVOLVED,9/4/2018 12:00:00 AM,A,22107,False,1.0,SR-87 S/B,,,9/18/2018 3:19:13 PM,A,S,500.0,Taylor Street,F,,D,9/18/2018 3:19:43 PM,9/18/2018 3:19:43 PM,,True,2,,,,,,,
836689,9725-2018-01688,1,False,9725,10/10/2018 7:50:00 AM,750,015,1368,4313,San Jose,43,True,True,B,SIDE SWIPE,,Wednesday,NotApplicable,False,M,,False,True,True,Santa Clara Superior,C,OTHER MOTOR VEHICLE,,0,0,CLEAR,, NO UNUSUAL CONDITIONS,, ,A,DAYLIGHT,37.23753,-121.76192,,,,,A,NO PEDESTRIANS INVOLVED,10/10/2018 12:00:00 AM,A,21658(a),False,1.0,US-101 S/B,,,10/16/2018 7:38:49 AM,A,S,0.4,SR-85,M,           SEE PAGE 4 FOR SKETCH,D,10/16/2018 7:39:33 AM,10/16/2018 7:39:33 AM,,True,2,,,,,,,
836617,9725-2018-01543,1,False,9725,9/21/2018 9:00:00 AM,900,015,1368,4313,San Jose,43,True,True,B,SIDE SWIPE,,Friday,Yes,False,,,False,True,True,Santa Clara Superior,C,OTHER MOTOR VEHICLE,,1,0,CLEAR,, NO UNUSUAL CONDITIONS,, ,A,DAYLIGHT,37.25702,-121.79452,,,,,A,NO PEDESTRIANS INVOLVED,9/21/2018 12:00:00 AM,A,21750(a),False,1.0,US-101 N/B FROM BLOSSOM HILL RD. E/B,,,10/16/2018 6:49:42 AM,A,E,90.0,BLOSSOM HILL RD.,F,,D,10/16/2018 6:50:28 AM,10/16/2018 6:50:28 AM,,True,2,,,,,,,
836400,9340-2018-05194,1,False,9340,10/8/2018 2:30:00 PM,1430,083,1368,4313,San Jose,43,True,True,B,SIDE SWIPE,,Monday,NotApplicable,False,,,False,True,False,Santa Clara Superior,C,OTHER MOTOR VEHICLE,,0,0,CLEAR,, NO UNUSUAL CONDITIONS,, ,A,DAYLIGHT,37.15154,-121.52377,,,,,A,NO PEDESTRIANS INVOLVED,10/8/2018 12:00:00 AM,A,22106,False,1.0,SR-85 S/B TO ALMADEN EXPY,,,10/15/2018 3:21:51 PM,A,N,30.0,Almaden Expy,F,,D,10/15/2018 3:23:49 PM,10/15/2018 3:23:49 PM,,True,2,,,,,,,
836388,9340-2018-05141,1,False,9340,10/5/2018 6:32:00 AM,632,110,1368,4313,San Jose,43,True,True,C,REAR END,,Friday,NotApplicable,False,M,,False,True,False,Santa Clara Superior,C,OTHER MOTOR VEHICLE,,0,0,CLEAR,, NO UNUSUAL CONDITIONS,, ,D,DARK-NO STREET LIGHTS,37.3622,-121.8835,,,,,A,NO PEDESTRIANS INVOLVED,10/5/2018 12:00:00 AM,A,22350,False,1.0,US101 N/B,,,10/15/2018 3:14:55 PM,A,S,0.5,Oakland Rd,M,,D,10/15/2018 3:15:34 PM,10/15/2018 3:15:34 PM,,True,2,,,,,,,
836306,9340-2018-05210,1,False,9340,10/9/2018 10:30:00 AM,1030,087,1368,4313,San Jose,43,True,True,B,SIDE SWIPE,,Tuesday,NotApplicable,False,,,False,True,True,Santa Clara Superior,C,OTHER MOTOR VEHICLE,,0,0,CLEAR,, NO UNUSUAL CONDITIONS,, ,A,DAYLIGHT,37.184213,-121.53601,,,,,A,NO PEDESTRIANS INVOLVED,10/9/2018 12:00:00 AM,C,,,,SR-87 S/B,,,10/15/2018 2:22:03 PM,A,N,300.0,Alma Ave,F,,D,10/15/2018 2:22:37 PM,10/15/2018 2:22:37 PM,,True,2,,,,,,,
836305,9340-2018-05204,1,False,9725,10/9/2018 6:00:00 AM,600,015,1368,4313,San Jose,43,True,True,C,REAR END,,Tuesday,NotApplicable,False,,,False,True,False,Santa Clara Superior,C,OTHER MOTOR VEHICLE,,0,0,CLEAR,, NO UNUSUAL CONDITIONS,, ,D,DARK-NO STREET LIGHTS,37.2563,-121.7946,,,,,A,NO PEDESTRIANS INVOLVED,10/9/2018 12:00:00 AM,A,22350,False,1.0,US-101 N/B FROM E/B BLOSSOM HILL RD,,,10/15/2018 2:21:30 PM,A,S,75.0,Blossom Hill Rd,F,,A,10/15/2018 2:22:01 PM,10/15/2018 2:22:01 PM,,True,2,,,,,,,
836255,9340-2018-05214,1,False,9340,10/9/2018 6:40:00 PM,1840,172,1368,4313,San Jose,43,True,True,C,REAR END,,Tuesday,NotApplicable,False,,,False,True,True,Santa Clara Superior,C,OTHER MOTOR VEHICLE,,0,0,CLEAR,, NO UNUSUAL CONDITIONS,, ,A,DAYLIGHT,37.179927,-121.564478,,,,,A,NO PEDESTRIANS INVOLVED,10/9/2018 12:00:00 AM,A,22350,False,1.0,SR-17 S/B,,,10/15/2018 1:54:28 PM,A,N,2000.0,Hamilton Ave,F,,D,10/15/2018 1:56:21 PM,10/15/2018 1:56:21 PM,,True,2,,,,,,,
836231,9340-2018-05208,1,False,9340,10/9/2018 6:00:00 AM,600,087,1368,4313,San Jose,43,True,True,B,SIDE SWIPE,,Tuesday,NotApplicable,False,,,False,True,False,Santa Clara Superior,C,OTHER MOTOR VEHICLE,,0,0,CLEAR,, NO UNUSUAL CONDITIONS,, ,D,DARK-NO STREET LIGHTS,37.2604,-121.858576,,,,,A,NO PEDESTRIANS INVOLVED,10/9/2018 12:00:00 AM,D,,,,sr 87 n/b from santa teresa Blvd.,,,10/15/2018 1:44:06 PM,A,N,500.0,Santa Teresa Blvd,F,,D,10/15/2018 1:44:36 PM,10/15/2018 1:44:36 PM,,True,2,,,,,,,
836161,9340-2018-05184,1,False,9340,10/8/2018 4:45:00 AM,445,110,1368,4313,San Jose,43,True,True,D,BROADSIDE,,Monday,Yes,False,,,False,True,True,Santa Clara Superior,C,OTHER MOTOR VEHICLE,,1,0,CLEAR,, NO UNUSUAL CONDITIONS,, ,D,DARK-NO STREET LIGHTS,37.330886,-121.843254,,,,,A,NO PEDESTRIANS INVOLVED,10/8/2018 12:00:00 AM,A,21658(a),False,1.0,US101 N/B,,,10/15/2018 12:56:38 PM,A,S,2200.0,Story Rd,F,,D,10/15/2018 12:57:20 PM,10/15/2018 12:57:20 PM,,True,2,,,,,,,
836158,9340-2018-05191,1,False,9340,10/8/2018 6:00:00 PM,1800,089,1368,4313,San Jose,43,True,True,C,REAR END,,Monday,NotApplicable,True,,,False,True,False,Santa Clara Superior,C,OTHER MOTOR VEHICLE,,0,0,CLEAR,, NO UNUSUAL CONDITIONS,, ,A,DAYLIGHT,37.38657,-121.90556,,,,,A,NO PEDESTRIANS INVOLVED,10/8/2018 12:00:00 AM,A,22350,False,1.0,I-880 S/B,,,10/15/2018 12:55:32 PM,A,N,1520.0,Brokaw Rd,F,,D,10/15/2018 12:56:14 PM,10/15/2018 12:56:14 PM,,True,2,,,,,,,
836003,9340-2018-05199,1,False,9340,10/8/2018 4:50:00 AM,450,110,1368,4313,San Jose,43,True,True,E,HIT OBJECT,,Monday,NotApplicable,False,,,False,True,True,Santa Clara Superior,I,FIXED OBJECT,DIRT EMBANKMENT,0,0,CLEAR,, NO UNUSUAL CONDITIONS,, ,C,DARK-STREET LIGHTS,37.3249,-121.858,,,,,A,NO PEDESTRIANS INVOLVED,10/8/2018 12:00:00 AM,A,22107,False,1.0,US101 S/B,,,10/15/2018 11:21:30 AM,A,N,3000.0,Tully Rd,F,,D,10/15/2018 11:21:58 AM,10/15/2018 11:21:58 AM,,True,2,,,,,,,
835870,9340-2018-04852,1,False,9340,9/20/2018 8:00:00 AM,800,120,1368,4313,San Jose,43,True,True,B,SIDE SWIPE,,Thursday,NotApplicable,False,,,False,True,False,Santa Clara Superior,C,OTHER MOTOR VEHICLE,,0,0,CLEAR,, NO UNUSUAL CONDITIONS,, ,A,DAYLIGHT,37.377949,-121.940654,,,,,A,NO PEDESTRIANS INVOLVED,9/20/2018 12:00:00 AM,A,21658(a),False,1.0,US-101 N/B TO DE LA CRUZ BOULEVARD,,,10/15/2018 10:11:46 AM,A,S,20.0,DE LA CRUZ BOULEVARD,F,,A,10/15/2018 10:12:18 AM,10/15/2018 10:12:18 AM,,True,2,,,,,,,
835836,9340-2018-05193,1,False,9340,10/8/2018 8:07:00 PM,2007,281,1368,4313,San Jose,43,True,True,B,SIDE SWIPE,,Monday,NotApplicable,False,M,,False,True,False,Santa Clara Superior,C,OTHER MOTOR VEHICLE,,0,0,CLEAR,, NO UNUSUAL CONDITIONS,, ,B,DUSK-DAWN,37.329926,-121.867991,,,,,A,NO PEDESTRIANS INVOLVED,10/8/2018 12:00:00 AM,A,21658(a),False,1.0,I-280 N/B,,,10/15/2018 9:52:23 AM,A,S,1040.0,10th St,F,,D,10/15/2018 9:52:55 AM,10/15/2018 9:52:55 AM,,True,2,,,,,,,
835711,9340-2018-05192,1,False,9340,10/7/2018 10:30:00 PM,2230,281,1368,4313,San Jose,43,True,True,E,HIT OBJECT,,Sunday,NotApplicable,False,,,False,True,True,Santa Clara Superior,I,FIXED OBJECT,Concrete center median wa,1,0,CLEAR,, NO UNUSUAL CONDITIONS,, ,C,DARK-STREET LIGHTS,37.336597,-121.856647,,,,,A,NO PEDESTRIANS INVOLVED,10/7/2018 12:00:00 AM,A,22350,False,1.0,I-280 S/B,,,10/15/2018 8:46:36 AM,A,S,1000.0,McLaughlin Ave,F,,D,10/15/2018 8:48:58 AM,10/15/2018 8:48:58 AM,,True,2,,,,,,,
835655,9340-2018-05035,1,False,9340,9/30/2018 5:16:00 AM,516,681,1368,4313,San Jose,43,True,True,C,REAR END,,Sunday,Yes,False,,,False,True,True,Santa Clara Superior,C,OTHER MOTOR VEHICLE,,1,0,CLOUDY,, NO UNUSUAL CONDITIONS,, ,D,DARK-NO STREET LIGHTS,37.340014,-121.851817,,,,,A,NO PEDESTRIANS INVOLVED,9/30/2018 12:00:00 AM,A,22350,False,1.0,I-680 S/B TO US-101 S/B,,,10/15/2018 8:16:55 AM,A,S,1127.0,King Rd,F,,D,10/15/2018 8:17:38 AM,10/15/2018 8:17:38 AM,,True,2,,,,,,,
835649,9340-2018-04941,1,False,9340,9/25/2018 7:40:00 AM,740,901,1368,4313,San Jose,43,True,True,B,SIDE SWIPE,,Tuesday,NotApplicable,False,,,False,False,False,Santa Clara Superior,C,OTHER MOTOR VEHICLE,,0,0,CLEAR,, NO UNUSUAL CONDITIONS,, School Bus Collision,A,DAYLIGHT,37.21263,-121.5142,,,,,A,NO PEDESTRIANS INVOLVED,9/25/2018 12:00:00 AM,A,22107,False,1.0,McDonald AVE,,,10/15/2018 8:03:03 AM,A,S,10.0,McKee Rd,F,,D,10/15/2018 8:11:33 AM,10/15/2018 8:11:33 AM,True,,2,,,,,,,
835645,9340-2018-05189,2,False,9340,10/7/2018 7:55:00 PM,1955,120,1368,4313,San Jose,43,True,True,C,REAR END,,Sunday,NotApplicable,False,,,False,True,True,Santa Clara Superior,C,OTHER MOTOR VEHICLE,,0,0,CLEAR,, NO UNUSUAL CONDITIONS,, ,C,DARK-STREET LIGHTS,37.36645,-121.90134,,,,,A,NO PEDESTRIANS INVOLVED,10/7/2018 12:00:00 AM,A,22350,False,1.0,US101 N/B,,,11/7/2018 1:17:33 PM,A,S,500.0,I-880,F,,A,10/15/2018 8:09:46 AM,11/7/2018 1:17:51 PM,,True,2,,,,,,,
835596,9340-2018-05172,1,False,9340,10/6/2018 8:15:00 AM,815,089,1368,4313,San Jose,43,True,True,B,SIDE SWIPE,,Saturday,NotApplicable,False,,,False,True,True,Santa Clara Superior,C,OTHER MOTOR VEHICLE,,0,0,CLEAR,, NO UNUSUAL CONDITIONS,, ,A,DAYLIGHT,37.3642,-121.9017,,,,,A,NO PEDESTRIANS INVOLVED,10/6/2018 12:00:00 AM,A,21658(a),False,1.0,I-880 N/B,,,10/15/2018 7:35:23 AM,A,N,10.0,US-101,F,,D,10/15/2018 7:35:57 AM,10/15/2018 7:35:57 AM,,True,2,,,,,,,
835574,9340-2018-05155,1,False,9340,10/5/2018 6:18:00 PM,1818,281,1368,4313,San Jose,43,True,True,C,REAR END,,Friday,NotApplicable,False,,,False,True,False,Santa Clara Superior,C,OTHER MOTOR VEHICLE,,1,0,CLEAR,, NO UNUSUAL CONDITIONS,, ,A,DAYLIGHT,37.314672,-121.911174,,,,,A,NO PEDESTRIANS INVOLVED,10/5/2018 12:00:00 AM,A,22350,False,1.0,I-280 S/B,,,10/15/2018 7:23:59 AM,A,S,1070.0,Meridian Ave,F,,D,10/15/2018 7:25:34 AM,10/15/2018 7:25:34 AM,,True,2,,,,,,,
835563,9340-2018-05129,1,False,9340,10/4/2018 7:55:00 PM,1955,088,1368,4313,San Jose,43,True,True,B,SIDE SWIPE,,Thursday,Yes,False,F,,False,True,True,Santa Clara Superior,C,OTHER MOTOR VEHICLE,,1,0,CLEAR,, NO UNUSUAL CONDITIONS,, ,C,DARK-STREET LIGHTS,37.3504,-121.9158,,,,,A,NO PEDESTRIANS INVOLVED,10/4/2018 12:00:00 AM,A,21658(a),False,1.0,I-880 N/B,,,10/15/2018 7:17:49 AM,A,N,400.0,Coleman Ave,F,,D,10/15/2018 7:18:33 AM,10/15/2018 7:18:33 AM,,True,2,,,,,,,
835523,9340-2018-05151,1,False,9340,10/5/2018 7:30:00 PM,1930,282,1368,4313,San Jose,43,True,True,C,REAR END,,Friday,Yes,False,,,False,True,True,Santa Clara Superior,C,OTHER MOTOR VEHICLE,,5,0,CLEAR,, NO UNUSUAL CONDITIONS,, ,D,DARK-NO STREET LIGHTS,37.316673,-121.955872,,,,,A,NO PEDESTRIANS INVOLVED,10/5/2018 12:00:00 AM,A,22350,True,1.0,I-280 N/B,,,10/15/2018 6:39:42 AM,A,N,1000.0,Winchester Blvd,F,,D,10/15/2018 6:40:25 AM,10/15/2018 6:40:25 AM,,True,2,,,,,,,
835329,9340-2018-05159,1,False,9340,10/6/2018 7:00:00 AM,700,110,1368,4313,San Jose,43,True,True,C,REAR END,,Saturday,NotApplicable,False,,,False,True,True,Santa Clara Superior,E,PARKED MOTOR VEHICLE,,1,0,CLEAR,, NO UNUSUAL CONDITIONS,, ,B,DUSK-DAWN,37.2745,-121.8047,,,,,A,NO PEDESTRIANS INVOLVED,10/6/2018 12:00:00 AM,A,23152(a),True,1.0,US101 S/B,,,10/14/2018 7:04:48 AM,A,S,973.0,Coyote Rd,F,,D,10/14/2018 7:05:38 AM,10/14/2018 7:05:38 AM,,True,2,,,,,,,
834928,9340-2018-05169,1,False,9340,10/7/2018 2:20:00 AM,220,282,1368,4313,San Jose,43,True,True,E,HIT OBJECT,,Sunday,Yes,False,,,False,True,True,Santa Clara Superior,I,FIXED OBJECT,CONCRETE CURB,0,0,CLEAR,, NO UNUSUAL CONDITIONS,, ,C,DARK-STREET LIGHTS,37.31634,-121.95148,,,,,A,NO PEDESTRIANS INVOLVED,10/7/2018 12:00:00 AM,A,23152(a),True,1.0, i-280 s/b to moorpark ave.,,,10/12/2018 1:32:32 PM,A,S,300.0,Winchester Blvd,F,,D,10/12/2018 1:33:30 PM,10/12/2018 1:33:30 PM,,True,2,,,,,,,
834855,9340-2018-05179,1,False,9340,10/7/2018 7:10:00 PM,1910,120,1368,4313,San Jose,43,True,True,C,REAR END,,Sunday,Yes,False,,,False,True,True,Santa Clara Superior,C,OTHER MOTOR VEHICLE,,0,0,CLEAR,, NO UNUSUAL CONDITIONS,, ,A,DAYLIGHT,37.36322,-121.89202,,,,,A,NO PEDESTRIANS INVOLVED,10/7/2018 12:00:00 AM,A,22350,False,1.0,US101 N/B,,,10/12/2018 12:14:20 PM,A,N,90.0,Oakland Rd,F,,D,10/12/2018 12:15:01 PM,10/12/2018 12:15:01 PM,,True,2,,,,,,,
834844,9340-2018-05161,1,False,9340,10/6/2018 12:15:00 PM,1215,083,1368,4313,San Jose,43,True,True,C,REAR END,,Saturday,NotApplicable,False,,,False,True,False,Santa Clara Superior,C,OTHER MOTOR VEHICLE,,0,0,CLEAR,, NO UNUSUAL CONDITIONS,, ,A,DAYLIGHT,37.249247,-121.909302,,,,,A,NO PEDESTRIANS INVOLVED,10/6/2018 12:00:00 AM,A,22350,False,1.0,SR-85 S/B Camden Offramp,,,10/12/2018 12:07:33 PM,A,S,40.0,Camden Ave,F,,D,10/12/2018 12:08:09 PM,10/12/2018 12:08:09 PM,,True,2,,,,,,,
834698,9340-2018-05167,1,False,9340,10/6/2018 11:10:00 AM,1110,681,1368,4313,San Jose,43,True,True,E,HIT OBJECT,,Saturday,NotApplicable,False,,,False,True,False,Santa Clara Superior,J,OTHER OBJECT,BUNDLE OF BICYCLES,0,0,CLOUDY,, NO UNUSUAL CONDITIONS,, ,A,DAYLIGHT,37.341,-121.8496,,,,,A,NO PEDESTRIANS INVOLVED,10/6/2018 12:00:00 AM,C,,,,I-680 N/B,,,10/12/2018 10:23:14 AM,A,S,150.0,King Rd,F,,D,10/12/2018 10:23:44 AM,10/12/2018 10:23:44 AM,,True,2,,,,,,,
834659,9340-2018-05162,1,False,9340,10/6/2018 5:20:00 PM,1720,282,1368,4313,San Jose,43,True,True,B,SIDE SWIPE,,Saturday,NotApplicable,False,M,,False,True,False,Santa Clara Superior,C,OTHER MOTOR VEHICLE,,0,0,CLEAR,, NO UNUSUAL CONDITIONS,, ,A,DAYLIGHT,37.31648,-121.96801,,,,,A,NO PEDESTRIANS INVOLVED,10/6/2018 12:00:00 AM,A,21658(a),False,1.0,I-280 N/B,,,10/12/2018 9:57:38 AM,A,S,1900.0,Saratoga Ave,F,,D,10/12/2018 9:58:08 AM,10/12/2018 9:58:08 AM,,True,2,,,,,,,
834484,9340-2018-05221,1,False,9340,10/2/2018 9:10:00 AM,910,281,1368,4313,San Jose,43,True,True,C,REAR END,,Tuesday,NotApplicable,False,,,False,True,True,Santa Clara Superior,C,OTHER MOTOR VEHICLE,,3,0,CLEAR,, NO UNUSUAL CONDITIONS,, ,A,DAYLIGHT,37.32495,-121.88905,,,,,A,NO PEDESTRIANS INVOLVED,10/2/2018 12:00:00 AM,A,22350,False,1.0,I-280 N/B to SR-87,,,10/12/2018 7:43:20 AM,A,N,20.0,Almaden Blvd.,F,,D,10/12/2018 7:43:55 AM,10/12/2018 7:43:55 AM,,True,2,,,,,,,
834457,9340-2018-05147,1,False,9340,10/5/2018 3:45:00 PM,1545,083,1368,4313,San Jose,43,True,True,C,REAR END,,Friday,NotApplicable,False,,,False,True,True,,C,OTHER MOTOR VEHICLE,,0,0,CLEAR,, NO UNUSUAL CONDITIONS,, ,A,DAYLIGHT,37.1531,-121.5555,,,,,A,NO PEDESTRIANS INVOLVED,10/5/2018 12:00:00 AM,A,22350,True,1.0,SR-85 S/B,,,10/12/2018 7:16:36 AM,A,N,200.0,Union Ave,F,,D,10/12/2018 7:17:05 AM,10/12/2018 7:17:05 AM,,True,2,,,,,,,
834438,9340-2018-05220,1,False,9340,10/2/2018 6:00:00 AM,600,281,1368,4313,San Jose,43,True,True,B,SIDE SWIPE,,Tuesday,NotApplicable,False,,,False,True,False,Santa Clara Superior,C,OTHER MOTOR VEHICLE,,0,0,CLEAR,, NO UNUSUAL CONDITIONS,, ,C,DARK-STREET LIGHTS,37.31717,-121.93339,,,,,A,NO PEDESTRIANS INVOLVED,10/2/2018 12:00:00 AM,D,,,,I-280 S/B,,,10/12/2018 6:54:06 AM,A,S,2000.0,SR-17,F,,D,10/12/2018 6:54:39 AM,10/12/2018 6:54:39 AM,,True,2,,,,,,,
834430,9340-2018-05029,1,False,9340,9/29/2018 1:55:00 PM,1355,230,1368,4313,San Jose,43,True,True,C,REAR END,,Saturday,Yes,False,,,False,True,True,Santa Clara Superior,C,OTHER MOTOR VEHICLE,,1,0,CLEAR,, NO UNUSUAL CONDITIONS,, ,A,DAYLIGHT,37.41996,-121.94142,,,,,A,NO PEDESTRIANS INVOLVED,9/29/2018 12:00:00 AM,A,22350,False,1.0,SR-237 W/B,,,10/12/2018 6:46:32 AM,A,W,300.0,Zanker Rd,F,,D,10/12/2018 6:47:25 AM,10/12/2018 6:47:25 AM,,True,2,,,,,,,