Collision Id,	Report Number,	Report Version,	Is Preliminary,	NCIC Code,Crash Date Time,	Crash Time Description,	Beat,City Id,	City Code,	City Name,County Code,	City Is Active,	City Is Incorporated,	Collision Type Code,Collision Type Description,	Collision Type Other Desc,	Day Of Week,	DispatchNotified,	HasPhotographs,	HitRun,	IsAttachmentsMailed,	IsDeleted,	IsHighwayRelated,	IsTowAway,	JudicialDistrict,	MotorVehicleInvolvedWithCode,	MotorVehicleInvolvedWithDesc,MotorVehicleInvolvedWithOtherDesc,	NumberInjured,	NumberKilled,Weather 1, Weather 2, Road Condition 1, Road Condition 2, Special Condition,LightingCode, LightingDescription,Latitude,Longitude,MilepostDirection,MilepostDistance,MilepostMarker,MilepostUnitOfMeasure,	PedestrianActionCode,PedestrianActionDesc,PreparedDate,	Primary Collision Factor Code,Primary Collision Factor Violation,PrimaryCollisionFactorIsCited,	PrimaryCollisionPartyNumber,	PrimaryRoad,	ReportingDistrict,	ReportingDistrictCode,ReviewedDate,	RoadwaySurfaceCode,SecondaryDirection,	SecondaryDistance,	SecondaryRoad,	SecondaryUnitOfMeasure,	SketchDesc,	TrafficControlDeviceCode,CreatedDate,	ModifiedDate,IsCountyRoad,IsFreeway,CHP555Version,	IsAdditonalObjectStruck,NotificationDate,	NotificationTimeDescription,	HasDigitalMediaFiles,	EvidenceNumber,	IsLocationReferToNarrative,	IsAOIOneSameAsLocation
827969,9340-2018-04980,1,False,9340,9/26/2018 6:55:00 PM,1855,240,1368,4313,San Jose,43,True,True,C,REAR END,,Wednesday,NotApplicable,False,,,False,True,False,Santa Clara Superior,C,OTHER MOTOR VEHICLE,,0,0,CLEAR,, NO UNUSUAL CONDITIONS,, ,A,DAYLIGHT,37.42015,-121.94114,,,,,A,NO PEDESTRIANS INVOLVED,9/26/2018 12:00:00 AM,A,22350,False,1.0,SR-237 W/B,,,10/3/2018 2:49:22 PM,A,E,200.0,Zanker Rd,F,,D,10/3/2018 2:49:53 PM,10/3/2018 2:49:53 PM,,True,2,,,,,,,
827951,9340-2018-04987,1,False,9340,9/26/2018 8:30:00 PM,2030,120,1368,4313,San Jose,43,True,True,C,REAR END,,Wednesday,NotApplicable,False,,,False,True,True,Santa Clara Superior,C,OTHER MOTOR VEHICLE,,1,0,CLEAR,, NO UNUSUAL CONDITIONS,, ,C,DARK-STREET LIGHTS,37.375624,-121.937315,,,,,A,NO PEDESTRIANS INVOLVED,9/26/2018 12:00:00 AM,A,22350,False,3.0,US-101 SOUTHBOUND,,,10/3/2018 2:40:41 PM,A,S,0.2,DE LA CRUZ BLVD O/C,M,,D,10/3/2018 2:41:16 PM,10/3/2018 2:41:16 PM,,True,2,,,,,,,
827919,9340-2018-04966,1,False,9340,9/26/2018 4:59:00 AM,459,083,1368,4313,San Jose,43,True,True,A,HEAD-ON,,Wednesday,NotApplicable,False,,,False,True,True,Santa Clara Superior,C,OTHER MOTOR VEHICLE,,0,0,CLOUDY,, NO UNUSUAL CONDITIONS,, ,D,DARK-NO STREET LIGHTS,37.25487,-121.84538,,,,,A,NO PEDESTRIANS INVOLVED,9/26/2018 12:00:00 AM,C,,,,SR-85 N/B,,,10/3/2018 2:18:44 PM,A,S,0.75,SR-87,M,,D,10/3/2018 2:19:13 PM,10/3/2018 2:19:13 PM,,True,2,,,,,,,
827850,9340-2018-04982,1,False,9340,9/26/2018 5:31:00 PM,1731,282,1368,4313,San Jose,43,True,True,C,REAR END,,Wednesday,NotApplicable,False,,,False,True,False,Santa Clara Superior,C,OTHER MOTOR VEHICLE,,0,0,CLEAR,, NO UNUSUAL CONDITIONS,, ,A,DAYLIGHT,37.3165,-121.96686,,,,,A,NO PEDESTRIANS INVOLVED,9/26/2018 12:00:00 AM,A,22350,False,1.0,I-280 N/B,,,10/3/2018 1:38:14 PM,A,N,650.0,San Tomas Expy,F,,D,10/3/2018 1:38:50 PM,10/3/2018 1:38:50 PM,,True,2,,,,,,,
827742,9340-2018-04986,1,False,9340,9/26/2018 5:10:00 PM,1710,083,1368,4313,San Jose,43,True,True,C,REAR END,,Wednesday,NotApplicable,False,,,False,True,False,Santa Clara Superior,C,OTHER MOTOR VEHICLE,,0,0,CLEAR,, NO UNUSUAL CONDITIONS,, ,A,DAYLIGHT,37.255513,-121.870629,,,,,A,NO PEDESTRIANS INVOLVED,9/26/2018 12:00:00 AM,A,22350,False,1.0,SR-85 S/B,,,10/3/2018 12:44:24 PM,A,N,1000.0,SR-87,F,,D,10/3/2018 12:44:54 PM,10/3/2018 12:44:54 PM,,True,2,,,,,,,
827473,9340-2018-04945,1,False,9340,9/25/2018 9:30:00 AM,930,083,1368,4313,San Jose,43,True,True,C,REAR END,,Tuesday,NotApplicable,False,,,False,True,True,Santa Clara Superior,C,OTHER MOTOR VEHICLE,,0,0,CLEAR,, NO UNUSUAL CONDITIONS,, ,A,DAYLIGHT,37.250347,-121.924956,,,,,A,NO PEDESTRIANS INVOLVED,9/25/2018 12:00:00 AM,A,22350,False,1.0,SR-85 S/B,,,10/3/2018 10:23:15 AM,A,N,850.0,Leigh Ave,F,,D,10/3/2018 10:23:47 AM,10/3/2018 10:23:47 AM,,True,2,,,,,,,
827395,9340-2018-05062,1,False,9340,9/26/2018 5:45:00 AM,545,110,1368,4313,San Jose,43,True,True,C,REAR END,,Wednesday,NotApplicable,False,M,,False,True,True,Santa Clara Superior,C,OTHER MOTOR VEHICLE,,0,0,CLEAR,, NO UNUSUAL CONDITIONS,, ,D,DARK-NO STREET LIGHTS,37.372881,-121.923648,,,,,A,NO PEDESTRIANS INVOLVED,9/26/2018 12:00:00 AM,A,22350,False,1.0,US101 N/B,,,10/3/2018 9:32:53 AM,A,N,0.2,first st.,M,,D,10/3/2018 9:33:24 AM,10/3/2018 9:33:24 AM,,True,2,,,,,,,
827380,9340-2018-04936,2,False,9340,9/25/2018 1:05:00 AM,105,089,1368,4313,San Jose,43,True,True,F,OVERTURNED,,Tuesday,NotApplicable,False,,,False,True,True,Santa Clara Superior,J,OTHER OBJECT,Dirt Embankment,0,0,CLOUDY,, NO UNUSUAL CONDITIONS,, ,C,DARK-STREET LIGHTS,37.35685,-121.90789,,,,,A,NO PEDESTRIANS INVOLVED,9/25/2018 12:00:00 AM,A,22350,False,1.0,i-880 n/b to first st.,,,4/8/2020 9:03:19 PM,A,W,445.0,First St.,F,,D,10/3/2018 9:22:50 AM,4/8/2020 9:03:37 PM,,True,2,,,,,,,
827296,9340-2018-04892,1,False,9340,9/22/2018 10:14:00 PM,2214,281,1368,4313,San Jose,43,True,True,E,HIT OBJECT,,Saturday,Yes,False,,,False,True,True,Santa Clara Superior,I,FIXED OBJECT,CONCRETE BARRIER,0,0,CLEAR,, NO UNUSUAL CONDITIONS,, ,D,DARK-NO STREET LIGHTS,37.20164,-121.51121,,,,,A,NO PEDESTRIANS INVOLVED,9/22/2018 12:00:00 AM,A,23152(a),True,1.0, i-280 s/b to us 101 s/b ,,,10/3/2018 8:16:57 AM,A,S,1500.0,McLaughlin Ave,F,,D,10/3/2018 8:17:35 AM,10/3/2018 8:17:35 AM,,True,2,,,,,,,
827160,9340-2018-04913,1,False,9340,9/24/2018 8:00:00 AM,800,120,1368,4313,San Jose,43,True,True,B,SIDE SWIPE,,Monday,NotApplicable,False,,,False,True,False,Santa Clara Superior,C,OTHER MOTOR VEHICLE,,0,0,CLEAR,, NO UNUSUAL CONDITIONS,, ,A,DAYLIGHT,37.373267,-121.925163,,,,,A,NO PEDESTRIANS INVOLVED,9/24/2018 12:00:00 AM,A,21658(a),False,1.0,US-101 N/B,,,10/3/2018 6:46:39 AM,A,N,0.3,Brokaw Rd,M,,D,10/3/2018 6:47:14 AM,10/3/2018 6:47:14 AM,,True,2,,,,,,,
827137,9340-2018-04885,1,False,9340,9/21/2018 11:25:00 AM,1125,087,1368,4313,San Jose,43,True,True,B,SIDE SWIPE,,Friday,Yes,False,,,False,True,True,Santa Clara Superior,C,OTHER MOTOR VEHICLE,,0,0,CLEAR,, NO UNUSUAL CONDITIONS,, ,A,DAYLIGHT,37.2916,-121.8716,,,,,A,NO PEDESTRIANS INVOLVED,9/21/2018 12:00:00 AM,A,23152(a),True,1.0,SR-87 N/B,,,10/3/2018 6:19:45 AM,A,S,1000.0,Curtner Ave,F,,D,10/3/2018 6:20:26 AM,10/3/2018 6:20:26 AM,,True,2,,,,,,,
826922,9340-2018-04943,1,False,9340,9/25/2018 8:10:00 AM,810,083,1368,4313,San Jose,43,True,True,C,REAR END,,Tuesday,NotApplicable,False,F,,False,True,False,Santa Clara Superior,C,OTHER MOTOR VEHICLE,,2,0,CLEAR,, NO UNUSUAL CONDITIONS,, ,A,DAYLIGHT,37.25453,-121.87938,,,,,A,NO PEDESTRIANS INVOLVED,9/25/2018 12:00:00 AM,A,22350,False,1.0,SR-85 N/B,,,10/2/2018 2:42:08 PM,A,N,1056.0,Almaden Expy,F,,D,10/2/2018 2:42:48 PM,10/2/2018 2:42:48 PM,,True,2,,,,,,,
847889,9340-2018-05475,1,False,9340,10/22/2018 3:15:00 PM,1515,282,1368,4313,San Jose,43,True,True,C,REAR END,,Monday,NotApplicable,False,,,False,True,False,Santa Clara Superior,C,OTHER MOTOR VEHICLE,,0,0,CLEAR,, NO UNUSUAL CONDITIONS,, ,A,DAYLIGHT,37.87098,-121.098098,,,,,A,NO PEDESTRIANS INVOLVED,10/22/2018 12:00:00 AM,A,22350,False,1.0,I-280 S/B,,,10/29/2018 1:41:16 PM,A,S,250.0,Lawrence Expy,F,,D,10/29/2018 1:41:47 PM,10/29/2018 1:41:47 PM,,,2,,,,,,,
847886,9340-2018-05450,1,False,9340,10/20/2018 5:05:00 PM,1705,087,1368,4313,San Jose,43,True,True,C,REAR END,,Saturday,NotApplicable,False,M,,False,True,False,Santa Clara Superior,C,OTHER MOTOR VEHICLE,,0,0,CLEAR,, NO UNUSUAL CONDITIONS,, ,A,DAYLIGHT,37.31801,-121.88939,,,,,A,NO PEDESTRIANS INVOLVED,10/20/2018 12:00:00 AM,A,22350,False,1.0,SR-87 N/B,,,10/29/2018 1:39:09 PM,A,S,650.0,Virginia St,F,,D,10/29/2018 1:40:18 PM,10/29/2018 1:40:18 PM,,True,2,,,,,,,
847876,9340-2018-05439,1,False,9340,10/20/2018 3:10:00 PM,1510,088,1368,4313,San Jose,43,True,True,C,REAR END,,Saturday,NotApplicable,False,,,False,True,True,Santa Clara Superior,C,OTHER MOTOR VEHICLE,,1,0,CLEAR,, NO UNUSUAL CONDITIONS,, ,A,DAYLIGHT,37.361702,-121.903757,,,,,A,NO PEDESTRIANS INVOLVED,10/20/2018 12:00:00 AM,A,22350,False,1.0,I-880 N/B,,,10/29/2018 1:35:45 PM,A,S,976.0,US101,F,,D,10/29/2018 1:36:29 PM,10/29/2018 1:36:29 PM,,True,2,,,,,,,
847843,9340-2018-05396,1,False,9340,10/18/2018 7:35:00 AM,735,087,1368,4313,San Jose,43,True,True,C,REAR END,,Thursday,NotApplicable,False,,,False,True,False,Santa Clara Superior,C,OTHER MOTOR VEHICLE,,0,0,CLOUDY,, NO UNUSUAL CONDITIONS,, ,A,DAYLIGHT,37.302863,-121.8775,,,,,A,NO PEDESTRIANS INVOLVED,10/18/2018 12:00:00 AM,A,22350 VC,False,1.0,SR-87 Northbound,,,10/29/2018 1:14:15 PM,A,N,400.0,Almaden Expy,F,,D,10/29/2018 1:14:42 PM,10/29/2018 1:14:42 PM,,True,2,,,,,,,
847805,9340-2018-05448,1,False,9340,10/20/2018 4:06:00 PM,1606,281,1368,4313,San Jose,43,True,True,C,REAR END,,Saturday,NotApplicable,False,,,False,True,True,Santa Clara Superior,C,OTHER MOTOR VEHICLE,,0,0,CLEAR,, NO UNUSUAL CONDITIONS,, ,A,DAYLIGHT,37.3193,-121.902,,,,,A,NO PEDESTRIANS INVOLVED,10/21/2018 12:00:00 AM,A,22350,False,1.0,I-280 N/B,,,10/29/2018 12:52:57 PM,A,S,1750.0,Lincoln Ave,F,,D,10/29/2018 12:53:32 PM,10/29/2018 12:53:32 PM,,True,2,,,,,,,
847785,9340-2018-05472,1,False,9340,10/22/2018 7:39:00 PM,1939,120,1368,4313,San Jose,43,True,True,B,SIDE SWIPE,,Monday,NotApplicable,False,,,False,True,False,Santa Clara Superior,D,MOTOR VEHICLE ON OTHER ROADWAY,,0,0,CLEAR,, NO UNUSUAL CONDITIONS,, ,D,DARK-NO STREET LIGHTS,37.3754,-121.9356,,,,,A,NO PEDESTRIANS INVOLVED,10/22/2018 12:00:00 AM,A,22107,False,1.0,US-101 SOUTHBOUND,,,10/29/2018 12:35:32 PM,A,S,1800.0,Trimble Rd,F,,D,10/29/2018 12:36:06 PM,10/29/2018 12:36:06 PM,,True,2,,,,,,,
847781,9340-2018-05466,1,False,9340,10/22/2018 8:40:00 AM,840,087,1368,4313,San Jose,43,True,True,C,REAR END,,Monday,NotApplicable,False,,,False,True,True,Santa Clara Superior,C,OTHER MOTOR VEHICLE,,0,0,CLOUDY,, NO UNUSUAL CONDITIONS,, ,A,DAYLIGHT,37.329132,-121.895232,,,,,A,NO PEDESTRIANS INVOLVED,10/22/2018 12:00:00 AM,A,22350,False,3.0,I-280 N/B,,,10/29/2018 12:32:27 PM,A,S,65.0,PARK AVENUE,F,,D,10/29/2018 12:33:02 PM,10/29/2018 12:33:02 PM,,True,2,,,,,,,
847737,9340-2018-05510,1,False,9340,10/22/2018 6:20:00 AM,620,083,1368,4313,San Jose,43,True,True,C,REAR END,,Monday,NotApplicable,False,,,False,True,False,Santa Clara Superior,C,OTHER MOTOR VEHICLE,,0,0,CLOUDY,, NO UNUSUAL CONDITIONS,, ,A,DAYLIGHT,37.2433,-121.8111,,,,,A,NO PEDESTRIANS INVOLVED,10/22/2018 12:00:00 AM,A,22350 vc,False,1.0,SR-85 N/B,,,10/29/2018 12:11:17 PM,A,N,0.4,Cottle Rd O/C,M,,D,10/29/2018 12:11:47 PM,10/29/2018 12:11:47 PM,,True,2,,,,,,,
847656,9340-2018-05530,1,False,9340,10/22/2018 3:10:00 AM,310,681,1368,4313,San Jose,43,True,True,E,HIT OBJECT,,Monday,NotApplicable,False,,,False,True,False,Santa Clara Superior,J,OTHER OBJECT,UNKNOWN OBJECT,0,0,CLEAR,, NO UNUSUAL CONDITIONS,, ,D,DARK-NO STREET LIGHTS,37.22119,-121.505406,,,,,A,NO PEDESTRIANS INVOLVED,10/22/2018 12:00:00 AM,A,22350,False,1.0,I-680 S/B,,,10/29/2018 11:14:57 AM,A,N,900.0,McKee Rd,F,,D,10/29/2018 11:15:26 AM,10/29/2018 11:15:26 AM,,,2,,,,,,,
847588,9340-2018-05453,1,False,9340,10/21/2018 3:50:00 PM,1550,087,1368,4313,San Jose,43,True,True,B,SIDE SWIPE,,Sunday,Yes,False,F,,False,True,True,Santa Clara Superior,C,OTHER MOTOR VEHICLE,,1,0,CLEAR,, NO UNUSUAL CONDITIONS,, ,A,DAYLIGHT,37.312979,-121.886124,,,,,A,NO PEDESTRIANS INVOLVED,10/21/2018 12:00:00 AM,A,22107,False,1.0,SR-87 S/B,,,10/29/2018 10:37:33 AM,A,N,1260.0,Alma Ave,F,,D,10/29/2018 10:38:14 AM,10/29/2018 10:38:14 AM,,True,2,,,,,,,
847506,9340-2018-05432,1,False,9340,10/20/2018 7:10:00 AM,710,110,1368,4313,San Jose,43,True,True,E,HIT OBJECT,,Saturday,NotApplicable,False,,,False,True,False,Santa Clara Superior,I,FIXED OBJECT,METERING LIGHT,0,0,CLEAR,CLOUDY, NO UNUSUAL CONDITIONS,, ,A,DAYLIGHT,37.30301,-121.816183,,,,,A,NO PEDESTRIANS INVOLVED,10/20/2018 12:00:00 AM,A,22107,False,1.0,US101 N/B,,,10/29/2018 9:51:44 AM,A,S,150.0,Capitol Expy,F,,A,10/29/2018 9:52:23 AM,10/29/2018 9:52:23 AM,,True,2,,,,,,,
847405,9340-2018-05596,1,False,9340,10/27/2018 11:00:00 PM,2300,087,1368,4313,San Jose,43,True,True,E,HIT OBJECT,,Saturday,Yes,False,,,False,True,True,Santa Clara Superior,I,FIXED OBJECT,CONCRETE DIVIDER,0,0,CLEAR,, NO UNUSUAL CONDITIONS,, ,D,DARK-NO STREET LIGHTS,37.3409,-121.9,,,,,A,NO PEDESTRIANS INVOLVED,10/27/2018 12:00:00 AM,A,23152(a),True,1.0,SR-87 N/B,,,10/29/2018 8:51:43 AM,A,S,350.0,Coleman Ave,F,,D,10/29/2018 8:52:22 AM,10/29/2018 8:52:22 AM,,True,2,,,,,,,
847372,9340-2018-05438,1,False,9340,10/20/2018 2:17:00 PM,1417,110,1368,4313,San Jose,43,True,True,C,REAR END,,Saturday,Yes,False,,,False,True,True,Santa Clara Superior,C,OTHER MOTOR VEHICLE,,1,0,CLEAR,, NO UNUSUAL CONDITIONS,, ,A,DAYLIGHT,37.32367,-121.83634,,,,,A,NO PEDESTRIANS INVOLVED,10/20/2018 12:00:00 AM,A,22350,False,1.0,US101 N/B,,,10/29/2018 8:30:29 AM,A,N,2300.0,Tully Rd,F,,D,10/29/2018 8:31:26 AM,10/29/2018 8:31:26 AM,,True,2,,,,,,,
847362,9340-2018-05441,1,False,9340,10/20/2018 11:50:00 PM,2350,120,1368,4313,San Jose,43,True,True,E,HIT OBJECT,,Saturday,NotApplicable,False,,,False,True,True,Santa Clara Superior,I,FIXED OBJECT,CHAIN LINK FENCE,0,0,CLEAR,, NO UNUSUAL CONDITIONS,, ,D,DARK-NO STREET LIGHTS,37.365101,-121.902857,,,,,A,NO PEDESTRIANS INVOLVED,10/20/2018 12:00:00 AM,A,22107,False,1.0,US-101 N/B TO I-880 S/B,,,10/29/2018 8:21:47 AM,A,S,600.0,GISH ROAD,F,,D,10/29/2018 8:22:43 AM,10/29/2018 8:22:43 AM,,True,2,,,,,,,
847352,9340-2018-05422,1,False,9340,10/19/2018 2:30:00 PM,1430,088,1368,4313,San Jose,43,True,True,C,REAR END,,Friday,NotApplicable,False,,,False,True,True,Santa Clara Superior,C,OTHER MOTOR VEHICLE,,2,0,CLEAR,, NO UNUSUAL CONDITIONS,, ,A,DAYLIGHT,37.328056,-121.940925,,,,,A,NO PEDESTRIANS INVOLVED,10/19/2018 12:00:00 AM,A,22350,False,1.0,I-880 S/B,,,10/29/2018 8:14:49 AM,A,N,1715.0,Stevens Creek Blvd,F,,D,10/29/2018 8:15:34 AM,10/29/2018 8:15:34 AM,,True,2,,,,,,,
847326,9340-2018-05459,1,False,9340,10/19/2018 11:00:00 AM,1100,281,1368,4313,San Jose,43,True,True,C,REAR END,,Friday,NotApplicable,False,,,False,True,True,Santa Clara Superior,C,OTHER MOTOR VEHICLE,,0,0,CLEAR,, NO UNUSUAL CONDITIONS,, ,A,DAYLIGHT,37.32209,-121.89181,,,,,A,NO PEDESTRIANS INVOLVED,10/19/2018 12:00:00 AM,A,22350,False,1.0,I-280 N/B to SR-87 S/B,,,10/29/2018 8:00:29 AM,A,N,1500.0,West Virginia St,F,,D,10/29/2018 8:01:15 AM,10/29/2018 8:01:15 AM,,True,2,,,,,,,
847285,9725-2018-01746,1,False,9725,10/24/2018 6:50:00 PM,1850,013,1368,4313,San Jose,43,True,True,C,REAR END,,Wednesday,NotApplicable,False,,,False,True,False,Santa Clara Superior,C,OTHER MOTOR VEHICLE,,0,0,CLEAR,, NO UNUSUAL CONDITIONS,, ,D,DARK-NO STREET LIGHTS,37.1583,-121.658,,,,,A,NO PEDESTRIANS INVOLVED,10/24/2018 12:00:00 AM,A,22350,False,1.0,US 101 S/B,,,10/29/2018 7:34:21 AM,A,N,0.5,Cochrane Rd,M,,D,10/29/2018 7:34:55 AM,10/29/2018 7:34:55 AM,,True,2,,,,,,,
847273,9340-2018-05429,1,False,9340,10/19/2018 7:15:00 PM,1915,281,1368,4313,San Jose,43,True,True,B,SIDE SWIPE,,Friday,NotApplicable,False,,,False,True,False,Santa Clara Superior,C,OTHER MOTOR VEHICLE,,0,0,CLEAR,, NO UNUSUAL CONDITIONS,, ,D,DARK-NO STREET LIGHTS,37.33746,-121.85577,,,,,A,NO PEDESTRIANS INVOLVED,10/19/2018 12:00:00 AM,A,21658(a),False,1.0,I-280 N/B,,,10/29/2018 7:21:35 AM,A,N,1270.0,US101 S/B,F,,D,10/29/2018 7:22:14 AM,10/29/2018 7:22:14 AM,,True,2,,,,,,,
847270,9340-2018-05425,1,False,9340,10/19/2018 1:45:00 PM,1345,083,1368,4313,San Jose,43,True,True,D,BROADSIDE,,Friday,Yes,False,,,False,True,True,Santa Clara Superior,C,OTHER MOTOR VEHICLE,,1,0,CLEAR,, NO UNUSUAL CONDITIONS,, ,A,DAYLIGHT,37.25597,-121.8741,,,,,A,NO PEDESTRIANS INVOLVED,10/19/2018 12:00:00 AM,A,22107,False,1.0,SR-85 N/B,,,10/29/2018 7:18:50 AM,A,S,450.0,Almaden Expy,F,,D,10/29/2018 7:20:17 AM,10/29/2018 7:20:17 AM,,True,2,,,,,,,
847251,9340-2018-05462,1,False,9340,10/19/2018 3:45:00 PM,1545,281,1368,4313,San Jose,43,True,True,B,SIDE SWIPE,,Friday,NotApplicable,False,M,,False,True,False,Santa Clara Superior,C,OTHER MOTOR VEHICLE,,0,0,CLEAR,, NO UNUSUAL CONDITIONS,, ,A,DAYLIGHT,37.316439,-121.92159,,,,,A,NO PEDESTRIANS INVOLVED,10/19/2018 12:00:00 AM,A,22107,False,1.0,I-280 S/B FROM MOORPARK AVENUE,,,10/29/2018 7:01:44 AM,A,S,20.0,Menker Ave,F,,D,10/29/2018 7:02:17 AM,10/29/2018 7:02:17 AM,,True,2,,,,,,,
847230,9340-2018-05463,1,False,9340,10/19/2018 6:50:00 PM,1850,281,1368,4313,San Jose,43,True,True,C,REAR END,,Friday,NotApplicable,False,M,,False,True,True,Santa Clara Superior,C,OTHER MOTOR VEHICLE,,0,0,CLEAR,, NO UNUSUAL CONDITIONS,, ,D,DARK-NO STREET LIGHTS,37.331525,-121.866578,,,,,A,NO PEDESTRIANS INVOLVED,10/19/2018 12:00:00 AM,A,22350,False,1.0,I-280 N/B,,,10/29/2018 6:29:46 AM,A,S,500.0,7th St,F,,D,10/29/2018 6:30:26 AM,10/29/2018 6:30:26 AM,,True,2,,,,,,,
846788,9340-2018-05426,1,False,9340,10/19/2018 3:35:00 PM,1535,281,1368,4313,San Jose,43,True,True,E,HIT OBJECT,,Friday,NotApplicable,False,,,False,True,True,Santa Clara Superior,I,FIXED OBJECT,RAISED CURB,0,0,CLEAR,, NO UNUSUAL CONDITIONS,, ,A,DAYLIGHT,37.31422,-121.91306,,,,,A,NO PEDESTRIANS INVOLVED,10/19/2018 12:00:00 AM,A,22107,False,1.0,I-280 S/B FROM MERIDIAN ave.,,,10/26/2018 2:26:17 PM,A,N,600.0,Race St,F,,D,10/26/2018 2:26:48 PM,10/26/2018 2:26:48 PM,,True,2,,,,,,,
846773,9340-2018-05446,1,False,9340,10/19/2018 1:45:00 PM,1345,281,1368,4313,San Jose,43,True,True,B,SIDE SWIPE,,Friday,NotApplicable,False,,,False,True,True,Santa Clara Superior,C,OTHER MOTOR VEHICLE,,1,0,CLEAR,, NO UNUSUAL CONDITIONS,, ,A,DAYLIGHT,37.32927,-121.86872,,,,,A,NO PEDESTRIANS INVOLVED,10/19/2018 12:00:00 AM,A,21658(a),False,1.0,I-280 S/B,,,10/26/2018 2:17:57 PM,A,S,1000.0,11th St,F,,D,10/26/2018 2:18:59 PM,10/26/2018 2:18:59 PM,,True,2,,,,,,,
846743,9340-2018-05415,1,False,9340,10/19/2018 10:55:00 AM,1055,281,1368,4313,San Jose,43,True,True,B,SIDE SWIPE,,Friday,NotApplicable,False,,,False,True,False,Santa Clara Superior,C,OTHER MOTOR VEHICLE,,0,0,CLEAR,, NO UNUSUAL CONDITIONS,, ,A,DAYLIGHT,37.324492,-121.889529,,,,,A,NO PEDESTRIANS INVOLVED,10/19/2018 12:00:00 AM,A,21658(a),False,,I-280 N/B,,,10/26/2018 1:58:20 PM,A,S,1250.0,Bird Ave,F,REFER TO PG. #4,D,10/26/2018 1:58:58 PM,10/26/2018 1:58:58 PM,,True,2,,,,,,,
846698,9340-2018-05371,1,False,9340,10/17/2018 2:10:00 PM,1410,110,1368,4313,San Jose,43,True,True,E,HIT OBJECT,,Wednesday,NotApplicable,False,,,False,True,False,Santa Clara Superior,I,FIXED OBJECT,OVERCROSSING,0,0,CLEAR,, NO UNUSUAL CONDITIONS,, ,A,DAYLIGHT,37.33595,-121.84867,,,,,A,NO PEDESTRIANS INVOLVED,10/17/2018 12:00:00 AM,A,24002(a),False,1.0,US101 S/B,,,10/26/2018 1:34:27 PM,A,N,0.0,Story Rd,F,,D,10/26/2018 1:35:11 PM,10/26/2018 1:35:11 PM,,True,2,,,,,,,
846655,9340-2018-05427,1,False,9340,10/19/2018 2:00:00 PM,1400,281,1368,4313,San Jose,43,True,True,B,SIDE SWIPE,,Friday,NotApplicable,False,,,False,True,False,Santa Clara Superior,C,OTHER MOTOR VEHICLE,,0,0,CLEAR,, NO UNUSUAL CONDITIONS,, ,A,DAYLIGHT,37.3288,-121.8694,,,,,A,NO PEDESTRIANS INVOLVED,10/19/2018 12:00:00 AM,D,,,,I-280 SOUTHBOUND FROM 11TH STREET,,,10/26/2018 1:06:00 PM,A,S,450.0,11th St,F,,D,10/26/2018 1:06:31 PM,10/26/2018 1:06:31 PM,,True,2,,,,,,,
846653,9340-2018-05464,1,False,9340,10/19/2018 2:10:00 PM,1410,281,1368,4313,San Jose,43,True,True,C,REAR END,,Friday,NotApplicable,False,,,False,True,True,Santa Clara Superior,C,OTHER MOTOR VEHICLE,,0,0,CLEAR,, NO UNUSUAL CONDITIONS,, ,A,DAYLIGHT,37.320464,-121.901,,,,,A,NO PEDESTRIANS INVOLVED,10/19/2018 12:00:00 AM,A,22350,False,1.0,I-280 S/B,,,10/26/2018 1:03:52 PM,A,N,1000.0,Bird Ave,F,,D,10/26/2018 1:04:23 PM,10/26/2018 1:04:23 PM,,True,2,,,,,,,
846608,9340-2018-05437,1,False,9340,10/19/2018 10:15:00 AM,1015,120,1368,4313,San Jose,43,True,True,B,SIDE SWIPE,,Friday,NotApplicable,False,,,False,True,True,Santa Clara Superior,C,OTHER MOTOR VEHICLE,,0,0,CLEAR,, NO UNUSUAL CONDITIONS,, ,A,DAYLIGHT,37.376631,-121.941879,,,,,A,NO PEDESTRIANS INVOLVED,10/19/2018 12:00:00 AM,A,22107,False,1.0,US-101 SOUTHBOUND,,,10/26/2018 12:23:26 PM,A,S,20.0,DE LA CRUZ BOULEVARD,F,,D,10/26/2018 12:24:10 PM,10/26/2018 12:24:10 PM,,True,2,,,,,,,