Collision Id,	Report Number,	Report Version,	Is Preliminary,	NCIC Code,Crash Date Time,	Crash Time Description,	Beat,City Id,	City Code,	City Name,County Code,	City Is Active,	City Is Incorporated,	Collision Type Code,Collision Type Description,	Collision Type Other Desc,	Day Of Week,	DispatchNotified,	HasPhotographs,	HitRun,	IsAttachmentsMailed,	IsDeleted,	IsHighwayRelated,	IsTowAway,	JudicialDistrict,	MotorVehicleInvolvedWithCode,	MotorVehicleInvolvedWithDesc,MotorVehicleInvolvedWithOtherDesc,	NumberInjured,	NumberKilled,Weather 1, Weather 2, Road Condition 1, Road Condition 2, Special Condition,LightingCode, LightingDescription,Latitude,Longitude,MilepostDirection,MilepostDistance,MilepostMarker,MilepostUnitOfMeasure,	PedestrianActionCode,PedestrianActionDesc,PreparedDate,	Primary Collision Factor Code,Primary Collision Factor Violation,PrimaryCollisionFactorIsCited,	PrimaryCollisionPartyNumber,	PrimaryRoad,	ReportingDistrict,	ReportingDistrictCode,ReviewedDate,	RoadwaySurfaceCode,SecondaryDirection,	SecondaryDistance,	SecondaryRoad,	SecondaryUnitOfMeasure,	SketchDesc,	TrafficControlDeviceCode,CreatedDate,	ModifiedDate,IsCountyRoad,IsFreeway,CHP555Version,	IsAdditonalObjectStruck,NotificationDate,	NotificationTimeDescription,	HasDigitalMediaFiles,	EvidenceNumber,	IsLocationReferToNarrative,	IsAOIOneSameAsLocation
865707,9340-2018-05913,1,False,9340,11/13/2018 9:55:00 AM,955,083,1368,4313,San Jose,43,True,True,D,BROADSIDE,,Tuesday,NotApplicable,False,,,False,True,True,Santa Clara Superior,C,OTHER MOTOR VEHICLE,,1,0,CLOUDY,, NO UNUSUAL CONDITIONS,, ,B,DUSK-DAWN,37.255925,-121.875305,,,,,A,NO PEDESTRIANS INVOLVED,11/13/2018 12:00:00 AM,A,22350 VC,False,1.0,STATE ROUTE 85 NORTHBOUND,,,11/23/2018 5:30:58 AM,A,S,120.0,ALMADEN EXPRESSWAY,F,,D,11/23/2018 5:31:32 AM,11/23/2018 5:31:32 AM,,True,2,,,,,,,
865706,9340-2018-05888,1,False,9340,11/11/2018 11:40:00 PM,2340,681,1368,4313,San Jose,43,True,True,C,REAR END,,Sunday,Yes,True,F,,False,True,True,Santa Clara Superior,C,OTHER MOTOR VEHICLE,,1,0,CLEAR,, NO UNUSUAL CONDITIONS,, ,D,DARK-NO STREET LIGHTS,37.23168,-121.51595,,,,,A,NO PEDESTRIANS INVOLVED,11/11/2018 12:00:00 AM,A,23152(a),True,1.0,I-680 N/B,,,11/23/2018 5:05:04 AM,A,N,1500.0,Berryessa Rd,F,,D,11/23/2018 5:05:50 AM,11/23/2018 5:05:50 AM,,True,2,,,,,,,
865696,9340-2018-05879,1,False,9340,11/11/2018 11:10:00 AM,1110,120,1368,4313,San Jose,43,True,True,C,REAR END,,Sunday,NotApplicable,False,,,False,True,True,Santa Clara Superior,C,OTHER MOTOR VEHICLE,,0,0,CLEAR,, NO UNUSUAL CONDITIONS,, ,A,DAYLIGHT,37.363571,-121.895645,,,,,A,NO PEDESTRIANS INVOLVED,11/11/2018 12:00:00 AM,A,22350 VC,False,1.0,US-101 NORTHBOUND,,,11/23/2018 4:26:30 AM,A,S,700.0,10TH STREET,F,,D,11/23/2018 4:27:15 AM,11/23/2018 4:27:15 AM,,True,2,,,,,,,
865436,9340-2018-05939,1,False,9340,11/14/2018 2:40:00 PM,1440,120,1368,4313,San Jose,43,True,True,B,SIDE SWIPE,,Wednesday,NotApplicable,False,,,False,True,True,Santa Clara Superior,C,OTHER MOTOR VEHICLE,,0,0,CLEAR,, NO UNUSUAL CONDITIONS,, ,A,DAYLIGHT,37.376066,-121.939554,,,,,A,NO PEDESTRIANS INVOLVED,11/14/2018 12:00:00 AM,D,,,,US-101 SB FROM DE LA CRUZ BLVD,,,11/22/2018 6:25:02 AM,A,S,600.0,De la Cruz Blvd,F,,D,11/22/2018 6:25:34 AM,11/22/2018 6:25:34 AM,,True,2,,,,,,,
865435,9340-2018-05945,1,False,9340,11/14/2018 1:50:00 PM,1350,281,1368,4313,San Jose,43,True,True,B,SIDE SWIPE,,Wednesday,NotApplicable,False,,,False,True,False,Santa Clara Superior,C,OTHER MOTOR VEHICLE,,0,0,CLEAR,, NO UNUSUAL CONDITIONS,, ,A,DAYLIGHT,37.967896,-121.598798,,,,,A,NO PEDESTRIANS INVOLVED,11/14/2018 12:00:00 AM,A,22107,False,1.0,I-280 S/B,,,11/22/2018 6:23:52 AM,A,S,200.0,Meridian Ave,F,,D,11/22/2018 6:24:21 AM,11/22/2018 6:24:21 AM,,True,2,,,,,,,
865433,9340-2018-05938,1,False,9340,11/14/2018 3:40:00 PM,1540,120,1368,4313,San Jose,43,True,True,C,REAR END,,Wednesday,NotApplicable,False,,,False,True,False,Santa Clara Superior,C,OTHER MOTOR VEHICLE,,1,0,CLEAR,, NO UNUSUAL CONDITIONS,, ,A,DAYLIGHT,37.365529,-121.90517,,,,,A,NO PEDESTRIANS INVOLVED,11/14/2018 12:00:00 AM,A,22350,False,2.0,US-101 SOUTHBOUND,,,11/22/2018 6:21:02 AM,A,N,1000.0,INTERSTATE 880 O/C,F,,D,11/22/2018 6:21:36 AM,11/22/2018 6:21:36 AM,,True,2,,,,,,,
865432,9340-2018-05908,1,False,9340,11/13/2018 8:00:00 AM,800,088,1368,4313,San Jose,43,True,True,B,SIDE SWIPE,,Tuesday,NotApplicable,False,,,False,True,False,Santa Clara Superior,C,OTHER MOTOR VEHICLE,,0,0,CLEAR,, NO UNUSUAL CONDITIONS,, ,A,DAYLIGHT,37.32603,-121.94063,,,,,A,NO PEDESTRIANS INVOLVED,11/13/2018 12:00:00 AM,D,,,,I-880 N/B,,,11/22/2018 6:19:45 AM,A,N,976.0,Stevens Creek Blvd,F,,D,11/22/2018 6:20:14 AM,11/22/2018 6:20:14 AM,,True,2,,,,,,,
865427,9340-2018-05905,1,False,9340,11/12/2018 11:15:00 PM,2315,110,1368,4313,San Jose,43,True,True,C,REAR END,,Monday,Yes,False,,,False,True,True,Santa Clara Superior,C,OTHER MOTOR VEHICLE,,1,0,CLOUDY,, NO UNUSUAL CONDITIONS,, ,D,DARK-NO STREET LIGHTS,37.1758,-121.4847,,,,,A,NO PEDESTRIANS INVOLVED,11/12/2018 12:00:00 AM,A,23152(a),True,1.0,US101 S/B,,,11/22/2018 6:02:12 AM,A,N,2100.0,Yerba Buena Rd,F,,D,11/22/2018 6:02:55 AM,11/22/2018 6:02:55 AM,,True,2,,,,,,,
865425,9340-2018-05898,1,False,9340,11/12/2018 3:50:00 PM,1550,281,1368,4313,San Jose,43,True,True,C,REAR END,,Monday,Yes,False,,,False,True,True,Santa Clara Superior,C,OTHER MOTOR VEHICLE,,1,0,CLEAR,, NO UNUSUAL CONDITIONS,, ,A,DAYLIGHT,37.089098,-121.977688,,,,,A,NO PEDESTRIANS INVOLVED,11/12/2018 12:00:00 AM,A,22350,True,1.0,I-280 SB TO SR-87 SB,,,11/22/2018 5:59:28 AM,A,S,400.0,I-280,F,,D,11/22/2018 6:00:09 AM,11/22/2018 6:00:09 AM,,True,2,,,,,,,
865421,9340-2018-05862,1,False,9340,11/10/2018 12:01:00 AM,1,088,1368,4313,San Jose,43,True,True,E,HIT OBJECT,,Saturday,Yes,False,,,False,True,True,Santa Clara Superior,I,FIXED OBJECT,CONCRETE BARRIER,0,0,CLOUDY,, NO UNUSUAL CONDITIONS,, ,D,DARK-NO STREET LIGHTS,37.363871,-121.902036,,,,,A,NO PEDESTRIANS INVOLVED,11/10/2018 12:00:00 AM,A,23152(a),True,1.0,I-880 S/B,,,11/22/2018 5:50:54 AM,A,S,25.0,US101,F,,D,11/22/2018 5:51:38 AM,11/22/2018 5:51:38 AM,,True,2,,,,,,,
865131,9340-2018-05955,1,False,9340,11/15/2018 12:45:00 PM,1245,281,1368,4313,San Jose,43,True,True,B,SIDE SWIPE,,Thursday,NotApplicable,False,,,False,True,False,Santa Clara Superior,C,OTHER MOTOR VEHICLE,,0,0,CLOUDY,, NO UNUSUAL CONDITIONS,, ,A,DAYLIGHT,37.32213,-121.898982,,,,,A,NO PEDESTRIANS INVOLVED,11/15/2018 12:00:00 AM,A,21658(a),False,1.0,I-280 N/B,,,11/21/2018 1:40:46 PM,A,N,130.0,Bird Ave,F,,D,11/21/2018 1:41:25 PM,11/21/2018 1:41:25 PM,,True,2,,,,,,,
865111,9340-2018-05965,1,False,9340,11/15/2018 6:25:00 PM,1825,281,1368,4313,San Jose,43,True,True,C,REAR END,,Thursday,NotApplicable,False,M,,False,True,False,Santa Clara Superior,C,OTHER MOTOR VEHICLE,,0,0,CLEAR,, NO UNUSUAL CONDITIONS,, ,A,DAYLIGHT,37.980809,-121.708098,,,,,A,NO PEDESTRIANS INVOLVED,11/15/2018 12:00:00 AM,A,22350,False,1.0,I-280 S/B,,,11/21/2018 1:30:08 PM,A,S,300.0,Macarthur Ave,F,,D,11/21/2018 1:30:40 PM,11/21/2018 1:30:40 PM,,True,2,,,,,,,
865102,9340-2018-05959,1,False,9340,11/15/2018 7:00:00 AM,700,083,1368,4313,San Jose,43,True,True,C,REAR END,,Thursday,NotApplicable,False,,,False,True,True,Santa Clara Superior,C,OTHER MOTOR VEHICLE,,0,0,CLOUDY,, NO UNUSUAL CONDITIONS,, ,A,DAYLIGHT,37.252335,-121.877257,,,,,A,NO PEDESTRIANS INVOLVED,11/15/2018 12:00:00 AM,A,22350,False,1.0,SR-85 N/B,,,11/21/2018 1:23:05 PM,A,N,200.0,Almaden Expy,F,,D,11/21/2018 1:23:41 PM,11/21/2018 1:23:41 PM,,True,2,,,,,,,
865092,9340-2018-05962,1,False,9340,11/15/2018 4:30:00 PM,1630,281,1368,4313,San Jose,43,True,True,C,REAR END,,Thursday,NotApplicable,False,,,False,True,False,Santa Clara Superior,C,OTHER MOTOR VEHICLE,,0,0,CLEAR,, NO UNUSUAL CONDITIONS,, ,B,DUSK-DAWN,37.3217,-121.8918,,,,,A,NO PEDESTRIANS INVOLVED,11/15/2018 12:00:00 AM,A,22350,False,1.0,I-280 SOUTHBOUND TO SR-87 SOUTHBOUND,,,11/21/2018 1:15:36 PM,A,N,750.0,West Virginia St,F,,D,11/21/2018 1:16:11 PM,11/21/2018 1:16:11 PM,,True,2,,,,,,,
865083,9340-2018-05895,1,False,9340,11/10/2018 4:10:00 PM,1610,681,1368,4313,San Jose,43,True,True,E,HIT OBJECT,,Saturday,Yes,False,M,,False,True,True,Santa Clara Superior,I,FIXED OBJECT,GUARDRAIL,0,0,CLEAR,, NO UNUSUAL CONDITIONS,, ,A,DAYLIGHT,37.299201,-121.87529,,,,,A,NO PEDESTRIANS INVOLVED,11/10/2018 12:00:00 AM,A,22350,False,1.0, i-680 n/b to capitol ave.,,,11/21/2018 1:09:29 PM,A,N,500.0,Capitol Ave,F,,D,11/21/2018 1:09:59 PM,11/21/2018 1:09:59 PM,,True,2,,,,,,,
865046,9340-2018-05966,1,False,9340,11/15/2018 6:20:00 PM,1820,281,1368,4313,San Jose,43,True,True,C,REAR END,,Thursday,NotApplicable,False,,,False,True,False,Santa Clara Superior,C,OTHER MOTOR VEHICLE,,0,0,CLEAR,, NO UNUSUAL CONDITIONS,, ,A,DAYLIGHT,37.98098,-121.89098,,,,,A,NO PEDESTRIANS INVOLVED,11/15/2018 12:00:00 AM,A,22350,False,1.0,I-280 S/B,,,11/21/2018 12:42:31 PM,A,S,350.0,Macarthur Ave,F,,D,11/21/2018 12:43:02 PM,11/21/2018 12:43:02 PM,,True,2,,,,,,,
865019,9340-2018-05897,1,False,9340,11/12/2018 6:40:00 PM,1840,281,1368,4313,San Jose,43,True,True,C,REAR END,,Monday,NotApplicable,False,,,False,True,False,Santa Clara Superior,C,OTHER MOTOR VEHICLE,,0,0,CLEAR,, NO UNUSUAL CONDITIONS,, ,D,DARK-NO STREET LIGHTS,37.2066,-121.5133,,,,,A,NO PEDESTRIANS INVOLVED,11/12/2018 12:00:00 AM,A,22350,False,1.0,I-280 S/B,,,11/21/2018 12:19:42 PM,A,N,500.0,McLaughlin Ave,F,,D,11/21/2018 12:20:12 PM,11/21/2018 12:20:12 PM,,True,2,,,,,,,
864988,9340-2018-05933,1,False,9340,11/14/2018 8:15:00 AM,815,110,1368,4313,San Jose,43,True,True,C,REAR END,,Wednesday,NotApplicable,False,,,False,True,False,Santa Clara Superior,C,OTHER MOTOR VEHICLE,,0,0,CLEAR,, NO UNUSUAL CONDITIONS,, ,A,DAYLIGHT,37.20508,-121.504733,,,,,A,NO PEDESTRIANS INVOLVED,11/14/2018 12:00:00 AM,A,22350,False,1.0,US-101 N/B TO I-680 N/B,,,11/21/2018 11:51:26 AM,A,S,600.0,STORY RD.,F,,A,11/21/2018 11:51:58 AM,11/21/2018 11:51:58 AM,,True,2,,,,,,,
864912,9340-2018-05943,1,False,9340,11/14/2018 6:40:00 PM,1840,083,1368,4313,San Jose,43,True,True,C,REAR END,,Wednesday,NotApplicable,False,,,False,True,True,Santa Clara Superior,C,OTHER MOTOR VEHICLE,,0,0,CLEAR,, NO UNUSUAL CONDITIONS,, ,D,DARK-NO STREET LIGHTS,37.2531,-121.88309,,,,,A,NO PEDESTRIANS INVOLVED,11/14/2018 12:00:00 AM,A,22350,False,1.0,SR-85 S/B,,,11/21/2018 11:05:53 AM,A,N,2000.0,Almaden Expy,F,,D,11/21/2018 11:06:25 AM,11/21/2018 11:06:25 AM,,True,2,,,,,,,
864840,9340-2018-05931,1,False,9340,11/14/2018 6:50:00 AM,650,110,1368,4313,San Jose,43,True,True,C,REAR END,,Wednesday,NotApplicable,False,M,,False,True,True,Santa Clara Superior,C,OTHER MOTOR VEHICLE,,0,0,CLEAR,, NO UNUSUAL CONDITIONS,, ,A,DAYLIGHT,37.282345,-121.808528,,,,,A,NO PEDESTRIANS INVOLVED,11/14/2018 12:00:00 AM,A,22350,False,1.0,US101 N/B,,,11/21/2018 10:15:38 AM,A,N,1445.0,Hellyer Ave,F,REFER TO PG. #3,D,11/21/2018 10:16:02 AM,11/21/2018 10:16:02 AM,,True,2,,,,,,,
864838,9340-2018-05951,2,False,9340,11/14/2018 10:45:00 AM,1045,087,1368,4313,San Jose,43,True,True,C,REAR END,,Wednesday,NotApplicable,False,,,False,True,True,Santa Clara Superior,C,OTHER MOTOR VEHICLE,,0,0,CLEAR,, NO UNUSUAL CONDITIONS,, ,A,DAYLIGHT,37.305981,-121.880339,,,,,A,NO PEDESTRIANS INVOLVED,11/14/2018 12:00:00 AM,A,21658(a),False,1.0,SR-87 S/B,,,11/21/2018 11:26:27 AM,A,N,0.1,Almaden Expy,M,,D,11/21/2018 10:15:13 AM,11/21/2018 11:26:59 AM,,True,2,,,,,,,
864812,9340-2018-05937,1,False,9340,11/14/2018 7:00:00 AM,700,083,1368,4313,San Jose,43,True,True,C,REAR END,,Wednesday,Yes,False,,,False,True,False,Santa Clara Superior,C,OTHER MOTOR VEHICLE,,2,0,CLOUDY,, NO UNUSUAL CONDITIONS,, ,A,DAYLIGHT,37.255706,-121.857203,,,,,A,NO PEDESTRIANS INVOLVED,11/14/2018 12:00:00 AM,A,22350,False,1.0,SR-85 N/B,,,11/21/2018 9:56:18 AM,A,N,500.0,Santa Teresa Blvd,F,,D,11/21/2018 9:57:01 AM,11/21/2018 9:57:01 AM,,True,2,,,,,,,
864800,9340-2018-05953,1,False,9340,11/14/2018 7:13:00 PM,1913,087,1368,4313,San Jose,43,True,True,C,REAR END,,Wednesday,NotApplicable,False,,,False,True,False,Santa Clara Superior,C,OTHER MOTOR VEHICLE,,0,0,CLEAR,, NO UNUSUAL CONDITIONS,, ,B,DUSK-DAWN,37.34218,-121.90867,,,,,A,NO PEDESTRIANS INVOLVED,11/14/2018 12:00:00 AM,A,22350,False,1.0,SR-87 S/B,,,11/21/2018 9:47:54 AM,A,S,200.0,Skyport Dr,F,,D,11/21/2018 9:48:23 AM,11/21/2018 9:48:23 AM,,True,2,,,,,,,
864743,9340-2018-05949,1,False,9340,11/14/2018 7:35:00 PM,1935,088,1368,4313,San Jose,43,True,True,C,REAR END,,Wednesday,NotApplicable,False,,,False,True,True,Santa Clara Superior,C,OTHER MOTOR VEHICLE,,1,0,CLEAR,, NO UNUSUAL CONDITIONS,, ,D,DARK-NO STREET LIGHTS,37.34841,-121.91827,,,,,A,NO PEDESTRIANS INVOLVED,11/14/2018 12:00:00 AM,A,22350,False,1.0,I-880 N/B,,,11/21/2018 9:10:36 AM,A,S,200.0,Coleman Ave,F,,D,11/21/2018 9:11:10 AM,11/21/2018 9:11:10 AM,,True,2,,,,,,,
864704,9340-2018-05920,1,False,9340,11/13/2018 5:40:00 PM,1740,088,1368,4313,San Jose,43,True,True,B,SIDE SWIPE,,Tuesday,NotApplicable,False,M,,False,True,False,Santa Clara Superior,C,OTHER MOTOR VEHICLE,,0,0,CLEAR,, NO UNUSUAL CONDITIONS,, ,D,DARK-NO STREET LIGHTS,37.351622,-121.914139,,,,,A,NO PEDESTRIANS INVOLVED,11/13/2018 12:00:00 AM,A,21658(a),False,1.0,I-880 N/B,,,11/21/2018 8:41:19 AM,A,N,1420.0,Coleman Ave,F,,D,11/21/2018 8:42:03 AM,11/21/2018 8:42:03 AM,,True,2,,,,,,,
864677,9340-2018-05914,1,False,9340,11/13/2018 10:24:00 AM,1024,120,1368,4313,San Jose,43,True,True,C,REAR END,,Tuesday,NotApplicable,False,,,False,True,True,Santa Clara Superior,C,OTHER MOTOR VEHICLE,,0,0,CLEAR,, NO UNUSUAL CONDITIONS,, ,A,DAYLIGHT,37.224386,-121.57765,,,,,A,NO PEDESTRIANS INVOLVED,11/13/2018 12:00:00 AM,A,22350,False,1.0,US101 N/B,,,11/21/2018 8:18:24 AM,A,N,1000.0,De la Cruz Blvd,F,,D,11/21/2018 8:19:26 AM,11/21/2018 8:19:26 AM,,True,2,,,,,,,
864665,9340-2018-05906,1,False,9340,11/13/2018 6:20:00 AM,620,120,1368,4313,San Jose,43,True,True,B,SIDE SWIPE,,Tuesday,NotApplicable,False,,,False,True,True,Santa Clara Superior,C,OTHER MOTOR VEHICLE,,1,0,CLEAR,, NO UNUSUAL CONDITIONS,, ,A,DAYLIGHT,37.372664,-121.924102,,,,,A,NO PEDESTRIANS INVOLVED,11/13/2018 12:00:00 AM,A,22107,False,1.0,US101 N/B,,,11/21/2018 8:12:55 AM,A,N,1400.0,Brokaw Rd,F,,D,11/21/2018 8:13:29 AM,11/21/2018 8:13:29 AM,,True,2,,,,,,,
864652,9340-2018-05891,1,False,9340,11/12/2018 6:05:00 AM,605,087,1368,4313,San Jose,43,True,True,C,REAR END,,Monday,NotApplicable,False,,,False,True,False,Santa Clara Superior,C,OTHER MOTOR VEHICLE,,0,0,CLEAR,, NO UNUSUAL CONDITIONS,, ,B,DUSK-DAWN,37.204812,-121.541388,,,,,A,NO PEDESTRIANS INVOLVED,11/12/2018 12:00:00 AM,A,22350,False,1.0,SR-87 N/B TO TAYLOR ST.,,,11/21/2018 8:00:26 AM,A,S,110.0,TAYLOR ST.,F,,D,11/21/2018 8:00:56 AM,11/21/2018 8:00:56 AM,,True,2,,,,,,,
864602,9340-2018-05975,1,False,9340,11/15/2018 10:20:00 PM,2220,110,1368,4313,San Jose,43,True,True,C,REAR END,,Thursday,NotApplicable,False,,,False,True,False,Santa Clara Superior,C,OTHER MOTOR VEHICLE,,0,0,CLEAR,, NO UNUSUAL CONDITIONS,, ,C,DARK-STREET LIGHTS,37.3639,-121.9016,,,,,A,NO PEDESTRIANS INVOLVED,11/15/2018 12:00:00 AM,A,21658(a),False,1.0,US101 S/B,,,11/21/2018 7:19:12 AM,A,S,30.0,I-880 N/B,F,,D,11/21/2018 7:19:46 AM,11/21/2018 7:19:46 AM,,True,2,,,,,,,
864592,9340-2018-05858,2,False,9340,11/9/2018 5:28:00 PM,1728,110,1368,4313,San Jose,43,True,True,C,REAR END,,Friday,NotApplicable,False,,,False,True,True,Santa Clara Superior,C,OTHER MOTOR VEHICLE,,3,0,CLEAR,, NO UNUSUAL CONDITIONS,, ,C,DARK-STREET LIGHTS,37.278699,-121.806321,,,,,A,NO PEDESTRIANS INVOLVED,11/9/2018 12:00:00 AM,A,22350,False,6.0,US-101 N/B,,,12/20/2018 8:44:55 AM,A,S,500.0,Hellyer Road,F,,D,11/21/2018 7:09:56 AM,12/20/2018 8:45:12 AM,,True,2,,,,,,,
864564,9340-2018-05886,1,False,9340,11/11/2018 6:20:00 PM,1820,120,1368,4313,San Jose,43,True,True,C,REAR END,,Sunday,Yes,False,,,False,True,True,Santa Clara Superior,C,OTHER MOTOR VEHICLE,,4,0,CLEAR,, NO UNUSUAL CONDITIONS,, ,C,DARK-STREET LIGHTS,37.3633,-121.8938,,,,,A,NO PEDESTRIANS INVOLVED,11/11/2018 12:00:00 AM,A,22350,False,1.0,US101 N/B,,,11/21/2018 6:19:01 AM,A,N,680.0,Oakland Rd,F,,D,11/21/2018 6:19:54 AM,11/21/2018 6:19:54 AM,,True,2,,,,,,,
864557,9340-2018-05843,2,False,9340,11/8/2018 7:40:00 PM,1940,681,1368,4313,San Jose,43,True,True,C,REAR END,,Thursday,Yes,False,,,False,True,True,Santa Clara Superior,C,OTHER MOTOR VEHICLE,,3,0,CLEAR,, NO UNUSUAL CONDITIONS,, ,C,DARK-STREET LIGHTS,37.342866,-121.847622,,,,,A,NO PEDESTRIANS INVOLVED,11/8/2018 12:00:00 AM,A,22350,False,1.0,I-680 N/B,,,12/20/2018 8:41:42 AM,A,S,1000.0,Jackson St,F,,D,11/21/2018 6:02:31 AM,12/20/2018 8:41:56 AM,,True,2,,,,,,,
864371,9340-2018-05935,1,False,9340,11/13/2018 6:30:00 PM,1830,282,1368,4313,San Jose,43,True,True,C,REAR END,,Tuesday,Yes,False,,,False,True,True,Santa Clara Superior,C,OTHER MOTOR VEHICLE,,1,0,CLEAR,, NO UNUSUAL CONDITIONS,, ,D,DARK-NO STREET LIGHTS,37.1859,-121.5885,,,,,A,NO PEDESTRIANS INVOLVED,11/13/2018 12:00:00 AM,A,22350,False,1.0, i-280 n/b to saratoga ave.,,,11/20/2018 3:48:13 PM,A,S,1500.0,Saratoga Ave,F,,D,11/20/2018 3:49:24 PM,11/20/2018 3:49:24 PM,,True,2,,,,,,,
864336,9340-2018-05910,1,False,9340,11/13/2018 6:20:00 AM,620,110,1368,4313,San Jose,43,True,True,B,SIDE SWIPE,,Tuesday,NotApplicable,False,,,False,True,True,Santa Clara Superior,C,OTHER MOTOR VEHICLE,,1,0,CLEAR,, NO UNUSUAL CONDITIONS,, ,A,DAYLIGHT,37.3485,-121.8603,,,,,A,NO PEDESTRIANS INVOLVED,11/13/2018 12:00:00 AM,A,21658(a),False,1.0,US101 N/B,,,11/20/2018 3:13:51 PM,A,S,570.0,Alum Rock Ave,F,,D,11/20/2018 3:14:30 PM,11/20/2018 3:14:30 PM,,True,2,,,,,,,
864304,9340-2018-05900,1,False,9340,11/12/2018 5:45:00 PM,1745,681,1368,4313,San Jose,43,True,True,C,REAR END,,Monday,NotApplicable,False,,,False,True,False,Santa Clara Superior,C,OTHER MOTOR VEHICLE,,0,0,CLEAR,, NO UNUSUAL CONDITIONS,, ,D,DARK-NO STREET LIGHTS,37.40492,-121.877588,,,,,A,NO PEDESTRIANS INVOLVED,11/12/2018 12:00:00 AM,A,22350,False,1.0,I-680 S/B,,,11/20/2018 2:56:03 PM,A,N,1960.0,Capitol Ave,F,,D,11/20/2018 2:56:35 PM,11/20/2018 2:56:35 PM,,True,2,,,,,,,
864258,9340-2018-05904,1,False,9340,11/12/2018 10:15:00 PM,2215,088,1368,4313,San Jose,43,True,True,B,SIDE SWIPE,,Monday,NotApplicable,False,,,False,True,False,Santa Clara Superior,C,OTHER MOTOR VEHICLE,,0,0,CLEAR,, NO UNUSUAL CONDITIONS,, ,C,DARK-STREET LIGHTS,37.363822,-121.902295,,,,,A,NO PEDESTRIANS INVOLVED,11/12/2018 12:00:00 AM,A,21658(a),False,1.0,I-880 S/B,,,11/20/2018 2:09:12 PM,A,S,50.0,US101 S/B,F,,D,11/20/2018 2:34:46 PM,11/20/2018 2:34:46 PM,,True,2,,,,,,,
864213,9340-2018-05901,1,False,9340,11/12/2018 5:20:00 PM,1720,088,1368,4313,San Jose,43,True,True,C,REAR END,,Monday,NotApplicable,False,,,False,True,True,Santa Clara Superior,C,OTHER MOTOR VEHICLE,,0,0,CLEAR,, NO UNUSUAL CONDITIONS,, ,D,DARK-NO STREET LIGHTS,37.3557,-121.90968,,,,,A,NO PEDESTRIANS INVOLVED,11/12/2018 12:00:00 AM,A,22350,False,1.0,I-880 N/B,,,11/20/2018 2:04:00 PM,A,S,1170.0,1st St,F,,D,11/20/2018 2:04:34 PM,11/20/2018 2:04:34 PM,,True,2,,,,,,,
864168,9340-2018-05893,1,False,9340,11/12/2018 8:40:00 AM,840,087,1368,4313,San Jose,43,True,True,C,REAR END,,Monday,NotApplicable,False,,,False,True,True,Santa Clara Superior,C,OTHER MOTOR VEHICLE,,0,0,CLEAR,, NO UNUSUAL CONDITIONS,, ,A,DAYLIGHT,37.174467,-121.522467,,,,,A,NO PEDESTRIANS INVOLVED,11/12/2018 12:00:00 AM,A,22350,False,1.0,SR-87 N/B,,,11/20/2018 1:22:36 PM,A,N,400.0,Curtner Ave,F,,D,11/20/2018 1:23:09 PM,11/20/2018 1:23:09 PM,,True,2,,,,,,,
864035,9340-2018-05878,1,False,9340,11/11/2018 11:50:00 AM,1150,282,1368,4313,San Jose,43,True,True,B,SIDE SWIPE,,Sunday,NotApplicable,False,M,,False,True,False,Santa Clara Superior,C,OTHER MOTOR VEHICLE,,0,0,CLEAR,, NO UNUSUAL CONDITIONS,, ,A,DAYLIGHT,37.316771,-121.951693,,,,,A,NO PEDESTRIANS INVOLVED,11/11/2018 12:00:00 AM,A,22107,False,1.0,I-280 S/B,,,11/20/2018 11:48:03 AM,A,N,500.0,Winchester Blvd,F,,D,11/20/2018 11:48:32 AM,11/20/2018 11:48:32 AM,,True,2,,,,,,,
864032,9340-2018-05884,1,False,9340,11/11/2018 1:55:00 PM,1355,281,1368,4313,San Jose,43,True,True,C,REAR END,,Sunday,NotApplicable,False,,,False,True,False,Santa Clara Superior,C,OTHER MOTOR VEHICLE,,0,0,CLEAR,, NO UNUSUAL CONDITIONS,, ,A,DAYLIGHT,37.3251,-121.885394,,,,,A,NO PEDESTRIANS INVOLVED,11/11/2018 12:00:00 AM,A,22350,False,1.0,I-280 S/B,,,11/20/2018 11:45:45 AM,A,S,400.0,Almaden Ave,F,,D,11/20/2018 11:46:34 AM,11/20/2018 11:46:34 AM,,True,2,,,,,,,