Collision Id,	Report Number,	Report Version,	Is Preliminary,	NCIC Code,Crash Date Time,	Crash Time Description,	Beat,City Id,	City Code,	City Name,County Code,	City Is Active,	City Is Incorporated,	Collision Type Code,Collision Type Description,	Collision Type Other Desc,	Day Of Week,	DispatchNotified,	HasPhotographs,	HitRun,	IsAttachmentsMailed,	IsDeleted,	IsHighwayRelated,	IsTowAway,	JudicialDistrict,	MotorVehicleInvolvedWithCode,	MotorVehicleInvolvedWithDesc,MotorVehicleInvolvedWithOtherDesc,	NumberInjured,	NumberKilled,Weather 1, Weather 2, Road Condition 1, Road Condition 2, Special Condition,LightingCode, LightingDescription,Latitude,Longitude,MilepostDirection,MilepostDistance,MilepostMarker,MilepostUnitOfMeasure,	PedestrianActionCode,PedestrianActionDesc,PreparedDate,	Primary Collision Factor Code,Primary Collision Factor Violation,PrimaryCollisionFactorIsCited,	PrimaryCollisionPartyNumber,	PrimaryRoad,	ReportingDistrict,	ReportingDistrictCode,ReviewedDate,	RoadwaySurfaceCode,SecondaryDirection,	SecondaryDistance,	SecondaryRoad,	SecondaryUnitOfMeasure,	SketchDesc,	TrafficControlDeviceCode,CreatedDate,	ModifiedDate,IsCountyRoad,IsFreeway,CHP555Version,	IsAdditonalObjectStruck,NotificationDate,	NotificationTimeDescription,	HasDigitalMediaFiles,	EvidenceNumber,	IsLocationReferToNarrative,	IsAOIOneSameAsLocation
877605,9340-2018-05469,1,False,9340,10/10/2018 8:15:00 AM,815,282,1368,4313,San Jose,43,True,True,B,SIDE SWIPE,,Wednesday,NotApplicable,False,,,False,True,False,Santa Clara Superior,C,OTHER MOTOR VEHICLE,,0,0,CLEAR,, NO UNUSUAL CONDITIONS,, Counter Report,A,DAYLIGHT,37.1922,-121.5621,,,,,A,NO PEDESTRIANS INVOLVED,10/10/2018 12:00:00 AM,D,,,,I-280 N/B TO SEVENS CREEK BLVD,,,12/6/2018 3:14:20 PM,A,S,120.0,Stevens Creek Blvd,F,,A,12/6/2018 3:17:52 PM,12/6/2018 3:17:52 PM,,True,2,,,,,,,
877600,9340-2018-06215,1,False,9340,11/29/2018 12:00:00 PM,1200,087,1368,4313,San Jose,43,True,True,E,HIT OBJECT,,Thursday,NotApplicable,False,,,False,True,True,Santa Clara Superior,I,FIXED OBJECT,CONCRETE WALL,1,0,CLOUDY,RAINING, NO UNUSUAL CONDITIONS,, ,A,DAYLIGHT,37.332222,-121.896851,,,,,A,NO PEDESTRIANS INVOLVED,11/29/2018 12:00:00 AM,A,22107,False,1.0,SR-87 S/B,,,12/6/2018 3:13:53 PM,B,N,1000.0,Park Ave,F,,D,12/6/2018 3:14:34 PM,12/6/2018 3:14:34 PM,,True,2,,,,,,,
877587,9340-2018-06283,2,False,9340,12/3/2018 6:45:00 PM,1845,089,1368,4313,San Jose,43,True,True,C,REAR END,,Monday,NotApplicable,False,,,False,True,True,Santa Clara Superior,C,OTHER MOTOR VEHICLE,,0,0,CLEAR,, NO UNUSUAL CONDITIONS,, ,C,DARK-STREET LIGHTS,37.219214,-121.540891,,,,,A,NO PEDESTRIANS INVOLVED,12/3/2018 12:00:00 AM,A,22350,False,1.0,I-880 S/B,,,3/6/2019 11:53:00 AM,A,N,500.0,US101,F,,D,12/6/2018 3:06:43 PM,3/6/2019 11:53:03 AM,,True,2,,,,,,,
877474,9340-2018-06160,1,False,9340,11/26/2018 4:45:00 PM,1645,087,1368,4313,San Jose,43,True,True,C,REAR END,,Monday,NotApplicable,False,M,,False,True,True,Santa Clara Superior,C,OTHER MOTOR VEHICLE,,0,0,CLEAR,, NO UNUSUAL CONDITIONS,, ,B,DUSK-DAWN,37.293975,-121.872068,,,,,A,NO PEDESTRIANS INVOLVED,11/26/2018 12:00:00 AM,A,22350,False,1.0,SR-87 N/B TO CURTNER AVENUE,,,12/6/2018 1:48:07 PM,A,S,500.0,Curtner Ave,F,,D,12/6/2018 1:48:49 PM,12/6/2018 1:48:49 PM,,True,2,,,,,,,
877459,9340-2018-06252,1,False,9340,12/1/2018 4:30:00 PM,1630,083,1368,4313,San Jose,43,True,True,B,SIDE SWIPE,,Saturday,NotApplicable,False,M,,False,True,False,Santa Clara Superior,C,OTHER MOTOR VEHICLE,,0,0,CLOUDY,, NO UNUSUAL CONDITIONS,, ,A,DAYLIGHT,37.25484,-121.85911,,,,,A,NO PEDESTRIANS INVOLVED,12/1/2018 12:00:00 AM,A,22107,False,1.0,SR-85 S/B,,,12/6/2018 1:41:12 PM,B,N,150.0,Santa Teresa Blvd,F,,D,12/6/2018 1:41:41 PM,12/6/2018 1:41:41 PM,,True,2,,,,,,,
877453,9340-2018-06154,1,False,9340,11/26/2018 10:05:00 AM,1005,110,1368,4313,San Jose,43,True,True,C,REAR END,,Monday,Yes,False,,,False,True,True,Santa Clara Superior,C,OTHER MOTOR VEHICLE,,1,0,CLEAR,, NO UNUSUAL CONDITIONS,, ,A,DAYLIGHT,37.363,-121.8896,,,,,A,NO PEDESTRIANS INVOLVED,11/26/2018 12:00:00 AM,A,22350,True,1.0,US-101 N/B TO OLD OAKLAND RD,,,12/6/2018 1:36:55 PM,A,S,400.0,OLD OAKLAND RD,F,,D,12/6/2018 1:37:57 PM,12/6/2018 1:37:57 PM,,True,2,,,,,,,
877446,9340-2018-06223,1,False,9340,11/29/2018 5:47:00 PM,1747,088,1368,4313,San Jose,43,True,True,C,REAR END,,Thursday,NotApplicable,True,M,,False,True,True,Santa Clara Superior,C,OTHER MOTOR VEHICLE,,0,0,RAINING,, NO UNUSUAL CONDITIONS,, ,C,DARK-STREET LIGHTS,37.35697,-121.90867,,,,,A,NO PEDESTRIANS INVOLVED,11/29/2018 12:00:00 AM,A,22350,False,1.0,I-880 S/B,,,12/6/2018 1:31:55 PM,B,S,200.0,north first street,F,,D,12/6/2018 1:32:38 PM,12/6/2018 1:32:38 PM,,True,2,,,,,,,
877442,9340-2018-06222,1,False,9340,11/29/2018 6:58:00 PM,1858,089,1368,4313,San Jose,43,True,True,C,REAR END,,Thursday,NotApplicable,False,,,False,True,False,Santa Clara Superior,C,OTHER MOTOR VEHICLE,,2,0,CLEAR,, NO UNUSUAL CONDITIONS,, ,C,DARK-STREET LIGHTS,37.36239,-121.90217,,,,,A,NO PEDESTRIANS INVOLVED,11/29/2018 12:00:00 AM,A,22350,False,1.0,I-880 N/B,,,12/6/2018 1:28:41 PM,B,S,300.0,Old Bayshore Hwy,F,,D,12/6/2018 1:29:16 PM,12/6/2018 1:29:16 PM,,True,2,,,,,,,
877430,9340-2018-06250,1,False,9340,12/1/2018 11:00:00 AM,1100,230,1368,4313,San Jose,43,True,True,E,HIT OBJECT,,Saturday,NotApplicable,False,,,False,True,True,Santa Clara Superior,I,FIXED OBJECT,CONCRETE JERSEY WALL,0,0,RAINING,, NO UNUSUAL CONDITIONS,, ,A,DAYLIGHT,37.251637,-121.56108,,,,,A,NO PEDESTRIANS INVOLVED,12/1/2018 12:00:00 AM,A,22350,False,1.0,SR-237 W/B,,,12/6/2018 1:23:55 PM,B,E,1000.0,Zanker Rd,F,,D,12/6/2018 1:24:26 PM,12/6/2018 1:24:26 PM,,True,2,,,,,,,
877391,9340-2018-06237,1,False,9340,11/30/2018 5:35:00 AM,535,281,1368,4313,San Jose,43,True,True,C,REAR END,,Friday,NotApplicable,False,,,False,True,False,Santa Clara Superior,C,OTHER MOTOR VEHICLE,,0,0,CLEAR,, NO UNUSUAL CONDITIONS,, ,C,DARK-STREET LIGHTS,37.315079,-121.909564,,,,,A,NO PEDESTRIANS INVOLVED,11/30/2018 12:00:00 AM,A,22350,False,1.0,I-280 N/B,,,12/6/2018 12:58:36 PM,B,S,400.0,Bird Ave,F,,D,12/6/2018 12:59:06 PM,12/6/2018 12:59:06 PM,,True,2,,,,,,,
877377,9340-2018-06236,1,False,9340,11/30/2018 6:40:00 AM,640,087,1368,4313,San Jose,43,True,True,C,REAR END,,Friday,NotApplicable,False,,,False,True,True,Santa Clara Superior,C,OTHER MOTOR VEHICLE,,0,0,CLEAR,, NO UNUSUAL CONDITIONS,, ,A,DAYLIGHT,37.272918,-121.862441,,,,,A,NO PEDESTRIANS INVOLVED,11/30/2018 12:00:00 AM,A,22350,False,1.0,SR-87 N/B,,,12/6/2018 12:49:02 PM,A,N,1950.0,Capitol Expy,F,REFER TO PG. #3,D,12/6/2018 12:49:24 PM,12/6/2018 12:49:24 PM,,True,2,,,,,,,
877363,9340-2018-06255,1,False,9340,11/30/2018 3:00:00 PM,1500,281,1368,4313,San Jose,43,True,True,B,SIDE SWIPE,,Friday,NotApplicable,False,,,False,True,False,Santa Clara Superior,C,OTHER MOTOR VEHICLE,,0,0,CLEAR,, NO UNUSUAL CONDITIONS,, ,A,DAYLIGHT,37.317199,-121.93343,,,,,A,NO PEDESTRIANS INVOLVED,11/30/2018 12:00:00 AM,A,21658(a),False,2.0,I-280 S/B,,,12/6/2018 12:39:24 PM,A,N,500.0,Bascom Ave,F,,D,12/6/2018 12:39:58 PM,12/6/2018 12:39:58 PM,,True,2,,,,,,,
877356,9340-2018-06242,1,False,9340,11/30/2018 10:30:00 AM,1030,110,1368,4313,San Jose,43,True,True,C,REAR END,,Friday,NotApplicable,False,M,,False,True,False,Santa Clara Superior,C,OTHER MOTOR VEHICLE,,0,0,CLEAR,, NO UNUSUAL CONDITIONS,, ,D,DARK-NO STREET LIGHTS,37.2618,-121.80031,,,,,A,NO PEDESTRIANS INVOLVED,11/30/2018 12:00:00 AM,A,22350,False,1.0,US101 S/B,,,12/6/2018 12:33:59 PM,A,N,1900.0,Blossom Hill Rd,F,,D,12/6/2018 12:34:34 PM,12/6/2018 12:34:34 PM,,True,2,,,,,,,
877335,9340-2018-06238,1,False,9340,11/30/2018 11:25:00 AM,1125,089,1368,4313,San Jose,43,True,True,C,REAR END,,Friday,NotApplicable,False,,,False,True,False,Santa Clara Superior,C,OTHER MOTOR VEHICLE,,0,0,CLEAR,, NO UNUSUAL CONDITIONS,, ,A,DAYLIGHT,37.3561,-121.9095,,,,,A,NO PEDESTRIANS INVOLVED,11/30/2018 12:00:00 AM,A,21658(a),False,1.0,I-880 S/B,,,12/6/2018 12:25:12 PM,A,S,57.0,N 1ST ST,F,,D,12/6/2018 12:25:44 PM,12/6/2018 12:25:44 PM,,True,2,,,,,,,
877289,9340-2018-06246,1,False,9340,11/30/2018 1:45:00 PM,1345,088,1368,4313,San Jose,43,True,True,B,SIDE SWIPE,,Friday,NotApplicable,False,F,,False,True,True,Santa Clara Superior,C,OTHER MOTOR VEHICLE,,1,0,CLEAR,, NO UNUSUAL CONDITIONS,, ,A,DAYLIGHT,37.3575,-121.908,,,,,A,NO PEDESTRIANS INVOLVED,11/30/2018 12:00:00 AM,A,21658(a),False,1.0,I-880 S/B,,,12/6/2018 11:57:18 AM,A,S,390.0,1st St,F,,D,12/6/2018 11:58:03 AM,12/6/2018 11:58:03 AM,,True,2,,,,,,,
877283,9340-2018-06247,1,False,9340,11/30/2018 7:35:00 PM,1935,088,1368,4313,San Jose,43,True,True,C,REAR END,,Friday,NotApplicable,False,M,,False,True,True,Santa Clara Superior,C,OTHER MOTOR VEHICLE,,1,0,CLEAR,, NO UNUSUAL CONDITIONS,, ,C,DARK-STREET LIGHTS,37.3284,-121.9409,,,,,A,NO PEDESTRIANS INVOLVED,11/30/2018 12:00:00 AM,A,22350,False,1.0,I-880 S/B,,,12/6/2018 11:55:08 AM,A,N,1860.0,Stevens Creek Blvd,F,,D,12/6/2018 11:55:44 AM,12/6/2018 11:55:44 AM,,True,2,,,,,,,
877165,9340-2018-06220,1,False,9340,11/29/2018 1:10:00 PM,1310,120,1368,4313,San Jose,43,True,True,B,SIDE SWIPE,,Thursday,NotApplicable,False,,,False,True,False,Santa Clara Superior,C,OTHER MOTOR VEHICLE,,0,0,CLOUDY,, NO UNUSUAL CONDITIONS,, ,A,DAYLIGHT,37.214978,-121.535745,,,,,A,NO PEDESTRIANS INVOLVED,11/29/2018 12:00:00 AM,A,21658(a),False,1.0,US-101 N/B,,,12/6/2018 10:49:36 AM,B,S,700.0,I-880,F,,D,12/6/2018 10:50:11 AM,12/6/2018 10:50:11 AM,,True,2,,,,,,,
877092,9340-2018-06219,1,False,9340,11/29/2018 12:10:00 PM,1210,281,1368,4313,San Jose,43,True,True,C,REAR END,,Thursday,NotApplicable,False,,,False,True,True,Santa Clara Superior,C,OTHER MOTOR VEHICLE,,1,0,RAINING,, NO UNUSUAL CONDITIONS,, ,A,DAYLIGHT,37.20591,-121.505467,,,,,A,NO PEDESTRIANS INVOLVED,11/29/2018 12:00:00 AM,A,22350,False,1.0,US-101 S/B FROM I-280 S/B,,,12/6/2018 10:14:43 AM,B,S,175.0,STORY RD.,F,,D,12/6/2018 10:15:18 AM,12/6/2018 10:15:18 AM,,True,2,,,,,,,
877037,9340-2018-06210,1,False,9340,11/29/2018 8:55:00 AM,855,281,1368,4313,San Jose,43,True,True,C,REAR END,,Thursday,NotApplicable,False,,,False,True,False,Santa Clara Superior,C,OTHER MOTOR VEHICLE,,1,0,RAINING,, NO UNUSUAL CONDITIONS,, ,A,DAYLIGHT,37.19039,-121.552054,,,,,A,NO PEDESTRIANS INVOLVED,11/29/2018 12:00:00 AM,A,22350,False,1.0,I-280 S/B,,,12/6/2018 9:43:42 AM,B,S,100.0,Leigh Ave,F,,D,12/6/2018 9:44:23 AM,12/6/2018 9:44:23 AM,,True,2,,,,,,,
877012,9340-2018-06217,1,False,9340,11/29/2018 8:15:00 AM,815,110,1368,4313,San Jose,43,True,True,C,REAR END,,Thursday,NotApplicable,False,,,False,True,False,Santa Clara Superior,C,OTHER MOTOR VEHICLE,,0,0,RAINING,, NO UNUSUAL CONDITIONS,, ,A,DAYLIGHT,37.3342,-121.8467,,,,,A,NO PEDESTRIANS INVOLVED,11/29/2018 12:00:00 AM,A,22350,False,1.0,US101 N/B,,,12/6/2018 9:32:21 AM,B,S,715.0,Story Rd,F,,D,12/6/2018 9:33:03 AM,12/6/2018 9:33:03 AM,,True,2,,,,,,,
876916,9340-2018-06226,1,False,9340,11/29/2018 2:40:00 PM,1440,681,1368,4313,San Jose,43,True,True,C,REAR END,,Thursday,Yes,False,,,False,True,True,Santa Clara Superior,C,OTHER MOTOR VEHICLE,,0,0,CLOUDY,, NO UNUSUAL CONDITIONS,, ,A,DAYLIGHT,37.35377,-121.5454,,,,,A,NO PEDESTRIANS INVOLVED,11/29/2018 12:00:00 AM,A,22350,False,1.0,I-680 N/B,,,12/6/2018 8:43:09 AM,B,N,350.0,King Rd,F,,D,12/6/2018 8:43:38 AM,12/6/2018 8:43:38 AM,,True,2,,,,,,,
876904,9340-2018-06228,1,False,9340,11/29/2018 9:05:00 PM,2105,281,1368,4313,San Jose,43,True,True,B,SIDE SWIPE,,Thursday,NotApplicable,False,M,,False,True,False,Santa Clara Superior,C,OTHER MOTOR VEHICLE,,0,0,RAINING,, NO UNUSUAL CONDITIONS,, ,D,DARK-NO STREET LIGHTS,37.809089,-121.697889,,,,,A,NO PEDESTRIANS INVOLVED,11/29/2018 12:00:00 AM,A,22107,False,1.0,I-280 S/B,,,12/6/2018 8:36:02 AM,B,N,400.0,Meridian Ave,F,,D,12/6/2018 8:36:35 AM,12/6/2018 8:36:35 AM,,True,2,,,,,,,
876835,9340-2018-06192,1,False,9340,11/28/2018 10:10:00 AM,1010,681,1368,4313,San Jose,43,True,True,C,REAR END,,Wednesday,NotApplicable,False,,,False,True,True,Santa Clara Superior,C,OTHER MOTOR VEHICLE,,0,0,CLOUDY,RAINING, NO UNUSUAL CONDITIONS,, ,A,DAYLIGHT,37.40447,-121.877555,,,,,A,NO PEDESTRIANS INVOLVED,11/28/2018 12:00:00 AM,A,22107,False,1.0,I-680 S/B,,,12/6/2018 7:48:59 AM,B,S,200.0,Cropley Ave,F,,D,12/6/2018 7:49:33 AM,12/6/2018 7:49:33 AM,,True,2,,,,,,,
876816,9340-2018-06189,1,False,9340,11/26/2018 10:50:00 PM,2250,681,1368,4313,San Jose,43,True,True,B,SIDE SWIPE,,Monday,NotApplicable,False,M,,False,True,False,Santa Clara Superior,C,OTHER MOTOR VEHICLE,,0,0,CLEAR,, NO UNUSUAL CONDITIONS,, ,C,DARK-STREET LIGHTS,37.205787,-121.507514,,,,,A,NO PEDESTRIANS INVOLVED,11/26/2018 12:00:00 AM,A,21755,False,1.0,I-680 FROM KING ROAD,,,12/6/2018 7:37:02 AM,A,N,20.0,King Rd,F,,D,12/6/2018 7:37:50 AM,12/6/2018 7:37:50 AM,,True,2,,,,,,,
876502,9340-2018-06227,1,False,9340,11/29/2018 1:45:00 PM,1345,087,1368,4313,San Jose,43,True,True,B,SIDE SWIPE,,Thursday,NotApplicable,False,,,False,True,True,Santa Clara Superior,C,OTHER MOTOR VEHICLE,,2,0,CLOUDY,RAINING, NO UNUSUAL CONDITIONS,, ,A,DAYLIGHT,37.37023,-121.92641,,,,,A,NO PEDESTRIANS INVOLVED,11/29/2018 12:00:00 AM,A,22350,False,1.0,SR-87 N/B,,,12/5/2018 3:07:16 PM,B,S,1200.0,US-101,F,,D,12/5/2018 3:07:58 PM,12/5/2018 3:07:58 PM,,True,2,,,,,,,
876495,9340-2018-06225,1,False,9340,11/29/2018 3:40:00 PM,1540,087,1368,4313,San Jose,43,True,True,B,SIDE SWIPE,,Thursday,NotApplicable,False,,,False,True,True,Santa Clara Superior,C,OTHER MOTOR VEHICLE,,1,0,CLOUDY,RAINING, NO UNUSUAL CONDITIONS,, ,A,DAYLIGHT,37.31567,-121.88873,,,,,A,NO PEDESTRIANS INVOLVED,11/29/2018 12:00:00 AM,A,21658(a),False,1.0,SR-87 S/B,,,12/5/2018 3:02:42 PM,B,N,3000.0,Alma Ave,F,,D,12/5/2018 3:03:15 PM,12/5/2018 3:03:15 PM,,True,2,,,,,,,
876485,9340-2018-06202,1,False,9340,11/29/2018 1:20:00 AM,120,087,1368,4313,San Jose,43,True,True,E,HIT OBJECT,,Thursday,NotApplicable,False,,,False,True,True,Santa Clara Superior,I,FIXED OBJECT,CONCRETE WALL,0,0,RAINING,, NO UNUSUAL CONDITIONS,, ,D,DARK-NO STREET LIGHTS,37.195989,-121.534913,,,,,A,NO PEDESTRIANS INVOLVED,11/29/2018 12:00:00 AM,A,22350,False,1.0,SR-87 S/B,,,12/5/2018 2:58:17 PM,B,N,1480.0,Park Ave,F,,D,12/5/2018 2:58:49 PM,12/5/2018 2:58:49 PM,,True,2,,,,,,,
876465,9340-2018-06206,1,False,9340,11/29/2018 12:15:00 AM,15,083,1368,4313,San Jose,43,True,True,E,HIT OBJECT,,Thursday,NotApplicable,False,,,False,True,True,Santa Clara Superior,I,FIXED OBJECT,WOOD METAL GUARDRAIL,0,0,RAINING,, NO UNUSUAL CONDITIONS,, ,C,DARK-STREET LIGHTS,37.25047,-121.9263,,,,,A,NO PEDESTRIANS INVOLVED,11/29/2018 12:00:00 AM,A,22350,False,1.0,SR-85 SB,,,12/5/2018 2:45:52 PM,B,N,1111.0,Leigh Ave,F,,D,12/5/2018 2:46:41 PM,12/5/2018 2:46:41 PM,,True,2,,,,,,,
876392,9340-2018-06191,1,False,9340,11/28/2018 10:15:00 AM,1015,681,1368,4313,San Jose,43,True,True,A,HEAD-ON,,Wednesday,NotApplicable,False,,,False,True,True,Santa Clara Superior,I,FIXED OBJECT,CENTER DIVIDER,0,0,RAINING,, NO UNUSUAL CONDITIONS,, ,A,DAYLIGHT,37.3947,-121.87361,,,,,A,NO PEDESTRIANS INVOLVED,11/28/2018 12:00:00 AM,A,22350,False,1.0,I-680 S/B,,,12/5/2018 2:12:24 PM,B,S,150.0,Hostetter Rd,F,,D,12/5/2018 2:12:58 PM,12/5/2018 2:12:58 PM,,True,2,,,,,,,
876361,9340-2018-06200,1,False,9340,11/28/2018 5:50:00 PM,1750,083,1368,4313,San Jose,43,True,True,C,REAR END,,Wednesday,Yes,False,,,False,True,True,Santa Clara Superior,C,OTHER MOTOR VEHICLE,,1,0,CLOUDY,, NO UNUSUAL CONDITIONS,, ,D,DARK-NO STREET LIGHTS,37.14358,-121.4833,,,,,A,NO PEDESTRIANS INVOLVED,11/28/2018 12:00:00 AM,A,22350,False,1.0,SR-85 N/B,,,12/5/2018 1:56:01 PM,B,N,1500.0,Cottle Rd,F,,D,12/5/2018 1:56:48 PM,12/5/2018 1:56:48 PM,,True,2,,,,,,,
876356,9340-2018-06156,1,False,9340,11/26/2018 12:30:00 PM,1230,110,1368,4313,San Jose,43,True,True,C,REAR END,,Monday,NotApplicable,False,,,False,True,False,Santa Clara Superior,C,OTHER MOTOR VEHICLE,,0,0,CLEAR,, NO UNUSUAL CONDITIONS,, ,A,DAYLIGHT,37.3042,-121.8184,,,,,A,NO PEDESTRIANS INVOLVED,11/26/2018 12:00:00 AM,A,22350,False,1.0,US-101 S/B TO CAPITOL EXPY ,,,12/5/2018 1:53:50 PM,A,S,100.0,Capitol Expy,F,,D,12/5/2018 1:54:23 PM,12/5/2018 1:54:23 PM,,True,2,,,,,,,
876336,9340-2018-06224,1,False,9340,11/29/2018 5:30:00 PM,1730,110,1368,4313,San Jose,43,True,True,B,SIDE SWIPE,,Thursday,NotApplicable,False,,,False,True,False,Santa Clara Superior,C,OTHER MOTOR VEHICLE,,0,0,CLOUDY,RAINING, NO UNUSUAL CONDITIONS,, ,C,DARK-STREET LIGHTS,37.348848,-121.860964,,,,,A,NO PEDESTRIANS INVOLVED,11/29/2018 12:00:00 AM,A,21658(a),False,2.0,US-101 S/B,,,12/5/2018 1:41:37 PM,B,S,100.0,Alum Rock Avenue,F,,D,12/5/2018 1:42:11 PM,12/5/2018 1:42:11 PM,,True,2,,,,,,,
876332,9340-2018-06183,1,False,9340,11/27/2018 5:33:00 PM,1733,088,1368,4313,San Jose,43,True,True,B,SIDE SWIPE,,Tuesday,NotApplicable,False,,,False,True,True,Santa Clara Superior,C,OTHER MOTOR VEHICLE,,0,0,RAINING,, NO UNUSUAL CONDITIONS,, ,C,DARK-STREET LIGHTS,37.327505,-121.940722,,,,,A,NO PEDESTRIANS INVOLVED,11/27/2018 12:00:00 AM,A,21658(a),False,1.0,I-880 N/B,,,12/5/2018 1:38:48 PM,B,S,1500.0,Bascom Ave,F,,D,12/5/2018 1:39:33 PM,12/5/2018 1:39:33 PM,,True,2,,,,,,,
876324,9340-2018-06196,1,False,9340,11/28/2018 7:40:00 AM,740,120,1368,4313,San Jose,43,True,True,G,VEHICLE/PEDESTRAIN,,Wednesday,NotApplicable,True,F,,False,True,False,Santa Clara Superior,B,PEDESTRIAN,,1,0,CLOUDY,RAINING, NO UNUSUAL CONDITIONS,, ,A,DAYLIGHT,37.374509,-121.931861,,,,,E,IN ROAD - INCLUDES SHOULDER,11/28/2018 12:00:00 AM,A,21954(a),False,1.0,US-101 S/B,,,12/5/2018 1:36:17 PM,B,N,1110.0,SR-87,F,,D,12/5/2018 1:36:53 PM,12/5/2018 1:36:53 PM,,True,2,,,,,,,
876322,9340-2018-06164,1,False,9340,11/26/2018 5:30:00 PM,1730,089,1368,4313,San Jose,43,True,True,C,REAR END,,Monday,NotApplicable,False,M,,False,True,False,Santa Clara Superior,C,OTHER MOTOR VEHICLE,,0,0,CLEAR,, NO UNUSUAL CONDITIONS,, ,C,DARK-STREET LIGHTS,37.365652,-121.901431,,,,,A,NO PEDESTRIANS INVOLVED,11/26/2018 12:00:00 AM,A,22350,False,1.0,I-880 S/B,,,12/5/2018 1:36:08 PM,A,N,100.0,US-101 N/B,F,,D,12/5/2018 1:36:37 PM,12/5/2018 1:36:37 PM,,True,2,,,,,,,
876297,9340-2018-06169,1,False,9340,11/26/2018 1:55:00 PM,1355,240,1368,4313,San Jose,43,True,True,E,HIT OBJECT,,Monday,Yes,False,,,False,True,True,Santa Clara Superior,I,FIXED OBJECT,CURB,1,0,CLEAR,, NO UNUSUAL CONDITIONS,, ,A,DAYLIGHT,37.42141,-121.93837,,,,,A,NO PEDESTRIANS INVOLVED,11/26/2018 12:00:00 AM,A,22107,False,1.0, SR-237 w/b to Zanker Rd.,,,12/5/2018 1:16:40 PM,A,E,615.0,Zanker Rd,F,,D,12/5/2018 1:17:27 PM,12/5/2018 1:17:27 PM,,True,2,,,,,,,
876294,9340-2018-06116,1,False,9340,11/23/2018 12:40:00 PM,1240,110,1368,4313,San Jose,43,True,True,C,REAR END,,Friday,NotApplicable,False,,,False,True,False,Santa Clara Superior,C,OTHER MOTOR VEHICLE,,0,0,CLOUDY,RAINING, NO UNUSUAL CONDITIONS,, ,A,DAYLIGHT,37.3487,-121.8604,,,,,A,NO PEDESTRIANS INVOLVED,11/23/2018 12:00:00 AM,A,22350,False,1.0,US-101 N/B,,,12/5/2018 1:15:51 PM,B,S,500.0,Alum Rock Ave,F,,D,12/5/2018 1:16:22 PM,12/5/2018 1:16:22 PM,,True,2,,,,,,,
876293,9340-2018-06167,1,False,9340,11/26/2018 7:19:00 PM,1919,120,1368,4313,San Jose,43,True,True,C,REAR END,,Monday,NotApplicable,False,,,False,True,False,Santa Clara Superior,C,OTHER MOTOR VEHICLE,,0,0,CLEAR,, NO UNUSUAL CONDITIONS,, ,C,DARK-STREET LIGHTS,37.38425,-121.9733,,,,,A,NO PEDESTRIANS INVOLVED,11/26/2018 12:00:00 AM,A,22350,False,1.0,US101 S/B,,,12/5/2018 1:13:48 PM,A,N,400.0,San Tomas Expy,F,,D,12/5/2018 1:14:18 PM,12/5/2018 1:14:18 PM,,True,2,,,,,,,
876284,9340-2018-06193,1,False,9340,11/28/2018 8:15:00 AM,815,085,1368,4313,San Jose,43,True,True,C,REAR END,,Wednesday,NotApplicable,False,,,False,True,False,Santa Clara Superior,C,OTHER MOTOR VEHICLE,,0,0,CLOUDY,RAINING, NO UNUSUAL CONDITIONS,, ,A,DAYLIGHT,37.2508,-121.9006,,,,,A,NO PEDESTRIANS INVOLVED,11/28/2018 12:00:00 AM,A,22350 VC,False,1.0,SR-85 (WEST VALLEY FREEWAY),,,12/5/2018 1:11:01 PM,B,S,0.3,CAMDEN AVE U/C,M,,D,12/5/2018 1:11:37 PM,12/5/2018 1:11:37 PM,,True,2,,,,,,,
876250,9340-2018-06207,1,False,9340,11/28/2018 11:10:00 PM,2310,281,1368,4313,San Jose,43,True,True,E,HIT OBJECT,,Wednesday,Yes,False,,,False,True,True,Santa Clara Superior,I,FIXED OBJECT,CENTER MEDIAN,1,0,RAINING,, NO UNUSUAL CONDITIONS,, ,C,DARK-STREET LIGHTS,37.190434,-121.552238,,,,,A,NO PEDESTRIANS INVOLVED,11/28/2018 12:00:00 AM,A,22350,False,1.0,I-280 N/B,,,12/5/2018 12:49:22 PM,B,S,800.0,SR-17,F,,D,12/5/2018 12:50:07 PM,12/5/2018 12:50:07 PM,,True,2,,,,,,,