Collision Id,	Report Number,	Report Version,	Is Preliminary,	NCIC Code,Crash Date Time,	Crash Time Description,	Beat,City Id,	City Code,	City Name,County Code,	City Is Active,	City Is Incorporated,	Collision Type Code,Collision Type Description,	Collision Type Other Desc,	Day Of Week,	DispatchNotified,	HasPhotographs,	HitRun,	IsAttachmentsMailed,	IsDeleted,	IsHighwayRelated,	IsTowAway,	JudicialDistrict,	MotorVehicleInvolvedWithCode,	MotorVehicleInvolvedWithDesc,MotorVehicleInvolvedWithOtherDesc,	NumberInjured,	NumberKilled,Weather 1, Weather 2, Road Condition 1, Road Condition 2, Special Condition,LightingCode, LightingDescription,Latitude,Longitude,MilepostDirection,MilepostDistance,MilepostMarker,MilepostUnitOfMeasure,	PedestrianActionCode,PedestrianActionDesc,PreparedDate,	Primary Collision Factor Code,Primary Collision Factor Violation,PrimaryCollisionFactorIsCited,	PrimaryCollisionPartyNumber,	PrimaryRoad,	ReportingDistrict,	ReportingDistrictCode,ReviewedDate,	RoadwaySurfaceCode,SecondaryDirection,	SecondaryDistance,	SecondaryRoad,	SecondaryUnitOfMeasure,	SketchDesc,	TrafficControlDeviceCode,CreatedDate,	ModifiedDate,IsCountyRoad,IsFreeway,CHP555Version,	IsAdditonalObjectStruck,NotificationDate,	NotificationTimeDescription,	HasDigitalMediaFiles,	EvidenceNumber,	IsLocationReferToNarrative,	IsAOIOneSameAsLocation
876249,9340-2018-06231,1,False,9340,11/29/2018 5:15:00 PM,1715,110,1368,4313,San Jose,43,True,True,C,REAR END,,Thursday,NotApplicable,False,M,,False,True,True,Santa Clara Superior,C,OTHER MOTOR VEHICLE,,0,0,CLEAR,, NO UNUSUAL CONDITIONS,, ,C,DARK-STREET LIGHTS,37.321123,-121.834048,,,,,A,NO PEDESTRIANS INVOLVED,11/29/2018 12:00:00 AM,A,22350,False,1.0,US-101 N/B,,,12/5/2018 12:48:25 PM,B,N,200.0,Tully Road,F,,D,12/5/2018 12:48:57 PM,12/5/2018 12:48:57 PM,,True,2,,,,,,,
876237,9340-2018-06195,1,False,9340,11/28/2018 10:45:00 AM,1045,083,1368,4313,San Jose,43,True,True,C,REAR END,,Wednesday,NotApplicable,False,,,False,True,True,Santa Clara Superior,C,OTHER MOTOR VEHICLE,,1,0,RAINING,, NO UNUSUAL CONDITIONS,, ,A,DAYLIGHT,37.250663,-121.924918,,,,,A,NO PEDESTRIANS INVOLVED,11/28/2018 12:00:00 AM,A,22350 VC,False,1.0,SR-85 Northbound,,,12/5/2018 12:43:03 PM,B,N,700.0,Leigh Ave.,F,,D,12/5/2018 12:43:35 PM,12/5/2018 12:43:35 PM,,True,2,,,,,,,
876231,9340-2018-06197,1,False,9340,11/28/2018 7:05:00 AM,705,087,1368,4313,San Jose,43,True,True,E,HIT OBJECT,,Wednesday,Yes,False,,,False,True,True,Santa Clara Superior,I,FIXED OBJECT,CONCRETE WALL,1,0,RAINING,, NO UNUSUAL CONDITIONS,, ,A,DAYLIGHT,37.329973,-121.896244,,,,,A,NO PEDESTRIANS INVOLVED,11/28/2018 12:00:00 AM,A,22107,False,1.0,SR-87 S/B,,,12/5/2018 12:40:25 PM,B,N,800.0,Park Ave,F,,D,12/5/2018 12:41:07 PM,12/5/2018 12:41:07 PM,,True,2,,,,,,,
876194,9340-2018-06194,1,False,9340,11/28/2018 5:45:00 AM,545,110,1368,4313,San Jose,43,True,True,C,REAR END,,Wednesday,NotApplicable,False,,,False,True,True,Santa Clara Superior,C,OTHER MOTOR VEHICLE,,1,0,RAINING,, NO UNUSUAL CONDITIONS,, ,C,DARK-STREET LIGHTS,37.3414,-121.8537,,,,,A,NO PEDESTRIANS INVOLVED,11/28/2018 12:00:00 AM,A,22350,False,1.0,US101 N/B,,,12/5/2018 12:23:21 PM,B,N,750.0,I-280,F,,D,12/5/2018 12:24:06 PM,12/5/2018 12:24:06 PM,,True,2,,,,,,,
876187,9340-2018-06187,1,False,9340,11/27/2018 11:30:00 PM,2330,088,1368,4313,San Jose,43,True,True,E,HIT OBJECT,,Tuesday,Yes,False,,,False,True,True,Santa Clara Superior,I,FIXED OBJECT,RAISED CONCRETE CURB,1,0,CLOUDY,, NO UNUSUAL CONDITIONS,, ,D,DARK-NO STREET LIGHTS,37.322628,-121.940298,,,,,A,NO PEDESTRIANS INVOLVED,11/27/2018 12:00:00 AM,A,22107,False,1.0,I-280 N/B To I-880 N/B,,,12/5/2018 12:20:05 PM,B,N,2000.0,I-280 N/B,F,,D,12/5/2018 12:20:53 PM,12/5/2018 12:20:53 PM,,True,2,,,,,,,
876178,9340-2018-06198,1,False,9340,11/28/2018 7:20:00 AM,720,087,1368,4313,San Jose,43,True,True,D,BROADSIDE,,Wednesday,NotApplicable,False,,,False,True,True,Santa Clara Superior,C,OTHER MOTOR VEHICLE,,1,0,RAINING,, NO UNUSUAL CONDITIONS,, ,A,DAYLIGHT,37.175074,-121.522772,,,,,A,NO PEDESTRIANS INVOLVED,11/28/2018 12:00:00 AM,A,22350,False,1.0,SR-87 S/B,,,12/5/2018 12:16:00 PM,B,N,800.0,Curtner Ave,F,,D,12/5/2018 12:16:53 PM,12/5/2018 12:16:53 PM,,True,2,,,,,,,
876166,9340-2018-06229,1,False,9340,11/29/2018 5:40:00 PM,1740,110,1368,4313,San Jose,43,True,True,C,REAR END,,Thursday,NotApplicable,False,,,False,True,True,Santa Clara Superior,C,OTHER MOTOR VEHICLE,,1,0,CLOUDY,RAINING, NO UNUSUAL CONDITIONS,, ,C,DARK-STREET LIGHTS,37.298642,-121.811981,,,,,A,NO PEDESTRIANS INVOLVED,11/29/2018 12:00:00 AM,A,22350,False,1.0,US-101 N/B to Capitol Expressway,,,12/5/2018 12:06:10 PM,B,S,1000.0,Capitol Expressway,F,,D,12/5/2018 12:06:51 PM,12/5/2018 12:06:51 PM,,True,2,,,,,,,
876125,9340-2018-06267,1,False,9340,11/27/2018 9:17:00 AM,917,281,1368,4313,San Jose,43,True,True,C,REAR END,,Tuesday,NotApplicable,False,,,False,True,False,Santa Clara Superior,C,OTHER MOTOR VEHICLE,,0,0,CLEAR,, NO UNUSUAL CONDITIONS,, ,A,DAYLIGHT,37.32566,-121.88495,,,,,A,NO PEDESTRIANS INVOLVED,11/27/2018 12:00:00 AM,A,22350,False,1.0,I-280 N/B,,,12/5/2018 11:41:31 AM,A,S,700.0,SR-87,F,,D,12/5/2018 11:42:14 AM,12/5/2018 11:42:14 AM,,True,2,,,,,,,
876123,9725-2018-02011,1,False,9725,12/4/2018 2:00:00 AM,200,085,1368,4313,San Jose,43,True,True,E,HIT OBJECT,,Tuesday,NotApplicable,False,,,False,True,True,San Benito Superior,I,FIXED OBJECT,CENTER MEDIAN BARRIER,0,0,CLEAR,, NO UNUSUAL CONDITIONS,, ,D,DARK-NO STREET LIGHTS,37.23967,-121.78916,,,,,A,NO PEDESTRIANS INVOLVED,12/4/2018 12:00:00 AM,A,22350,False,1.0,SR-85 N/B,,,12/5/2018 11:41:04 AM,A,S,75.0,Via del Oro,F,,D,12/5/2018 11:41:41 AM,12/5/2018 11:41:41 AM,,True,2,,,,,,,
876054,9340-2018-06214,1,False,9340,11/27/2018 11:50:00 AM,1150,087,1368,4313,San Jose,43,True,True,B,SIDE SWIPE,,Tuesday,NotApplicable,False,M,,False,True,False,Santa Clara Superior,C,OTHER MOTOR VEHICLE,,0,0,CLEAR,, NO UNUSUAL CONDITIONS,, Counter Report,A,DAYLIGHT,37.2566,-121.857,,,,,A,NO PEDESTRIANS INVOLVED,11/27/2018 12:00:00 AM,A,21658(a),False,1.0,sr-87 s/b to sr-85 s/b,,,12/5/2018 11:06:22 AM,A,N,2000.0,Blossom Hill Rd,F,,D,12/5/2018 11:07:03 AM,12/5/2018 11:07:03 AM,,True,2,,,,,,,
875992,9340-2018-06185,1,False,9340,11/27/2018 8:30:00 AM,830,172,1368,4313,San Jose,43,True,True,C,REAR END,,Tuesday,NotApplicable,False,,,False,True,False,Santa Clara Superior,C,OTHER MOTOR VEHICLE,,0,0,CLEAR,, NO UNUSUAL CONDITIONS,, ,A,DAYLIGHT,37.31638,-121.94007,,,,,A,NO PEDESTRIANS INVOLVED,11/27/2018 12:00:00 AM,A,22350,False,1.0,SR-17 N/B,,,12/5/2018 10:35:21 AM,A,S,350.0,I-280,F,,D,12/5/2018 10:35:51 AM,12/5/2018 10:35:51 AM,,True,2,,,,,,,
875867,9340-2018-06161,1,False,9340,11/26/2018 5:40:00 PM,1740,282,1368,4313,San Jose,43,True,True,B,SIDE SWIPE,,Monday,NotApplicable,False,M,,False,True,False,Santa Clara Superior,C,OTHER MOTOR VEHICLE,,0,0,CLEAR,, NO UNUSUAL CONDITIONS,, ,C,DARK-STREET LIGHTS,37.3179,-121.9808,,,,,A,NO PEDESTRIANS INVOLVED,11/26/2018 12:00:00 AM,A,21658(a),False,1.0,I-280 S/B,,,12/5/2018 9:32:59 AM,A,N,1580.0,Saratoga Ave,F,,D,12/5/2018 9:33:33 AM,12/5/2018 9:33:33 AM,,True,2,,,,,,,
875863,9340-2018-06147,1,False,9340,11/26/2018 2:10:00 AM,210,087,1368,4313,San Jose,43,True,True,E,HIT OBJECT,,Monday,NotApplicable,False,,,False,True,True,Santa Clara Superior,I,FIXED OBJECT,CONCRETE CENTER DIVIDE,0,0,CLEAR,, NO UNUSUAL CONDITIONS,, ,D,DARK-NO STREET LIGHTS,37.37121,-121.92699,,,,,A,NO PEDESTRIANS INVOLVED,11/26/2018 12:00:00 AM,A,23152(a),True,1.0,SR-87 N/B,,,12/5/2018 9:32:19 AM,A,S,835.0,US-101,F,,D,12/5/2018 9:33:02 AM,12/5/2018 9:33:02 AM,,True,2,,,,,,,
875756,9340-2018-06152,1,False,9340,11/26/2018 6:44:00 AM,644,281,1368,4313,San Jose,43,True,True,C,REAR END,,Monday,NotApplicable,False,,,False,True,False,Santa Clara Superior,C,OTHER MOTOR VEHICLE,,0,0,CLEAR,, NO UNUSUAL CONDITIONS,, ,B,DUSK-DAWN,37.3157,-121.9378,,,,,A,NO PEDESTRIANS INVOLVED,11/26/2018 12:00:00 AM,A,22350,False,1.0,I-280 N/B,,,12/5/2018 8:34:40 AM,A,S,800.0,Macarthur Ave,F,,D,12/5/2018 8:35:12 AM,12/5/2018 8:35:12 AM,,True,2,,,,,,,
875739,9340-2018-06159,1,False,9340,11/26/2018 5:00:00 PM,1700,282,1368,4313,San Jose,43,True,True,C,REAR END,,Monday,Yes,False,,,False,True,True,Santa Clara Superior,C,OTHER MOTOR VEHICLE,,0,0,CLEAR,, NO UNUSUAL CONDITIONS,, ,A,DAYLIGHT,37.1908,-121.5828,,,,,A,NO PEDESTRIANS INVOLVED,11/26/2018 12:00:00 AM,A,22350,False,1.0,I-280 S/B,,,12/5/2018 8:07:50 AM,A,S,100.0,Saratoga Ave,F,,D,12/5/2018 8:28:37 AM,12/5/2018 8:28:37 AM,,True,2,,,,,,,
875680,9725-2018-02006,1,False,9725,12/3/2018 12:45:00 PM,1245,013,1368,4313,San Jose,43,True,True,E,HIT OBJECT,,Monday,NotApplicable,False,,,False,True,False,South Cnty Superior,I,FIXED OBJECT,JERSEY WALL BARRIER,0,0,CLEAR,, NO UNUSUAL CONDITIONS,, ,A,DAYLIGHT,37.191004,-121.693375,,,,,A,NO PEDESTRIANS INVOLVED,12/3/2018 12:00:00 AM,A,22107,False,1.0,U.S. 101   N/B,,,12/5/2018 7:47:37 AM,A,N,350.0,COYOTE CREEK GOLF DRIVE,F,,D,12/5/2018 7:49:19 AM,12/5/2018 7:49:19 AM,,True,2,,,,,,,
875664,9340-2018-06049,1,False,9340,11/19/2018 9:10:00 PM,2110,281,1368,4313,San Jose,43,True,True,E,HIT OBJECT,,Monday,NotApplicable,False,,,False,True,True,Santa Clara Superior,I,FIXED OBJECT,concrete barrier,0,0,CLEAR,, NO UNUSUAL CONDITIONS,, ,D,DARK-NO STREET LIGHTS,37.3244,-121.8915,,,,,A,NO PEDESTRIANS INVOLVED,11/19/2018 12:00:00 AM,A,22107,False,1.0,I-280 N/B TO SR-87 S/B,,,12/5/2018 7:40:58 AM,A,S,500.0,SR-87,F,,D,12/5/2018 7:41:29 AM,12/5/2018 7:41:29 AM,,True,2,,,,,,,
875655,9340-2018-06119,2,False,9340,11/24/2018 9:50:00 AM,950,088,1368,4313,San Jose,43,True,True,E,HIT OBJECT,,Saturday,Yes,False,,,False,True,True,Santa Clara Superior,I,FIXED OBJECT,concrete wall,3,0,CLOUDY,, NO UNUSUAL CONDITIONS,, ,A,DAYLIGHT,37.348383,-121.919507,,,,,A,NO PEDESTRIANS INVOLVED,11/24/2018 12:00:00 AM,A,22350 VC,True,1.0,I-880 southbound from Coleman Ave.,,,4/11/2019 10:13:30 AM,B,S,350.0,Coleman Ave,F,,D,12/5/2018 7:37:19 AM,4/11/2019 10:13:34 AM,,True,2,,,,,,,
875649,9340-2018-06123,1,False,9340,11/24/2018 3:10:00 PM,1510,088,1368,4313,San Jose,43,True,True,C,REAR END,,Saturday,NotApplicable,False,M,,False,True,False,Santa Clara Superior,C,OTHER MOTOR VEHICLE,,0,0,CLEAR,, NO UNUSUAL CONDITIONS,, ,A,DAYLIGHT,37.33577,-121.93655,,,,,A,NO PEDESTRIANS INVOLVED,11/24/2018 12:00:00 AM,A,22350,False,1.0,I-880 S/B TO BASCOM AVE ,,,12/5/2018 7:34:03 AM,A,N,50.0,Bascom Ave,F,,D,12/5/2018 7:34:34 AM,12/5/2018 7:34:34 AM,,True,2,,,,,,,
875575,9725-2018-01983,1,False,9725,11/28/2018 9:22:00 PM,2122,085,1368,4313,San Jose,43,True,True,E,HIT OBJECT,,Wednesday,NotApplicable,False,,,False,True,True,Santa Clara Superior,I,FIXED OBJECT,wall/FENCE,1,0,CLOUDY,RAINING, NO UNUSUAL CONDITIONS,, ,D,DARK-NO STREET LIGHTS,37.24056,-121.78123,N,0.1,85 SCL .811,M,A,NO PEDESTRIANS INVOLVED,11/28/2018 12:00:00 AM,A,22350,False,1.0,SR-85 NORTHBOUND,,,12/5/2018 6:42:02 AM,B,N,0.1,GREAT OAKS BOULEVARD,M,,D,12/5/2018 6:43:58 AM,12/5/2018 6:43:58 AM,,True,2,,,,,,,
875351,9340-2018-06166,1,False,9340,11/26/2018 5:12:00 PM,1712,120,1368,4313,San Jose,43,True,True,B,SIDE SWIPE,,Monday,NotApplicable,False,,,False,True,False,Santa Clara Superior,C,OTHER MOTOR VEHICLE,,0,0,CLEAR,, NO UNUSUAL CONDITIONS,, ,C,DARK-STREET LIGHTS,37.3764,-121.94027,,,,,A,NO PEDESTRIANS INVOLVED,11/26/2018 12:00:00 AM,A,21658(a),False,1.0,US101 S/B,,,12/4/2018 3:33:38 PM,A,S,100.0,Trimble Rd,F,,D,12/4/2018 3:34:22 PM,12/4/2018 3:34:22 PM,,True,2,,,,,,,
875324,9340-2018-06155,1,False,9340,11/26/2018 9:00:00 AM,900,087,1368,4313,San Jose,43,True,True,B,SIDE SWIPE,,Monday,NotApplicable,False,,,False,True,True,Santa Clara Superior,C,OTHER MOTOR VEHICLE,,0,0,CLEAR,, NO UNUSUAL CONDITIONS,, ,A,DAYLIGHT,37.34008,-121.89934,,,,,A,NO PEDESTRIANS INVOLVED,11/26/2018 12:00:00 AM,A,21658(a),False,1.0,SR-87 N/B,,,12/4/2018 3:15:43 PM,A,N,1162.0,ST. JAMES ST.,F,,D,12/4/2018 3:16:17 PM,12/4/2018 3:16:17 PM,,True,2,,,,,,,
875288,9340-2018-06163,1,False,9340,11/25/2018 4:20:00 PM,1620,110,1368,4313,San Jose,43,True,True,C,REAR END,,Sunday,NotApplicable,False,,,False,True,False,Santa Clara Superior,C,OTHER MOTOR VEHICLE,,0,0,CLEAR,, NO UNUSUAL CONDITIONS,, ,A,DAYLIGHT,37.33533,-121.84903,,,,,A,NO PEDESTRIANS INVOLVED,11/25/2018 12:00:00 AM,A,22350,False,1.0,US-101 S/B TO STORY ROAD ,,,12/4/2018 2:49:09 PM,A,S,25.0,Story Rd,F,,D,12/4/2018 2:50:39 PM,12/4/2018 2:50:39 PM,,True,2,,,,,,,
875284,9340-2018-06162,1,False,9340,11/25/2018 8:00:00 PM,2000,089,1368,4313,San Jose,43,True,True,C,REAR END,,Sunday,Yes,False,,,False,True,True,Santa Clara Superior,C,OTHER MOTOR VEHICLE,,2,0,CLEAR,, NO UNUSUAL CONDITIONS,, ,A,DAYLIGHT,37.38661,-121.90552,,,,,A,NO PEDESTRIANS INVOLVED,11/25/2018 12:00:00 AM,A,23152(a),True,1.0,I-880 S/B,,,12/4/2018 2:48:08 PM,A,N,500.0,Brokaw Rd,F,,D,12/4/2018 2:48:56 PM,12/4/2018 2:48:56 PM,,True,2,,,,,,,
875277,9340-2018-06150,1,False,9340,11/24/2018 10:35:00 PM,2235,110,1368,4313,San Jose,43,True,True,C,REAR END,,Saturday,NotApplicable,False,,,False,True,True,Santa Clara Superior,C,OTHER MOTOR VEHICLE,,1,0,CLEAR,, NO UNUSUAL CONDITIONS,, ,C,DARK-STREET LIGHTS,37.299271,-121.813323,,,,,A,NO PEDESTRIANS INVOLVED,11/24/2018 12:00:00 AM,A,22350,False,1.0,US101 S/B,,,12/4/2018 2:45:55 PM,A,N,1890.0,Yerba Buena Rd,F,,D,12/4/2018 2:46:39 PM,12/4/2018 2:46:39 PM,,True,2,,,,,,,
875267,9340-2018-06144,1,False,9340,11/25/2018 3:30:00 PM,1530,681,1368,4313,San Jose,43,True,True,C,REAR END,,Sunday,NotApplicable,False,,,False,True,True,Santa Clara Superior,C,OTHER MOTOR VEHICLE,,2,0,CLEAR,, NO UNUSUAL CONDITIONS,, ,A,DAYLIGHT,37.35895,-121.84084,,,,,A,NO PEDESTRIANS INVOLVED,11/25/2018 12:00:00 AM,A,22350,False,1.0,I-680 S/B,,,12/4/2018 2:40:11 PM,A,S,250.0,Alum Rock Ave,F,,D,12/4/2018 2:41:10 PM,12/4/2018 2:41:10 PM,,True,2,,,,,,,
875231,9340-2018-06143,1,False,9340,11/25/2018 2:20:00 PM,1420,087,1368,4313,San Jose,43,True,True,C,REAR END,,Sunday,NotApplicable,False,,,False,True,True,Santa Clara Superior,C,OTHER MOTOR VEHICLE,,1,0,CLEAR,, NO UNUSUAL CONDITIONS,, ,A,DAYLIGHT,37.309017,-121.8822,,,,,A,NO PEDESTRIANS INVOLVED,11/25/2018 12:00:00 AM,A,22350,False,1.0,SR-87 N/B,,,12/4/2018 2:07:49 PM,A,S,500.0,Alma Ave,F,,D,12/4/2018 2:21:37 PM,12/4/2018 2:21:37 PM,,True,2,,,,,,,
875215,9725-2018-01996,1,False,9725,11/30/2018 1:20:00 PM,1320,085,1368,4313,San Jose,43,True,True,B,SIDE SWIPE,,Friday,NotApplicable,False,,,False,True,True,Santa Clara Superior,C,OTHER MOTOR VEHICLE,,0,0,CLEAR,, NO UNUSUAL CONDITIONS,, ,A,DAYLIGHT,37.24147,-121.77328,,,,,A,NO PEDESTRIANS INVOLVED,11/30/2018 12:00:00 AM,A,21658(a),False,1.0,SR-85 S/B,,,12/4/2018 2:15:02 PM,A,N,150.0,Bernal Rd,F,,D,12/4/2018 2:15:36 PM,12/4/2018 2:15:36 PM,,True,2,,,,,,,
875012,9340-2018-06113,1,False,9340,11/24/2018 1:20:00 AM,120,087,1368,4313,San Jose,43,True,True,B,SIDE SWIPE,,Saturday,NotApplicable,False,,,False,True,True,Santa Clara Superior,I,FIXED OBJECT,CONCRETE CENTER MEDIAN,0,0,RAINING,, NO UNUSUAL CONDITIONS,, ,D,DARK-NO STREET LIGHTS,37.371233,-121.926767,,,,,A,NO PEDESTRIANS INVOLVED,11/24/2018 12:00:00 AM,A,22350,False,1.0,SR-87 N/B,,,12/4/2018 12:30:25 PM,B,N,900.0,Skyport Parkway U/C,F,,D,12/4/2018 12:30:55 PM,12/4/2018 12:30:55 PM,,True,2,,,,,,,
875010,9340-2018-06134,1,False,9340,11/25/2018 5:55:00 AM,555,120,1368,4313,San Jose,43,True,True,B,SIDE SWIPE,,Sunday,NotApplicable,False,,,False,True,True,Santa Clara Superior,C,OTHER MOTOR VEHICLE,,0,0,CLEAR,, NO UNUSUAL CONDITIONS,, ,D,DARK-NO STREET LIGHTS,37.3781,-121.9481,,,,,A,NO PEDESTRIANS INVOLVED,11/25/2018 12:00:00 AM,A,22350,False,1.0,US-101 N/B,,,12/4/2018 12:27:32 PM,A,S,100.0,Lafayette St,F,,D,12/4/2018 12:28:01 PM,12/4/2018 12:28:01 PM,,True,2,,,,,,,
875005,9340-2018-06149,1,False,9340,11/26/2018 6:10:00 AM,610,083,1368,4313,San Jose,43,True,True,B,SIDE SWIPE,,Monday,NotApplicable,False,,,False,True,False,Santa Clara Superior,C,OTHER MOTOR VEHICLE,,0,0,CLEAR,, NO UNUSUAL CONDITIONS,, ,D,DARK-NO STREET LIGHTS,37.2502,-121.8365,,,,,A,NO PEDESTRIANS INVOLVED,11/26/2018 12:00:00 AM,A,21658(a),False,1.0,SR-85 S/B,,,12/4/2018 12:24:32 PM,A,S,100.0,Blossom Hill Rd,F,,D,12/4/2018 12:25:08 PM,12/4/2018 12:25:08 PM,,True,2,,,,,,,
874998,9340-2018-06125,1,False,9340,11/24/2018 7:42:00 PM,1942,281,1368,4313,San Jose,43,True,True,E,HIT OBJECT,,Saturday,Yes,False,,,False,True,True,Santa Clara Superior,I,FIXED OBJECT,BUMP,1,0,CLEAR,, NO UNUSUAL CONDITIONS,, ,D,DARK-NO STREET LIGHTS,37.331351,-121.865605,,,,,A,NO PEDESTRIANS INVOLVED,11/24/2018 12:00:00 AM,A,22350,False,1.0,I-280 N/B,,,12/4/2018 12:21:09 PM,A,S,1890.0,10th St,F,,D,12/4/2018 12:21:57 PM,12/4/2018 12:21:57 PM,,True,2,,,,,,,
874854,9340-2018-06052,1,False,9340,11/20/2018 8:35:00 AM,835,089,1368,4313,San Jose,43,True,True,B,SIDE SWIPE,,Tuesday,NotApplicable,False,,,False,True,False,Santa Clara Superior,C,OTHER MOTOR VEHICLE,,2,0,CLEAR,, NO UNUSUAL CONDITIONS,, ,A,DAYLIGHT,37.3846,-121.905,,,,,A,NO PEDESTRIANS INVOLVED,11/20/2018 12:00:00 AM,A,21658(a),False,1.0,I-880 S/B,,,12/4/2018 10:45:46 AM,A,N,410.0,Brokaw Rd,F,,D,12/4/2018 10:46:27 AM,12/4/2018 10:46:27 AM,,True,2,,,,,,,
874848,9340-2018-06073,1,False,9340,11/21/2018 5:20:00 AM,520,087,1368,4313,San Jose,43,True,True,B,SIDE SWIPE,,Wednesday,NotApplicable,False,,,False,True,False,Santa Clara Superior,C,OTHER MOTOR VEHICLE,,0,0,CLOUDY,, NO UNUSUAL CONDITIONS,, ,D,DARK-NO STREET LIGHTS,37.328361,-121.894839,,,,,A,NO PEDESTRIANS INVOLVED,11/21/2018 12:00:00 AM,A,22107,False,1.0,SR-87 N/B TO SANTA CLARA ST,,,12/4/2018 10:43:54 AM,B,N,2000.0,I-280,F,,D,12/4/2018 10:44:25 AM,12/4/2018 10:44:25 AM,,True,2,,,,,,,
874843,9340-2018-06099,1,False,9340,11/21/2018 10:46:00 AM,1046,088,1368,4313,San Jose,43,True,True,B,SIDE SWIPE,,Wednesday,NotApplicable,False,,,False,True,True,Santa Clara Superior,I,FIXED OBJECT,CONCRETE WALL,1,0,RAINING,, NO UNUSUAL CONDITIONS,, ,A,DAYLIGHT,37.36535,-121.90201,,,,,A,NO PEDESTRIANS INVOLVED,11/22/2018 12:00:00 AM,A,22107,False,1.0,I-880 S/B from Old Bayshore Hwy.,,,12/4/2018 10:41:37 AM,B,N,284.0,Old Bayshore Hwy,F,,D,12/4/2018 10:42:12 AM,12/4/2018 10:42:12 AM,,True,2,,,,,,,
874840,9340-2018-06124,1,False,9340,11/24/2018 3:00:00 PM,1500,088,1368,4313,San Jose,43,True,True,B,SIDE SWIPE,,Saturday,NotApplicable,False,M,,False,True,False,Santa Clara Superior,C,OTHER MOTOR VEHICLE,,0,0,CLEAR,, NO UNUSUAL CONDITIONS,, ,A,DAYLIGHT,37.333974,-121.937266,,,,,A,NO PEDESTRIANS INVOLVED,11/24/2018 12:00:00 AM,A,21658(a),False,1.0,I-880 S/B,,,12/4/2018 10:41:04 AM,A,S,240.0,Bascom Ave,F,,D,12/4/2018 10:41:47 AM,12/4/2018 10:41:47 AM,,True,2,,,,,,,
874834,9340-2018-06092,1,False,9340,11/21/2018 11:21:00 PM,2321,282,1368,4313,San Jose,43,True,True,C,REAR END,,Wednesday,NotApplicable,False,M,,False,True,True,Santa Clara Superior,C,OTHER MOTOR VEHICLE,,0,0,CLOUDY,RAINING, NO UNUSUAL CONDITIONS,, ,D,DARK-NO STREET LIGHTS,37.318203,-121.978162,,,,,A,NO PEDESTRIANS INVOLVED,11/21/2018 12:00:00 AM,A,22350,False,1.0,I-280 N/B,,,12/4/2018 10:40:00 AM,B,N,500.0,Saratoga Ave,F,,D,12/4/2018 10:40:30 AM,12/4/2018 10:40:30 AM,,True,2,,,,,,,
874797,9340-2018-06114,1,False,9340,11/24/2018 2:00:00 AM,200,110,1368,4313,San Jose,43,True,True,E,HIT OBJECT,,Saturday,NotApplicable,False,,,False,True,True,Santa Clara Superior,A,NON-COLLISION,,0,0,CLOUDY,, NO UNUSUAL CONDITIONS,, ,C,DARK-STREET LIGHTS,37.353261,-121.865794,,,,,A,NO PEDESTRIANS INVOLVED,11/24/2018 12:00:00 AM,A,22107,True,1.0,US101 S/B,,,12/4/2018 10:24:08 AM,B,S,245.0,McKee Rd,F,,D,12/4/2018 10:24:44 AM,12/4/2018 10:24:44 AM,,True,2,,,,,,,
874757,9340-2018-06126,1,False,9340,11/24/2018 5:30:00 PM,1730,087,1368,4313,San Jose,43,True,True,C,REAR END,,Saturday,NotApplicable,False,,,False,True,True,Santa Clara Superior,C,OTHER MOTOR VEHICLE,,0,0,CLEAR,, NO UNUSUAL CONDITIONS,, ,C,DARK-STREET LIGHTS,37.317307,-121.889708,,,,,A,NO PEDESTRIANS INVOLVED,11/24/2018 12:00:00 AM,A,22350,False,1.0,SR-87 S/B,,,12/4/2018 10:06:53 AM,A,N,1000.0,Alma Ave,F,,D,12/4/2018 10:07:22 AM,12/4/2018 10:07:22 AM,,True,2,,,,,,,
874700,9340-2018-06127,1,False,9340,11/24/2018 5:45:00 PM,1745,110,1368,4313,San Jose,43,True,True,B,SIDE SWIPE,,Saturday,NotApplicable,False,,,False,True,True,Santa Clara Superior,C,OTHER MOTOR VEHICLE,,0,0,CLEAR,, NO UNUSUAL CONDITIONS,, ,C,DARK-STREET LIGHTS,37.36197,-121.88126,,,,,A,NO PEDESTRIANS INVOLVED,11/24/2018 12:00:00 AM,A,21658(a),False,1.0,US101 S/B,,,12/4/2018 9:42:49 AM,A,N,1100.0,McKee Rd,F,,D,12/4/2018 9:44:28 AM,12/4/2018 9:44:28 AM,,True,2,,,,,,,