Collision Id,	Report Number,	Report Version,	Is Preliminary,	NCIC Code,Crash Date Time,	Crash Time Description,	Beat,City Id,	City Code,	City Name,County Code,	City Is Active,	City Is Incorporated,	Collision Type Code,Collision Type Description,	Collision Type Other Desc,	Day Of Week,	DispatchNotified,	HasPhotographs,	HitRun,	IsAttachmentsMailed,	IsDeleted,	IsHighwayRelated,	IsTowAway,	JudicialDistrict,	MotorVehicleInvolvedWithCode,	MotorVehicleInvolvedWithDesc,MotorVehicleInvolvedWithOtherDesc,	NumberInjured,	NumberKilled,Weather 1, Weather 2, Road Condition 1, Road Condition 2, Special Condition,LightingCode, LightingDescription,Latitude,Longitude,MilepostDirection,MilepostDistance,MilepostMarker,MilepostUnitOfMeasure,	PedestrianActionCode,PedestrianActionDesc,PreparedDate,	Primary Collision Factor Code,Primary Collision Factor Violation,PrimaryCollisionFactorIsCited,	PrimaryCollisionPartyNumber,	PrimaryRoad,	ReportingDistrict,	ReportingDistrictCode,ReviewedDate,	RoadwaySurfaceCode,SecondaryDirection,	SecondaryDistance,	SecondaryRoad,	SecondaryUnitOfMeasure,	SketchDesc,	TrafficControlDeviceCode,CreatedDate,	ModifiedDate,IsCountyRoad,IsFreeway,CHP555Version,	IsAdditonalObjectStruck,NotificationDate,	NotificationTimeDescription,	HasDigitalMediaFiles,	EvidenceNumber,	IsLocationReferToNarrative,	IsAOIOneSameAsLocation
887334,9340-2018-06523,1,False,9340,12/15/2018 4:00:00 PM,1600,230,1368,4313,San Jose,43,True,True,C,REAR END,,Saturday,NotApplicable,False,,,False,True,False,Santa Clara Superior,C,OTHER MOTOR VEHICLE,,0,0,CLEAR,, NO UNUSUAL CONDITIONS,, ,A,DAYLIGHT,37.249923,-121.586454,,,,,A,NO PEDESTRIANS INVOLVED,12/15/2018 12:00:00 AM,A,22350,False,1.0,SR-237 W/B to Great America Parkway,,,12/20/2018 1:58:46 PM,A,E,20.0,Great America Pky,F,,A,12/20/2018 1:59:17 PM,12/20/2018 1:59:17 PM,,True,2,,,,,,,
887158,9340-2018-06514,1,False,9340,12/13/2018 11:00:00 AM,1100,120,1368,4313,San Jose,43,True,True,B,SIDE SWIPE,,Thursday,NotApplicable,False,,,False,True,True,Santa Clara Superior,I,FIXED OBJECT,Concrete Divider,0,0,CLEAR,, NO UNUSUAL CONDITIONS,, ,A,DAYLIGHT,37.375988,-121.939473,,,,,A,NO PEDESTRIANS INVOLVED,12/13/2018 12:00:00 AM,A,22350,False,1.0,US-101 S/B,,,12/20/2018 11:27:27 AM,A,S,250.0,De la Cruz Blvd,F,,D,12/20/2018 11:28:02 AM,12/20/2018 11:28:02 AM,,True,2,,,,,,,
887093,9340-2018-06459,1,False,9340,12/11/2018 8:15:00 AM,815,901,1368,4313,San Jose,43,True,True,C,REAR END,,Tuesday,NotApplicable,False,,,False,False,True,Santa Clara Superior,C,OTHER MOTOR VEHICLE,,0,0,CLOUDY,, NO UNUSUAL CONDITIONS,, School Bus Collision,A,DAYLIGHT,37.328894,-121.850139,,,,,A,NO PEDESTRIANS INVOLVED,12/11/2018 12:00:00 AM,A,22107,False,1.0,McLaughlin Ave,,,12/20/2018 10:46:30 AM,A,N,50.0,Carnelian CT.,F,,D,12/20/2018 10:47:24 AM,12/20/2018 10:47:24 AM,,,2,,,,,,,
887022,9340-2018-06550,1,False,9340,12/14/2018 5:30:00 PM,1730,281,1368,4313,San Jose,43,True,True,E,HIT OBJECT,,Friday,NotApplicable,False,M,,False,True,True,Santa Clara Superior,I,FIXED OBJECT,SIGN POST ,0,0,CLEAR,, NO UNUSUAL CONDITIONS,, ,C,DARK-STREET LIGHTS,37.32749,-121.87908,,,,,A,NO PEDESTRIANS INVOLVED,12/16/2018 12:00:00 AM,A,22107,False,1.0,I-280 S/B,,,12/20/2018 10:04:28 AM,A,N,300.0,10th St,F,,D,12/20/2018 10:05:00 AM,12/20/2018 10:05:00 AM,,True,2,,,,,,,
887015,9340-2018-06505,1,False,9340,12/13/2018 1:40:00 PM,1340,110,1368,4313,San Jose,43,True,True,B,SIDE SWIPE,,Thursday,NotApplicable,False,,,False,True,False,Santa Clara Superior,C,OTHER MOTOR VEHICLE,,0,0,CLEAR,, NO UNUSUAL CONDITIONS,, ,A,DAYLIGHT,37.35583,-121.86751,,,,,A,NO PEDESTRIANS INVOLVED,12/13/2018 12:00:00 AM,A,22107,False,,US-101 N/B from McKee Rd.,,,12/20/2018 9:59:48 AM,A,N,500.0,McKee Rd,F,,D,12/20/2018 10:00:42 AM,12/20/2018 10:00:42 AM,,True,2,,,,,,,
886979,9340-2018-06507,1,False,9340,12/13/2018 10:25:00 AM,1025,281,1368,4313,San Jose,43,True,True,C,REAR END,,Thursday,NotApplicable,False,,,False,True,False,Santa Clara Superior,C,OTHER MOTOR VEHICLE,,0,0,CLEAR,, NO UNUSUAL CONDITIONS,, ,A,DAYLIGHT,37.32123,-121.89962,,,,,A,NO PEDESTRIANS INVOLVED,12/13/2018 12:00:00 AM,A,22350,False,1.0,I-280 S/B ,,,12/20/2018 9:41:31 AM,B,N,460.0,Bird Ave,F,,D,12/20/2018 9:42:09 AM,12/20/2018 9:42:09 AM,,True,2,,,,,,,
886972,9340-2018-06489,2,False,9340,12/12/2018 10:00:00 AM,1000,110,1368,4313,San Jose,43,True,True,C,REAR END,,Wednesday,NotApplicable,False,,,False,True,True,Santa Clara Superior,C,OTHER MOTOR VEHICLE,,1,0,CLEAR,, NO UNUSUAL CONDITIONS,, ,A,DAYLIGHT,37.3625,-121.88473,,,,,A,NO PEDESTRIANS INVOLVED,12/12/2018 12:00:00 AM,A,21658(a),False,1.0,US-101 N/B ,,,4/12/2020 6:46:29 AM,A,S,300.0,Oakland Rd,F,,D,12/20/2018 9:34:24 AM,4/12/2020 6:48:15 AM,,True,2,,,,,,,
886523,9340-2018-06438,2,False,9340,12/10/2018 6:15:00 PM,1815,088,1368,4313,San Jose,43,True,True,C,REAR END,,Monday,NotApplicable,False,M,,False,True,False,Santa Clara Superior,C,OTHER MOTOR VEHICLE,,0,0,CLEAR,, NO UNUSUAL CONDITIONS,, ,C,DARK-STREET LIGHTS,37.3616,-121.9037,,,,,A,NO PEDESTRIANS INVOLVED,12/10/2018 12:00:00 AM,A,22106,False,2.0,I-880 N/B,,,8/24/2019 10:22:29 PM,A,N,1100.0,US101,F,,D,12/19/2018 2:33:34 PM,8/24/2019 10:22:42 PM,,True,2,,,,,,,
886484,9340-2018-06521,1,False,9340,12/15/2018 7:00:00 PM,1900,120,1368,4313,San Jose,43,True,True,C,REAR END,,Saturday,NotApplicable,False,,,False,True,True,Santa Clara Superior,C,OTHER MOTOR VEHICLE,,1,0,CLEAR,, NO UNUSUAL CONDITIONS,, ,C,DARK-STREET LIGHTS,37.36322,-121.892,,,,,A,NO PEDESTRIANS INVOLVED,12/15/2018 12:00:00 AM,A,22350,False,1.0,US101 N/B,,,12/19/2018 2:04:33 PM,A,N,50.0,Oakland Rd,F,,D,12/19/2018 2:05:30 PM,12/19/2018 2:05:30 PM,,True,2,,,,,,,
886478,9340-2018-06513,2,False,9340,12/13/2018 3:20:00 PM,1520,281,1368,4313,San Jose,43,True,True,B,SIDE SWIPE,,Thursday,NotApplicable,False,,,False,True,True,Santa Clara Superior,C,OTHER MOTOR VEHICLE,,0,0,CLEAR,, NO UNUSUAL CONDITIONS,, ,A,DAYLIGHT,37.3246,-121.8869,,,,,A,NO PEDESTRIANS INVOLVED,12/13/2018 12:00:00 AM,A,22107,False,1.0,I-280 S/B,,,4/11/2020 7:53:21 AM,A,S,0.3,SR-87,M,,D,12/19/2018 2:03:38 PM,4/11/2020 7:54:48 AM,,True,2,,,,,,,
886467,9340-2018-06518,1,False,9340,12/15/2018 6:25:00 PM,1825,281,1368,4313,San Jose,43,True,True,C,REAR END,,Saturday,NotApplicable,False,,,False,True,False,Santa Clara Superior,C,OTHER MOTOR VEHICLE,,1,0,CLEAR,, NO UNUSUAL CONDITIONS,, ,C,DARK-STREET LIGHTS,37.32476,-121.88683,,,,,A,NO PEDESTRIANS INVOLVED,12/15/2018 12:00:00 AM,A,22350,False,1.0,I-280 S/B,,,12/19/2018 1:54:55 PM,A,N,50.0,S. Almaden Ave,F,,D,12/19/2018 1:55:30 PM,12/19/2018 1:55:30 PM,,True,2,,,,,,,
886428,9340-2018-06519,1,False,9340,12/15/2018 6:26:00 PM,1826,281,1368,4313,San Jose,43,True,True,C,REAR END,,Saturday,NotApplicable,False,,,False,True,True,Santa Clara Superior,C,OTHER MOTOR VEHICLE,,1,0,CLEAR,, NO UNUSUAL CONDITIONS,, ,C,DARK-STREET LIGHTS,37.32469,-121.88712,,,,,A,NO PEDESTRIANS INVOLVED,12/15/2018 12:00:00 AM,A,22350,False,1.0,I-280 S/B,,,12/19/2018 1:24:43 PM,A,N,100.0,S. Almaden Ave,F,,D,12/19/2018 1:25:17 PM,12/19/2018 1:25:17 PM,,True,2,,,,,,,
886404,9340-2018-06492,1,False,9340,12/12/2018 8:30:00 PM,2030,088,1368,4313,San Jose,43,True,True,D,BROADSIDE,,Wednesday,NotApplicable,False,,,False,True,True,Santa Clara Superior,C,OTHER MOTOR VEHICLE,,0,0,CLEAR,, NO UNUSUAL CONDITIONS,, ,C,DARK-STREET LIGHTS,37.33933,-121.93013,,,,,A,NO PEDESTRIANS INVOLVED,12/12/2018 12:00:00 AM,A,22107,False,1.0,I-880 N/B,,,12/19/2018 1:08:09 PM,A,N,90.0,Park Ave,F,,D,12/19/2018 1:09:20 PM,12/19/2018 1:09:20 PM,,True,2,,,,,,,
886394,9340-2018-06524,1,False,9340,12/15/2018 7:58:00 PM,1958,110,1368,4313,San Jose,43,True,True,C,REAR END,,Saturday,NotApplicable,False,,,False,True,True,Santa Clara Superior,C,OTHER MOTOR VEHICLE,,1,0,CLEAR,, NO UNUSUAL CONDITIONS,, ,C,DARK-STREET LIGHTS,37.36304,-121.88994,,,,,A,NO PEDESTRIANS INVOLVED,12/15/2018 12:00:00 AM,A,22350,False,1.0,US101 N/B,,,12/19/2018 1:01:50 PM,A,S,150.0,Oakland Rd,F,,D,12/19/2018 1:02:33 PM,12/19/2018 1:02:33 PM,,True,2,,,,,,,
886365,9340-2018-06517,1,False,9340,12/14/2018 5:20:00 PM,1720,120,1368,4313,San Jose,43,True,True,C,REAR END,,Friday,NotApplicable,False,,,False,True,False,Santa Clara Superior,C,OTHER MOTOR VEHICLE,,0,0,CLEAR,, NO UNUSUAL CONDITIONS,, ,C,DARK-STREET LIGHTS,37.364263,-121.902498,,,,,A,NO PEDESTRIANS INVOLVED,12/14/2018 12:00:00 AM,A,22350,False,1.0,US-101 S/B,,,12/19/2018 12:38:38 PM,A,N,100.0,I-880,F,,D,12/19/2018 12:39:54 PM,12/19/2018 12:39:54 PM,,True,2,,,,,,,
886304,9340-2018-06497,1,False,9340,12/12/2018 6:00:00 PM,1800,281,1368,4313,San Jose,43,True,True,C,REAR END,,Wednesday,NotApplicable,False,M,,False,True,False,Santa Clara Superior,C,OTHER MOTOR VEHICLE,,0,0,CLEAR,, NO UNUSUAL CONDITIONS,, ,C,DARK-STREET LIGHTS,37.327896,-121.871765,,,,,A,NO PEDESTRIANS INVOLVED,12/12/2018 12:00:00 AM,A,22350,False,1.0,I-280 S/B TO 10TH STREET,,,12/19/2018 11:56:20 AM,A,N,5.0,10th St,F,,A,12/19/2018 11:56:56 AM,12/19/2018 11:56:56 AM,,True,2,,,,,,,
886170,9340-2018-06496,1,False,9340,12/12/2018 6:30:00 PM,1830,281,1368,4313,San Jose,43,True,True,B,SIDE SWIPE,,Wednesday,NotApplicable,False,,,False,True,False,Santa Clara Superior,C,OTHER MOTOR VEHICLE,,0,0,CLEAR,, NO UNUSUAL CONDITIONS,, ,C,DARK-STREET LIGHTS,37.32356,-121.893038,,,,,A,NO PEDESTRIANS INVOLVED,12/12/2018 12:00:00 AM,A,21658(a),False,1.0,I-280 S/B,,,12/19/2018 10:34:40 AM,A,N,500.0,SR-87,F,,D,12/19/2018 10:35:17 AM,12/19/2018 10:35:17 AM,,True,2,,,,,,,
886063,9340-2018-06509,1,False,9340,12/13/2018 7:10:00 PM,1910,083,1368,4313,San Jose,43,True,True,C,REAR END,,Thursday,NotApplicable,False,,,False,True,False,Santa Clara Superior,C,OTHER MOTOR VEHICLE,,0,0,CLEAR,, NO UNUSUAL CONDITIONS,, ,D,DARK-NO STREET LIGHTS,37.253066,-121.944281,,,,,A,NO PEDESTRIANS INVOLVED,12/13/2018 12:00:00 AM,A,22350,False,1.0,SR-85 S/B FROM BASCOM AVENUE,,,12/19/2018 9:40:57 AM,A,S,2130.0,BASCOM AVENUE,F,,D,12/19/2018 9:41:33 AM,12/19/2018 9:41:33 AM,,True,2,,,,,,,
885905,9340-2018-06487,1,False,9340,12/12/2018 7:52:00 AM,752,281,1368,4313,San Jose,43,True,True,C,REAR END,,Wednesday,NotApplicable,False,,,False,True,True,Santa Clara Superior,C,OTHER MOTOR VEHICLE,,0,0,CLOUDY,, NO UNUSUAL CONDITIONS,, ,A,DAYLIGHT,37.31715,-121.94086,,,,,A,NO PEDESTRIANS INVOLVED,12/12/2018 12:00:00 AM,A,22350,False,1.0,I-280 S/B,,,12/19/2018 8:15:41 AM,A,N,98.0,SR-17,F,,D,12/19/2018 8:16:20 AM,12/19/2018 8:16:20 AM,,True,2,,,,,,,
885896,9340-2018-06483,3,False,9340,12/12/2018 9:15:00 AM,915,088,1368,4313,San Jose,43,True,True,B,SIDE SWIPE,,Wednesday,NotApplicable,False,,,False,True,False,Santa Clara Superior,C,OTHER MOTOR VEHICLE,,0,0,CLEAR,, NO UNUSUAL CONDITIONS,, ,A,DAYLIGHT,37.316189,-121.89922,,,,,A,NO PEDESTRIANS INVOLVED,12/12/2018 12:00:00 AM,A,21658(a),False,1.0,I-880 S/B,,,4/14/2020 2:41:32 PM,A,N,1820.0,Stevens Creek Blvd,F,REFER TO PG. #3,D,12/19/2018 8:06:24 AM,4/14/2020 2:42:13 PM,,True,2,,,,,,,
885782,9340-2018-06475,1,False,9340,12/11/2018 7:00:00 PM,1900,281,1368,4313,San Jose,43,True,True,C,REAR END,,Tuesday,NotApplicable,False,M,,False,True,False,Santa Clara Superior,C,OTHER MOTOR VEHICLE,,0,0,CLEAR,, NO UNUSUAL CONDITIONS,, ,D,DARK-NO STREET LIGHTS,37.33314,-121.8623,,,,,A,NO PEDESTRIANS INVOLVED,12/11/2018 12:00:00 AM,A,22350,False,1.0,I-280 S/B,,,12/19/2018 6:30:26 AM,A,N,1000.0,10th St,F,,D,12/19/2018 6:31:01 AM,12/19/2018 6:31:01 AM,,True,2,,,,,,,
885779,9340-2018-06424,1,False,9340,12/9/2018 9:20:00 PM,2120,110,1368,4313,San Jose,43,True,True,B,SIDE SWIPE,,Sunday,NotApplicable,False,M,,False,True,False,Santa Clara Superior,C,OTHER MOTOR VEHICLE,,0,0,CLOUDY,, NO UNUSUAL CONDITIONS,, ,D,DARK-NO STREET LIGHTS,37.20101,-121.50535,,,,,A,NO PEDESTRIANS INVOLVED,12/9/2018 12:00:00 AM,A,21658(a),False,1.0,US101 N/B,,,12/19/2018 6:26:23 AM,A,N,900.0,Story Rd,F,,D,12/19/2018 6:27:08 AM,12/19/2018 6:27:08 AM,,True,2,,,,,,,
885576,9340-2018-06383,1,False,9340,12/7/2018 2:25:00 PM,1425,901,1368,4313,San Jose,43,True,True,B,SIDE SWIPE,,Friday,NotApplicable,False,,,False,False,False,Santa Clara Superior,C,OTHER MOTOR VEHICLE,,0,0,CLEAR,, NO UNUSUAL CONDITIONS,, School Bus Collision,A,DAYLIGHT,37.28267,-121.83038,,,,,A,NO PEDESTRIANS INVOLVED,12/7/2018 12:00:00 AM,A,22107,False,1.0,300 EL CAJON DRIVE,,,12/18/2018 2:36:53 PM,A,S,125.0,El Cajon Dr,F,,D,12/18/2018 2:37:52 PM,12/18/2018 2:37:52 PM,,,2,,,,,,,
885526,9340-2018-06479,1,False,9340,12/12/2018 6:50:00 AM,650,083,1368,4313,San Jose,43,True,True,C,REAR END,,Wednesday,NotApplicable,False,,,False,True,False,Santa Clara Superior,C,OTHER MOTOR VEHICLE,,0,0,CLEAR,, NO UNUSUAL CONDITIONS,, ,A,DAYLIGHT,37.254108,-121.843523,,,,,A,NO PEDESTRIANS INVOLVED,12/12/2018 12:00:00 AM,A,22350,False,1.0,SR-85 N/B,,,12/18/2018 2:05:19 PM,A,S,0.8,Santa Teresa Blvd,M,,D,12/18/2018 2:05:49 PM,12/18/2018 2:05:49 PM,,True,2,,,,,,,
885490,9340-2018-06466,1,False,9340,12/11/2018 5:10:00 PM,1710,110,1368,4313,San Jose,43,True,True,C,REAR END,,Tuesday,NotApplicable,False,,,False,True,False,Santa Clara Superior,C,OTHER MOTOR VEHICLE,,0,0,CLEAR,, NO UNUSUAL CONDITIONS,, ,D,DARK-NO STREET LIGHTS,37.261851,-121.800325,,,,,A,NO PEDESTRIANS INVOLVED,12/11/2018 12:00:00 AM,A,22350,False,1.0,US-101 S/B,,,12/18/2018 1:46:02 PM,A,N,1500.0,Blossom Hill Road,F,,D,12/18/2018 1:46:32 PM,12/18/2018 1:46:32 PM,,True,2,,,,,,,
885486,9340-2018-06470,1,False,9340,12/11/2018 7:00:00 PM,1900,083,1368,4313,San Jose,43,True,True,C,REAR END,,Tuesday,NotApplicable,False,M,,False,True,False,Santa Clara Superior,C,OTHER MOTOR VEHICLE,,0,0,CLEAR,, NO UNUSUAL CONDITIONS,, ,C,DARK-STREET LIGHTS,37.243069,-121.809783,,,,,A,NO PEDESTRIANS INVOLVED,12/11/2018 12:00:00 AM,A,22350,False,1.0,SR-85 S/B,,,12/18/2018 1:43:22 PM,A,N,300.0,Cottle Road,F,,D,12/18/2018 1:43:58 PM,12/18/2018 1:43:58 PM,,True,2,,,,,,,
885438,9340-2018-06437,1,False,9340,12/10/2018 5:25:00 PM,1725,681,1368,4313,San Jose,43,True,True,C,REAR END,,Monday,NotApplicable,False,M,,False,True,False,Santa Clara Superior,C,OTHER MOTOR VEHICLE,,1,0,CLEAR,, NO UNUSUAL CONDITIONS,, ,D,DARK-NO STREET LIGHTS,37.418751,-121.88195,,,,,A,NO PEDESTRIANS INVOLVED,12/10/2018 12:00:00 AM,A,22350,False,1.0,I-680 S/B,,,12/18/2018 1:14:12 PM,A,N,10.0,Montague Expressway,F,,D,12/18/2018 1:14:54 PM,12/18/2018 1:14:54 PM,,True,2,,,,,,,
885415,9340-2018-06472,1,False,9340,12/11/2018 6:00:00 PM,1800,087,1368,4313,San Jose,43,True,True,C,REAR END,,Tuesday,NotApplicable,False,M,,False,True,False,Santa Clara Superior,C,OTHER MOTOR VEHICLE,,0,0,CLEAR,, NO UNUSUAL CONDITIONS,, ,D,DARK-NO STREET LIGHTS,37.328234,-121.895354,,,,,A,NO PEDESTRIANS INVOLVED,12/11/2018 12:00:00 AM,A,22350,False,1.0,SR-87 S/B,,,12/18/2018 12:57:08 PM,A,N,1000.0,I-280,F,,D,12/18/2018 12:58:05 PM,12/18/2018 12:58:05 PM,,True,2,,,,,,,
885322,9340-2018-06484,1,False,9340,12/12/2018 8:30:00 AM,830,282,1368,4313,San Jose,43,True,True,C,REAR END,,Wednesday,NotApplicable,False,,,False,True,True,Santa Clara Superior,C,OTHER MOTOR VEHICLE,,0,0,CLEAR,, NO UNUSUAL CONDITIONS,, ,A,DAYLIGHT,37.1857,-121.5657,,,,,A,NO PEDESTRIANS INVOLVED,12/12/2018 12:00:00 AM,A,22350,False,1.0,I-280 S/B,,,12/18/2018 12:05:11 PM,A,S,1500.0,Saratoga Ave,F,,D,12/18/2018 12:05:55 PM,12/18/2018 12:05:55 PM,,True,2,,,,,,,
885300,9340-2018-06450,2,False,9340,12/11/2018 7:58:00 AM,758,282,1368,4313,San Jose,43,True,True,C,REAR END,,Tuesday,NotApplicable,False,M,,False,True,True,Santa Clara Superior,C,OTHER MOTOR VEHICLE,,0,0,FOG/VISIBILITY,, NO UNUSUAL CONDITIONS,, ,B,DUSK-DAWN,37.3167,-121.9558,,,,,A,NO PEDESTRIANS INVOLVED,12/11/2018 12:00:00 AM,A,22350,False,2.0,I-280 N/B,,,4/11/2020 8:50:25 AM,B,N,1500.0,Saratoga Ave,F,,D,12/18/2018 11:44:52 AM,4/11/2020 8:51:25 AM,,True,2,,,,,,,
885294,9340-2018-06458,1,False,9340,12/11/2018 8:15:00 AM,815,110,1368,4313,San Jose,43,True,True,C,REAR END,,Tuesday,NotApplicable,False,,,False,True,False,Santa Clara Superior,C,OTHER MOTOR VEHICLE,,1,0,CLEAR,, NO UNUSUAL CONDITIONS,, ,A,DAYLIGHT,37.35917,-121.872335,,,,,A,NO PEDESTRIANS INVOLVED,12/11/2018 12:00:00 AM,A,22350,False,1.0,US101 N/B,,,12/18/2018 11:35:17 AM,A,N,300.0,Taylor St,F,,D,12/18/2018 11:35:52 AM,12/18/2018 11:35:52 AM,,True,2,,,,,,,
885256,9340-2018-06500,1,False,9340,12/11/2018 7:00:00 PM,1900,281,1368,4313,San Jose,43,True,True,C,REAR END,,Tuesday,NotApplicable,False,,,False,True,False,Santa Clara Superior,C,OTHER MOTOR VEHICLE,,0,0,CLEAR,, NO UNUSUAL CONDITIONS,, ,D,DARK-NO STREET LIGHTS,37.190436,-121.562717,,,,,A,NO PEDESTRIANS INVOLVED,12/11/2018 12:00:00 AM,A,22350,False,1.0,I-280 S/B,,,12/18/2018 11:03:40 AM,A,N,600.0,Bascom Ave,F,,D,12/18/2018 11:04:11 AM,12/18/2018 11:04:11 AM,,True,2,,,,,,,
885222,9340-2018-06474,1,False,9340,12/11/2018 6:30:00 PM,1830,281,1368,4313,San Jose,43,True,True,B,SIDE SWIPE,,Tuesday,NotApplicable,False,M,,False,True,False,Santa Clara Superior,C,OTHER MOTOR VEHICLE,,0,0,CLEAR,, NO UNUSUAL CONDITIONS,, ,D,DARK-NO STREET LIGHTS,37.32277,-121.89744,,,,,A,NO PEDESTRIANS INVOLVED,12/11/2018 12:00:00 AM,A,22107,False,1.0,I-280 N/B,,,12/18/2018 10:43:37 AM,A,N,500.0,Bird Ave,F,,D,12/18/2018 10:44:07 AM,12/18/2018 10:44:07 AM,,True,2,,,,,,,
885192,9340-2018-06453,1,False,9340,12/11/2018 9:30:00 AM,930,088,1368,4313,San Jose,43,True,True,C,REAR END,,Tuesday,NotApplicable,False,,,False,True,True,Santa Clara Superior,C,OTHER MOTOR VEHICLE,,1,0,CLOUDY,, NO UNUSUAL CONDITIONS,, ,A,DAYLIGHT,37.34991,-121.9166,,,,,A,NO PEDESTRIANS INVOLVED,12/11/2018 12:00:00 AM,A,22350,False,1.0,I-880 N/B,,,12/18/2018 10:19:10 AM,A,N,528.0,Coleman Ave,F,,D,12/18/2018 10:19:46 AM,12/18/2018 10:19:46 AM,,True,2,,,,,,,
885152,9340-2018-06471,1,False,9340,12/11/2018 8:20:00 PM,2020,681,1368,4313,San Jose,43,True,True,B,SIDE SWIPE,,Tuesday,NotApplicable,False,M,,False,True,False,Santa Clara Superior,C,OTHER MOTOR VEHICLE,,0,0,CLEAR,, NO UNUSUAL CONDITIONS,, ,D,DARK-NO STREET LIGHTS,37.338028,-121.851815,,,,,A,NO PEDESTRIANS INVOLVED,12/11/2018 12:00:00 AM,A,21658(a),False,1.0,I-680 S/B,,,12/18/2018 9:55:41 AM,A,N,100.0,Story Road,F,,D,12/18/2018 9:56:15 AM,12/18/2018 9:56:15 AM,,True,2,,,,,,,
885126,9340-2018-06467,1,False,9340,12/11/2018 6:30:00 PM,1830,110,1368,4313,San Jose,43,True,True,C,REAR END,,Tuesday,NotApplicable,False,,,False,True,False,Santa Clara Superior,C,OTHER MOTOR VEHICLE,,0,0,CLEAR,, NO UNUSUAL CONDITIONS,, ,D,DARK-NO STREET LIGHTS,37.243069,-121.809783,,,,,A,NO PEDESTRIANS INVOLVED,12/11/2018 12:00:00 AM,A,22350,False,1.0,US-101 S/B,,,12/18/2018 9:43:30 AM,A,N,1500.0,Blossom Hill Road,F,,D,12/18/2018 9:44:00 AM,12/18/2018 9:44:00 AM,,True,2,,,,,,,
885103,9340-2018-06457,1,False,9340,12/11/2018 7:48:00 AM,748,282,1368,4313,San Jose,43,True,True,C,REAR END,,Tuesday,NotApplicable,False,,,False,True,True,Santa Clara Superior,C,OTHER MOTOR VEHICLE,,0,0,FOG/VISIBILITY,, NO UNUSUAL CONDITIONS,, ,B,DUSK-DAWN,37.3221,-121.9402,,,,,A,NO PEDESTRIANS INVOLVED,12/11/2018 12:00:00 AM,A,22350,False,1.0,I-280 S/B TO N/B I-880,,,12/18/2018 9:30:50 AM,B,N,1000.0,Stevens Creek Blvd,F,,D,12/18/2018 9:31:23 AM,12/18/2018 9:31:23 AM,,True,2,,,,,,,
885064,9340-2018-06495,1,False,9340,12/11/2018 6:15:00 PM,1815,281,1368,4313,San Jose,43,True,True,B,SIDE SWIPE,,Tuesday,NotApplicable,False,M,,False,True,False,Santa Clara Superior,C,OTHER MOTOR VEHICLE,,0,0,CLEAR,, NO UNUSUAL CONDITIONS,, ,D,DARK-NO STREET LIGHTS,37.1856,-121.5455,,,,,A,NO PEDESTRIANS INVOLVED,12/11/2018 12:00:00 AM,A,22107,False,1.0,I-280 N/B,,,12/18/2018 9:08:23 AM,A,N,200.0,Meridian Ave,F,,D,12/18/2018 9:08:56 AM,12/18/2018 9:08:56 AM,,True,2,,,,,,,
885026,9340-2018-06482,1,False,9340,12/11/2018 7:50:00 PM,1950,172,1368,4313,San Jose,43,True,True,B,SIDE SWIPE,,Tuesday,NotApplicable,False,M,,False,True,False,Santa Clara Superior,C,OTHER MOTOR VEHICLE,,1,0,CLEAR,, NO UNUSUAL CONDITIONS,, ,D,DARK-NO STREET LIGHTS,37.3166,-121.9394,,,,,A,NO PEDESTRIANS INVOLVED,12/11/2018 12:00:00 AM,A,22107,False,1.0,sr-17 northbound to I-280 southbound,,,12/18/2018 8:50:29 AM,A,N,150.0,Moorpark Ave,F,,D,12/18/2018 8:51:55 AM,12/18/2018 8:51:55 AM,,True,2,,,,,,,
885012,9340-2018-06481,1,False,9340,12/11/2018 6:50:00 PM,1850,282,1368,4313,San Jose,43,True,True,C,REAR END,,Tuesday,NotApplicable,False,M,,False,True,False,Santa Clara Superior,C,OTHER MOTOR VEHICLE,,0,0,CLEAR,, NO UNUSUAL CONDITIONS,, ,C,DARK-STREET LIGHTS,37.1859,-121.575,,,,,A,NO PEDESTRIANS INVOLVED,12/11/2018 12:00:00 AM,A,22350,False,1.0,I-280 S/B,,,12/18/2018 8:42:05 AM,A,N,1000.0,Winchester Blvd,F,,D,12/18/2018 8:42:35 AM,12/18/2018 8:42:35 AM,,True,2,,,,,,,