Collision Id,	Report Number,	Report Version,	Is Preliminary,	NCIC Code,Crash Date Time,	Crash Time Description,	Beat,City Id,	City Code,	City Name,County Code,	City Is Active,	City Is Incorporated,	Collision Type Code,Collision Type Description,	Collision Type Other Desc,	Day Of Week,	DispatchNotified,	HasPhotographs,	HitRun,	IsAttachmentsMailed,	IsDeleted,	IsHighwayRelated,	IsTowAway,	JudicialDistrict,	MotorVehicleInvolvedWithCode,	MotorVehicleInvolvedWithDesc,MotorVehicleInvolvedWithOtherDesc,	NumberInjured,	NumberKilled,Weather 1, Weather 2, Road Condition 1, Road Condition 2, Special Condition,LightingCode, LightingDescription,Latitude,Longitude,MilepostDirection,MilepostDistance,MilepostMarker,MilepostUnitOfMeasure,	PedestrianActionCode,PedestrianActionDesc,PreparedDate,	Primary Collision Factor Code,Primary Collision Factor Violation,PrimaryCollisionFactorIsCited,	PrimaryCollisionPartyNumber,	PrimaryRoad,	ReportingDistrict,	ReportingDistrictCode,ReviewedDate,	RoadwaySurfaceCode,SecondaryDirection,	SecondaryDistance,	SecondaryRoad,	SecondaryUnitOfMeasure,	SketchDesc,	TrafficControlDeviceCode,CreatedDate,	ModifiedDate,IsCountyRoad,IsFreeway,CHP555Version,	IsAdditonalObjectStruck,NotificationDate,	NotificationTimeDescription,	HasDigitalMediaFiles,	EvidenceNumber,	IsLocationReferToNarrative,	IsAOIOneSameAsLocation
884960,9340-2018-06532,1,False,9340,12/10/2018 5:45:00 PM,1745,281,1368,4313,San Jose,43,True,True,C,REAR END,,Monday,NotApplicable,False,,,False,True,True,Santa Clara Superior,C,OTHER MOTOR VEHICLE,,0,0,CLEAR,, NO UNUSUAL CONDITIONS,, ,D,DARK-NO STREET LIGHTS,37.198076,-121.520718,,,,,A,NO PEDESTRIANS INVOLVED,12/16/2018 12:00:00 AM,A,22350,False,1.0,I-280 N/B,,,12/18/2018 7:55:06 AM,A,S,1020.0,11th St,F,,D,12/18/2018 8:11:56 AM,12/18/2018 8:11:56 AM,,True,2,,,,,,,
884913,9340-2018-06530,4,False,9340,12/15/2018 10:40:00 PM,2240,120,1368,4313,San Jose,43,True,True,C,REAR END,,Saturday,Yes,True,,,False,True,True,Santa Clara Superior,E,PARKED MOTOR VEHICLE,,2,1,CLEAR,, NO UNUSUAL CONDITIONS,, Fatal,D,DARK-NO STREET LIGHTS,37.37622,-121.93798,,,,,A,NO PEDESTRIANS INVOLVED,12/15/2018 12:00:00 AM,A,23152(a),True,1.0,US101 N/B,,,1/28/2020 10:06:47 PM,A,S,1030.0,Trimble Rd,F,,D,12/18/2018 7:38:39 AM,1/28/2020 10:08:10 PM,,True,2,,,,,,,
884702,9340-2018-06401,1,False,9340,12/8/2018 4:20:00 PM,1620,281,1368,4313,San Jose,43,True,True,C,REAR END,,Saturday,NotApplicable,False,,,False,True,False,Santa Clara Superior,C,OTHER MOTOR VEHICLE,,0,0,CLEAR,, NO UNUSUAL CONDITIONS,, ,A,DAYLIGHT,37.32845,-121.871875,,,,,A,NO PEDESTRIANS INVOLVED,12/8/2018 12:00:00 AM,D,,,, I-280 N/B FROM NORTH TENTH STREET,,,12/17/2018 3:08:49 PM,A,N,400.0,10th St,F,,D,12/17/2018 3:09:21 PM,12/17/2018 3:09:21 PM,,True,2,,,,,,,
884677,9340-2018-06320,1,False,9340,12/5/2018 8:37:00 AM,837,681,1368,4313,San Jose,43,True,True,B,SIDE SWIPE,,Wednesday,NotApplicable,True,M,,False,True,False,Santa Clara Superior,C,OTHER MOTOR VEHICLE,,0,0,CLEAR,CLOUDY, NO UNUSUAL CONDITIONS,, ,A,DAYLIGHT,37.35732,-121.84024,,,,,A,NO PEDESTRIANS INVOLVED,12/5/2018 12:00:00 AM,A,21658(a),False,1.0,I-680 S/B ,,,12/17/2018 2:53:33 PM,B,N,500.0,JACKSON AVE.,F,,D,12/17/2018 2:54:11 PM,12/17/2018 2:54:11 PM,,True,2,,,,,,,
884664,9340-2018-06446,1,False,9340,12/11/2018 1:10:00 AM,110,281,1368,4313,San Jose,43,True,True,E,HIT OBJECT,,Tuesday,NotApplicable,False,,,False,True,True,Santa Clara Superior,I,FIXED OBJECT,dirt embankment,0,0,CLEAR,, NO UNUSUAL CONDITIONS,, ,D,DARK-NO STREET LIGHTS,37.329,-121.891,,,,,A,NO PEDESTRIANS INVOLVED,12/11/2018 12:00:00 AM,A,22107,False,1.0,SR-87 S/B FROM I-280 N/B,,,12/17/2018 2:48:09 PM,A,S,250.0,I-280,F,,D,12/17/2018 2:48:38 PM,12/17/2018 2:48:38 PM,,True,2,,,,,,,
884606,9340-2018-06464,1,False,9340,12/11/2018 11:15:00 AM,1115,240,1368,4313,San Jose,43,True,True,C,REAR END,,Tuesday,NotApplicable,False,,,False,True,True,Santa Clara Superior,C,OTHER MOTOR VEHICLE,,2,0,CLEAR,, NO UNUSUAL CONDITIONS,, ,A,DAYLIGHT,37.41947,-121.95112,,,,,A,NO PEDESTRIANS INVOLVED,12/11/2018 12:00:00 AM,A,22350,False,1.0,SR-237 W/B,,,12/17/2018 1:59:23 PM,A,W,950.0,Zanker Rd,F,,D,12/17/2018 2:09:10 PM,12/17/2018 2:09:10 PM,,True,2,,,,,,,
884601,9340-2018-06478,1,False,9340,12/11/2018 6:54:00 PM,1854,120,1368,4313,San Jose,43,True,True,C,REAR END,,Tuesday,NotApplicable,False,,,False,True,True,Santa Clara Superior,C,OTHER MOTOR VEHICLE,,0,0,CLEAR,, NO UNUSUAL CONDITIONS,, ,D,DARK-NO STREET LIGHTS,37.37392,-121.92877,,,,,A,NO PEDESTRIANS INVOLVED,12/11/2018 12:00:00 AM,A,22350,False,1.0,US101,,,12/17/2018 2:00:54 PM,A,N,200.0,SR-87,F,,D,12/17/2018 2:01:29 PM,12/17/2018 2:01:29 PM,,True,2,,,,,,,
884579,9340-2018-06439,1,False,9340,12/10/2018 6:00:00 PM,1800,681,1368,4313,San Jose,43,True,True,C,REAR END,,Monday,NotApplicable,False,M,,False,True,False,Santa Clara Superior,C,OTHER MOTOR VEHICLE,,0,0,CLEAR,, NO UNUSUAL CONDITIONS,, ,D,DARK-NO STREET LIGHTS,37.40198,-121.87676,,,,,A,NO PEDESTRIANS INVOLVED,12/10/2018 12:00:00 AM,A,22350,False,1.0,I-680 S/B,,,12/17/2018 1:46:38 PM,A,N,1000.0,Capitol Ave,F,,D,12/17/2018 1:47:29 PM,12/17/2018 1:47:29 PM,,True,2,,,,,,,
884563,9340-2018-06451,1,False,9340,12/11/2018 8:25:00 AM,825,089,1368,4313,San Jose,43,True,True,B,SIDE SWIPE,,Tuesday,NotApplicable,False,M,,False,True,False,Santa Clara Superior,C,OTHER MOTOR VEHICLE,,0,0,CLOUDY,, NO UNUSUAL CONDITIONS,, ,A,DAYLIGHT,37.36471,-121.90183,,,,,A,NO PEDESTRIANS INVOLVED,12/11/2018 12:00:00 AM,A,21658(a),False,1.0,I-880 S/B,,,12/17/2018 1:36:29 PM,A,N,80.0,US-101,F,,D,12/17/2018 1:37:04 PM,12/17/2018 1:37:04 PM,,True,2,,,,,,,
884545,9340-2018-06449,1,False,9340,12/11/2018 7:25:00 AM,725,087,1368,4313,San Jose,43,True,True,B,SIDE SWIPE,,Tuesday,NotApplicable,False,,,False,True,False,Santa Clara Superior,C,OTHER MOTOR VEHICLE,,0,0,CLOUDY,, NO UNUSUAL CONDITIONS,, ,A,DAYLIGHT,37.20256,-121.534962,,,,,A,NO PEDESTRIANS INVOLVED,12/11/2018 12:00:00 AM,D,,,,SR-87 N/B,,,12/17/2018 1:22:19 PM,B,N,300.0,Santa Clara Ave,F,,D,12/17/2018 1:22:51 PM,12/17/2018 1:22:51 PM,,True,2,,,,,,,
884525,9340-2018-06414,1,False,9340,12/9/2018 1:10:00 PM,1310,120,1368,4313,San Jose,43,True,True,C,REAR END,,Sunday,NotApplicable,False,M,,False,False,False,Santa Clara Superior,C,OTHER MOTOR VEHICLE,,0,0,CLEAR,, NO UNUSUAL CONDITIONS,, ,A,DAYLIGHT,37.3694,-121.9104,,,,,A,NO PEDESTRIANS INVOLVED,12/9/2018 12:00:00 AM,A,22350,False,1.0,US-101 S/B FROM 4TH STREET,,,12/17/2018 1:11:25 PM,A,S,250.0,4th St,F,,D,12/17/2018 1:12:02 PM,12/17/2018 1:12:02 PM,,,2,,,,,,,
884523,9340-2018-06440,1,False,9340,12/10/2018 4:10:00 PM,1610,281,1368,4313,San Jose,43,True,True,C,REAR END,,Monday,NotApplicable,False,,,False,True,False,Santa Clara Superior,C,OTHER MOTOR VEHICLE,,0,0,CLEAR,, NO UNUSUAL CONDITIONS,, ,A,DAYLIGHT,37.190319,-121.561413,,,,,A,NO PEDESTRIANS INVOLVED,12/10/2018 12:00:00 AM,A,22107,False,1.0,I-280 S/B,,,12/17/2018 1:11:18 PM,A,N,1000.0,Bascom Ave,F,,D,12/17/2018 1:11:48 PM,12/17/2018 1:11:48 PM,,,2,,,,,,,
884513,9340-2018-06427,1,False,9340,12/10/2018 6:30:00 AM,630,281,1368,4313,San Jose,43,True,True,C,REAR END,,Monday,NotApplicable,False,M,,False,True,False,Santa Clara Superior,C,OTHER MOTOR VEHICLE,,0,0,CLOUDY,, NO UNUSUAL CONDITIONS,, ,B,DUSK-DAWN,37.317,-121.9292,,,,,A,NO PEDESTRIANS INVOLVED,12/10/2018 12:00:00 AM,A,22350,False,1.0,I-280 N/B,,,12/17/2018 1:05:55 PM,A,S,700.0,Bascom Ave,F,,D,12/17/2018 1:06:24 PM,12/17/2018 1:06:24 PM,,True,2,,,,,,,
884508,9340-2018-06411,1,False,9340,12/9/2018 2:30:00 PM,1430,110,1368,4313,San Jose,43,True,True,B,SIDE SWIPE,,Sunday,NotApplicable,False,,,False,True,False,Santa Clara Superior,C,OTHER MOTOR VEHICLE,,0,0,CLEAR,, NO UNUSUAL CONDITIONS,, ,A,DAYLIGHT,37.34283,-121.85573,,,,,A,NO PEDESTRIANS INVOLVED,12/9/2018 12:00:00 AM,A,21658(a),False,1.0,US101 S/B,,,12/17/2018 1:03:53 PM,A,N,1320.0,I-280,F,,D,12/17/2018 1:04:27 PM,12/17/2018 1:04:27 PM,,True,2,,,,,,,
884503,9340-2018-06402,4,False,9340,12/8/2018 2:50:00 PM,1450,087,1368,4313,San Jose,43,True,True,C,REAR END,,Saturday,Yes,False,,,False,True,True,Santa Clara Superior,C,OTHER MOTOR VEHICLE,,1,0,CLEAR,, NO UNUSUAL CONDITIONS,, ,A,DAYLIGHT,37.193327,-121.534241,,,,,A,NO PEDESTRIANS INVOLVED,12/8/2018 12:00:00 AM,A,22350,False,1.0,SR-87 N/B to I-280 Southbound,,,4/11/2019 1:03:16 PM,A,N,300.0,West Virginia St,F,,D,12/17/2018 1:02:51 PM,4/11/2019 1:03:20 PM,,True,2,,,,,,,
884500,9340-2018-06391,1,False,9340,12/8/2018 1:35:00 PM,1335,088,1368,4313,San Jose,43,True,True,B,SIDE SWIPE,,Saturday,NotApplicable,False,,,False,True,False,Santa Clara Superior,C,OTHER MOTOR VEHICLE,,0,0,CLEAR,, NO UNUSUAL CONDITIONS,, ,A,DAYLIGHT,37.3337,-121.9352,,,,,A,NO PEDESTRIANS INVOLVED,12/8/2018 12:00:00 AM,A,21804(a),False,1.0, I-880 N/B from Bascom Ave,,,12/17/2018 1:00:34 PM,A,N,125.0,Bascom Ave,F,,D,12/17/2018 1:01:08 PM,12/17/2018 1:01:08 PM,,True,2,,,,,,,
884498,9340-2018-06404,1,False,9340,12/8/2018 9:00:00 PM,2100,110,1368,4313,San Jose,43,True,True,E,HIT OBJECT,,Saturday,Yes,False,,,False,True,True,Santa Clara Superior,I,FIXED OBJECT,GUARD RAIL,1,0,CLEAR,, NO UNUSUAL CONDITIONS,, ,C,DARK-STREET LIGHTS,37.280072,-121.806949,,,,,A,NO PEDESTRIANS INVOLVED,12/8/2018 12:00:00 AM,A,23152(a),True,1.0,US101 N/B,,,12/17/2018 12:58:38 PM,A,S,675.0,Hellyer Ave,F,,D,12/17/2018 12:59:20 PM,12/17/2018 12:59:20 PM,,True,2,,,,,,,
884493,9340-2018-06386,1,False,9340,12/8/2018 12:05:00 PM,1205,083,1368,4313,San Jose,43,True,True,E,HIT OBJECT,,Saturday,NotApplicable,False,,,False,True,True,Santa Clara Superior,I,FIXED OBJECT,CONCRETE BARRIER,0,0,CLEAR,, NO UNUSUAL CONDITIONS,, ,A,DAYLIGHT,37.25457,-121.844289,,,,,A,NO PEDESTRIANS INVOLVED,12/8/2018 12:00:00 AM,A,22107,False,1.0,SR-85 N/B,,,12/17/2018 12:56:17 PM,A,N,0.5,Blossom Hill Rd,M,,D,12/17/2018 12:56:48 PM,12/17/2018 12:56:48 PM,,True,2,,,,,,,
884490,9340-2018-06447,1,False,9340,12/10/2018 10:15:00 PM,2215,110,1368,4313,San Jose,43,True,True,B,SIDE SWIPE,,Monday,NotApplicable,False,,,False,True,False,Santa Clara Superior,C,OTHER MOTOR VEHICLE,,0,0,CLEAR,, NO UNUSUAL CONDITIONS,, ,E,DARK-STREET LIGHTS NOT FUNCTIONING*,37.3042,-121.816,,,,,A,NO PEDESTRIANS INVOLVED,12/10/2018 12:00:00 AM,A,22107,False,1.0, us 101 n/b from Capitol expwy.,,,12/17/2018 12:54:49 PM,A,N,50.0,Capitol Expy,F,,D,12/17/2018 12:55:26 PM,12/17/2018 12:55:26 PM,,True,2,,,,,,,
884404,9340-2018-06442,1,False,9340,12/10/2018 5:40:00 PM,1740,281,1368,4313,San Jose,43,True,True,C,REAR END,,Monday,NotApplicable,False,,,False,True,True,Santa Clara Superior,C,OTHER MOTOR VEHICLE,,0,0,CLEAR,, NO UNUSUAL CONDITIONS,, ,D,DARK-NO STREET LIGHTS,37.334471,-121.860865,,,,,A,NO PEDESTRIANS INVOLVED,12/10/2018 12:00:00 AM,A,22350,False,1.0,I-280 N/B,,,12/17/2018 11:48:20 AM,A,S,1000.0,11th St,F,,D,12/17/2018 11:48:53 AM,12/17/2018 11:48:53 AM,,True,2,,,,,,,
884098,9340-2018-06416,1,False,9340,12/9/2018 5:45:00 PM,1745,230,1368,4313,San Jose,43,True,True,C,REAR END,,Sunday,NotApplicable,False,M,,False,True,False,Santa Clara Superior,C,OTHER MOTOR VEHICLE,,0,0,CLEAR,, NO UNUSUAL CONDITIONS,, ,C,DARK-STREET LIGHTS,37.4111,-121.9887,,,,,A,NO PEDESTRIANS INVOLVED,12/9/2018 12:00:00 AM,A,22350,False,1.0,SR-237 E/B,,,12/17/2018 8:51:43 AM,A,W,0.73,Great America Pky,M,,D,12/17/2018 8:52:14 AM,12/17/2018 8:52:14 AM,,True,2,,,,,,,
884035,9340-2018-06418,1,False,9340,12/9/2018 5:40:00 PM,1740,230,1368,4313,San Jose,43,True,True,C,REAR END,,Sunday,NotApplicable,False,,,False,True,False,Santa Clara Superior,C,OTHER MOTOR VEHICLE,,0,0,CLEAR,, NO UNUSUAL CONDITIONS,, ,C,DARK-STREET LIGHTS,37.4149,-121.979,,,,,A,NO PEDESTRIANS INVOLVED,12/9/2018 12:00:00 AM,A,22350,False,1.0,SR-237 E/B,,,12/17/2018 8:17:06 AM,A,W,440.0,Great America Pky,F,,D,12/17/2018 8:17:39 AM,12/17/2018 8:17:39 AM,,True,2,,,,,,,
883956,9340-2018-06407,1,False,9340,12/9/2018 4:15:00 AM,415,110,1368,4313,San Jose,43,True,True,C,REAR END,,Sunday,NotApplicable,False,,,False,True,True,Santa Clara Superior,C,OTHER MOTOR VEHICLE,,0,0,CLEAR,, NO UNUSUAL CONDITIONS,, ,D,DARK-NO STREET LIGHTS,37.29647,-121.8111,,,,,A,NO PEDESTRIANS INVOLVED,12/9/2018 12:00:00 AM,A,22350,False,1.0,US-101 S/B,,,12/17/2018 7:32:03 AM,A,N,0.1,Yerba Buena Rd,M,,D,12/17/2018 7:32:36 AM,12/17/2018 7:32:36 AM,,True,2,,,,,,,
883944,9340-2018-06395,1,False,9340,12/7/2018 4:00:00 PM,1600,681,1368,4313,San Jose,43,True,True,C,REAR END,,Friday,NotApplicable,False,,,False,True,True,Santa Clara Superior,C,OTHER MOTOR VEHICLE,,0,0,CLEAR,, NO UNUSUAL CONDITIONS,, ,A,DAYLIGHT,37.4124,-121.8802,,,,,A,NO PEDESTRIANS INVOLVED,12/8/2018 12:00:00 AM,A,22350,False,1.0,I-680S/B FROM MONTAGUE EXPY,,,12/17/2018 7:24:50 AM,A,S,675.0,Montague Expy,F,,D,12/17/2018 7:25:24 AM,12/17/2018 7:25:24 AM,,True,2,,,,,,,
883939,9340-2018-06380,1,False,9340,12/7/2018 6:50:00 PM,1850,281,1368,4313,San Jose,43,True,True,C,REAR END,,Friday,NotApplicable,False,,,False,True,True,Santa Clara Superior,C,OTHER MOTOR VEHICLE,,1,0,CLEAR,, NO UNUSUAL CONDITIONS,, ,D,DARK-NO STREET LIGHTS,37.330141,-121.867822,,,,,A,NO PEDESTRIANS INVOLVED,12/7/2018 12:00:00 AM,A,22350,False,1.0,I-280 N/B,,,12/17/2018 7:23:07 AM,A,S,500.0,11th St,F,,D,12/17/2018 7:23:50 AM,12/17/2018 7:23:50 AM,,True,2,,,,,,,
883933,9340-2018-06362,1,False,9340,12/7/2018 2:40:00 AM,240,681,1368,4313,San Jose,43,True,True,E,HIT OBJECT,,Friday,Yes,False,,,False,True,True,Santa Clara Superior,J,OTHER OBJECT,TREE,0,0,CLOUDY,, NO UNUSUAL CONDITIONS,, ,D,DARK-NO STREET LIGHTS,37.22592,-121.51449,,,,,A,NO PEDESTRIANS INVOLVED,12/7/2018 12:00:00 AM,A,23152(a),True,1.0,I-680 S/B FROM BERRYESSA RD,,,12/17/2018 7:13:01 AM,A,S,350.0,Berryessa Rd,F,,D,12/17/2018 7:13:58 AM,12/17/2018 7:13:58 AM,,True,2,,,,,,,
883853,9340-2018-06394,1,False,9340,12/8/2018 6:00:00 PM,1800,110,1368,4313,San Jose,43,True,True,G,VEHICLE/PEDESTRAIN,,Saturday,NotApplicable,False,,,False,True,False,Santa Clara Superior,B,PEDESTRIAN,,1,0,CLEAR,, NO UNUSUAL CONDITIONS,, ,A,DAYLIGHT,37.35035,-121.86011,,,,,B,CROSSING IN CROSS WALK AT INTERSECTION,12/8/2018 12:00:00 AM,A,21950(a),False,1.0,US-101 N/B FROM ALUM ROCK AVE,,,12/16/2018 9:40:10 PM,A,N,15.0,Alum Rock Ave,F,,A,12/16/2018 9:41:01 PM,12/16/2018 9:41:01 PM,,True,2,,,,,,,
883496,9340-2018-06412,1,False,9340,12/9/2018 3:20:00 PM,1520,110,1368,4313,San Jose,43,True,True,B,SIDE SWIPE,,Sunday,Yes,False,,,False,True,True,Santa Clara Superior,C,OTHER MOTOR VEHICLE,,1,0,CLEAR,, NO UNUSUAL CONDITIONS,, ,A,DAYLIGHT,37.296829,-121.811126,,,,,A,NO PEDESTRIANS INVOLVED,12/9/2018 12:00:00 AM,A,22350,False,1.0,US101 S/B,,,12/14/2018 2:12:07 PM,A,N,2000.0,Yerba Buena Rd,F,,D,12/14/2018 2:12:52 PM,12/14/2018 2:12:52 PM,,True,2,,,,,,,
883443,9340-2018-06413,1,False,9340,12/9/2018 5:30:00 PM,1730,120,1368,4313,San Jose,43,True,True,C,REAR END,,Sunday,NotApplicable,False,,,False,True,True,Santa Clara Superior,C,OTHER MOTOR VEHICLE,,0,0,CLEAR,, NO UNUSUAL CONDITIONS,, ,C,DARK-STREET LIGHTS,37.37563,-121.93693,,,,,A,NO PEDESTRIANS INVOLVED,12/9/2018 12:00:00 AM,A,22350,False,1.0,US101 S/B,,,12/14/2018 1:41:07 PM,A,S,1400.0,Trimble Rd,F,,D,12/14/2018 1:42:04 PM,12/14/2018 1:42:04 PM,,True,2,,,,,,,
883404,9340-2018-06410,1,False,9340,12/9/2018 2:12:00 AM,212,172,1368,4313,San Jose,43,True,True,E,HIT OBJECT,,Sunday,Yes,True,,,False,True,True,Santa Clara Superior,I,FIXED OBJECT,CONCRETE DIVIDER,0,0,CLEAR,, NO UNUSUAL CONDITIONS,, ,D,DARK-NO STREET LIGHTS,37.314971,-121.940436,,,,,A,NO PEDESTRIANS INVOLVED,12/9/2018 12:00:00 AM,A,23152(f),True,1.0,SR-17 S/B,,,12/14/2018 1:14:01 PM,A,S,780.0,I-280,F,,D,12/14/2018 1:14:38 PM,12/14/2018 1:14:38 PM,,True,2,,,,,,,
883377,9340-2018-06400,1,False,9340,12/8/2018 7:35:00 PM,1935,110,1368,4313,San Jose,43,True,True,C,REAR END,,Saturday,Yes,False,,,False,True,True,Santa Clara Superior,C,OTHER MOTOR VEHICLE,,1,0,CLEAR,, NO UNUSUAL CONDITIONS,, ,D,DARK-NO STREET LIGHTS,37.319122,-121.891495,,,,,A,NO PEDESTRIANS INVOLVED,12/8/2018 12:00:00 AM,A,22350,False,1.0,US101 S/B,,,12/14/2018 12:55:59 PM,A,N,400.0,SR-87,F,,D,12/14/2018 12:56:32 PM,12/14/2018 12:56:32 PM,,True,2,,,,,,,
883375,9340-2018-06422,1,False,9340,12/9/2018 9:35:00 PM,2135,172,1368,4313,San Jose,43,True,True,C,REAR END,,Sunday,NotApplicable,False,,,False,True,False,Santa Clara Superior,C,OTHER MOTOR VEHICLE,,1,0,CLEAR,, NO UNUSUAL CONDITIONS,, ,D,DARK-NO STREET LIGHTS,37.3164,-121.9409,,,,,A,NO PEDESTRIANS INVOLVED,12/9/2018 12:00:00 AM,A,22350,False,2.0,SR-17 S/B TO I-280 S/B,,,12/14/2018 12:55:40 PM,A,S,2500.0,Stevens Creek Blvd,F,,D,12/14/2018 12:56:13 PM,12/14/2018 12:56:13 PM,,True,2,,,,,,,
883358,9340-2018-06352,1,False,9340,12/6/2018 1:40:00 PM,1340,110,1368,4313,San Jose,43,True,True,B,SIDE SWIPE,,Thursday,Yes,False,F,,False,True,True,Santa Clara Superior,C,OTHER MOTOR VEHICLE,,1,0,CLEAR,, NO UNUSUAL CONDITIONS,, ,A,DAYLIGHT,37.328508,-121.89166,,,,,A,NO PEDESTRIANS INVOLVED,12/6/2018 12:00:00 AM,A,21658(a),False,1.0,US-101 S/B,,,12/14/2018 12:41:16 PM,A,S,1000.0,Story Rd,F,,D,12/14/2018 12:41:57 PM,12/14/2018 12:41:57 PM,,True,2,,,,,,,
883340,9340-2018-06393,1,False,9340,12/8/2018 2:40:00 PM,1440,110,1368,4313,San Jose,43,True,True,C,REAR END,,Saturday,Yes,False,,,False,True,True,Santa Clara Superior,C,OTHER MOTOR VEHICLE,,0,0,CLEAR,, NO UNUSUAL CONDITIONS,, ,A,DAYLIGHT,37.35262,-121.86398,,,,,A,NO PEDESTRIANS INVOLVED,12/8/2018 12:00:00 AM,A,22350,False,1.0,US101 N/B TO MCKEE RD,,,12/14/2018 12:33:26 PM,A,N,1300.0,Alum Rock Ave,F,,D,12/14/2018 12:33:56 PM,12/14/2018 12:33:56 PM,,True,2,,,,,,,
883338,9340-2018-06389,1,False,9340,12/8/2018 11:10:00 AM,1110,120,1368,4313,San Jose,43,True,True,C,REAR END,,Saturday,NotApplicable,False,M,,False,True,False,Santa Clara Superior,C,OTHER MOTOR VEHICLE,,0,0,CLEAR,, NO UNUSUAL CONDITIONS,, ,A,DAYLIGHT,37.364553,-121.90184,,,,,A,NO PEDESTRIANS INVOLVED,12/8/2018 12:00:00 AM,A,22350,False,1.0,I-880 S/B,,,12/14/2018 12:32:55 PM,A,N,25.0,US101 N/B,F,,D,12/14/2018 12:33:25 PM,12/14/2018 12:33:25 PM,,True,2,,,,,,,
883292,9340-2018-06405,1,False,9340,12/8/2018 2:40:00 PM,1440,110,1368,4313,San Jose,43,True,True,B,SIDE SWIPE,,Saturday,NotApplicable,False,,,False,True,False,Santa Clara Superior,C,OTHER MOTOR VEHICLE,,0,0,CLEAR,, NO UNUSUAL CONDITIONS,, ,A,DAYLIGHT,37.35628,-121.86875,,,,,A,NO PEDESTRIANS INVOLVED,12/8/2018 12:00:00 AM,A,21755,False,1.0,US101 S/B,,,12/14/2018 11:55:54 AM,A,N,900.0,McKee Rd,F,,D,12/14/2018 11:56:35 AM,12/14/2018 11:56:35 AM,,True,2,,,,,,,
883287,9340-2018-06399,1,False,9340,12/8/2018 8:10:00 PM,2010,020,1368,4313,San Jose,43,True,True,B,SIDE SWIPE,,Saturday,NotApplicable,False,M,,False,False,False,Santa Clara Superior,E,PARKED MOTOR VEHICLE,,0,0,CLEAR,, NO UNUSUAL CONDITIONS,, ,D,DARK-NO STREET LIGHTS,37.36579,-121.82469,,,,,A,NO PEDESTRIANS INVOLVED,12/8/2018 12:00:00 AM,A,22107,False,1.0,Rose Ave,,,12/14/2018 11:53:50 AM,A,W,100.0,Millar Ave,F,,D,12/14/2018 11:54:28 AM,12/14/2018 11:54:28 AM,True,,2,,,,,,,
883285,9340-2018-06388,1,False,9340,12/8/2018 12:55:00 PM,1255,088,1368,4313,San Jose,43,True,True,C,REAR END,,Saturday,NotApplicable,False,,,False,True,False,Santa Clara Superior,C,OTHER MOTOR VEHICLE,,0,0,CLEAR,, NO UNUSUAL CONDITIONS,, ,A,DAYLIGHT,37.3589,-121.907,,,,,A,NO PEDESTRIANS INVOLVED,12/8/2018 12:00:00 AM,A,22350,False,1.0,I-880 N/B,,,12/14/2018 11:52:59 AM,A,S,10.0,N 1ST ST,F,,D,12/14/2018 11:53:33 AM,12/14/2018 11:53:33 AM,,True,2,,,,,,,
883276,9340-2018-06387,1,False,9340,12/8/2018 11:28:00 AM,1128,089,1368,4313,San Jose,43,True,True,C,REAR END,,Saturday,NotApplicable,False,,,False,True,False,Santa Clara Superior,C,OTHER MOTOR VEHICLE,,0,0,CLEAR,, NO UNUSUAL CONDITIONS,, ,A,DAYLIGHT,37.3701,-121.9019,,,,,A,NO PEDESTRIANS INVOLVED,12/8/2018 12:00:00 AM,A,22350,False,1.0,I-880 S/B,,,12/14/2018 11:49:23 AM,A,N,1500.0,US101,F,,D,12/14/2018 11:49:54 AM,12/14/2018 11:49:54 AM,,True,2,,,,,,,
883267,9340-2018-06397,1,False,9340,12/8/2018 3:50:00 PM,1550,681,1368,4313,San Jose,43,True,True,C,REAR END,,Saturday,NotApplicable,False,M,,False,True,False,Santa Clara Superior,C,OTHER MOTOR VEHICLE,,0,0,CLEAR,, NO UNUSUAL CONDITIONS,, ,A,DAYLIGHT,37.33311,-121.8463,,,,,A,NO PEDESTRIANS INVOLVED,12/8/2018 12:00:00 AM,A,22350,False,1.0,US-101 S/B FROM I-680,,,12/14/2018 11:42:31 AM,A,S,1100.0,Story Rd,F,,D,12/14/2018 11:43:09 AM,12/14/2018 11:43:09 AM,,True,2,,,,,,,