Collision Id,	Report Number,	Report Version,	Is Preliminary,	NCIC Code,Crash Date Time,	Crash Time Description,	Beat,City Id,	City Code,	City Name,County Code,	City Is Active,	City Is Incorporated,	Collision Type Code,Collision Type Description,	Collision Type Other Desc,	Day Of Week,	DispatchNotified,	HasPhotographs,	HitRun,	IsAttachmentsMailed,	IsDeleted,	IsHighwayRelated,	IsTowAway,	JudicialDistrict,	MotorVehicleInvolvedWithCode,	MotorVehicleInvolvedWithDesc,MotorVehicleInvolvedWithOtherDesc,	NumberInjured,	NumberKilled,Weather 1, Weather 2, Road Condition 1, Road Condition 2, Special Condition,LightingCode, LightingDescription,Latitude,Longitude,MilepostDirection,MilepostDistance,MilepostMarker,MilepostUnitOfMeasure,	PedestrianActionCode,PedestrianActionDesc,PreparedDate,	Primary Collision Factor Code,Primary Collision Factor Violation,PrimaryCollisionFactorIsCited,	PrimaryCollisionPartyNumber,	PrimaryRoad,	ReportingDistrict,	ReportingDistrictCode,ReviewedDate,	RoadwaySurfaceCode,SecondaryDirection,	SecondaryDistance,	SecondaryRoad,	SecondaryUnitOfMeasure,	SketchDesc,	TrafficControlDeviceCode,CreatedDate,	ModifiedDate,IsCountyRoad,IsFreeway,CHP555Version,	IsAdditonalObjectStruck,NotificationDate,	NotificationTimeDescription,	HasDigitalMediaFiles,	EvidenceNumber,	IsLocationReferToNarrative,	IsAOIOneSameAsLocation
3290067,2018-180320807,2,False,4313,2/1/2018 3:00:00 PM,1500,M1,1368,4313,San Jose,43,True,True,G,VEHICLE/PEDESTRAIN,,Thursday,,,F,,False,False,False,,B,PEDESTRIAN,,1,0,CLEAR,, NO UNUSUAL CONDITIONS - NO UNUSUAL CONDITIONS,, ,A,DAYLIGHT,37.21475,-121.5121,,,,,F,NOT IN ROAD,,A,22350,,2.0,EDUCATIONAL PARK DR,FOOTH,,,A,,,RYEGATE CT,,,,8/2/2024 9:26:02 AM,2/3/2025 11:38:01 AM,,,2,,,,,,,
3290064,2018-180290756,2,False,4313,1/29/2018 6:50:00 PM,1850,Y5,1368,4313,San Jose,43,True,True,B,SIDE SWIPE,,Monday,,,,,False,True,False,,C,OTHER MOTOR VEHICLE,,1,0,CLEAR,, NO UNUSUAL CONDITIONS - NO UNUSUAL CONDITIONS,, ,C,DARK-STREET LIGHTS,89.53522,-166.29119,,,,,A,NO PEDESTRIANS INVOLVED,,A,22350,,1.0,BERNAL RD,SOUTH,,,A,,,RT 101,,,A,8/2/2024 9:26:01 AM,2/3/2025 11:38:01 AM,,,2,,,,,,,
3290063,2018-180200462,2,False,4313,1/20/2018 1:47:00 PM,1347,N6,1368,4313,San Jose,43,True,True,A,HEAD-ON,,Saturday,,,,,False,False,True,,C,OTHER MOTOR VEHICLE,,2,0,CLEAR,, NO UNUSUAL CONDITIONS - NO UNUSUAL CONDITIONS,, ,A,DAYLIGHT,37.17422,-121.59173,,,,,A,NO PEDESTRIANS INVOLVED,,A,22350,,1.0,SARATOGA AV,NORA,,,A,,,ATHERTON AV,,,A,8/2/2024 9:26:01 AM,2/3/2025 11:38:01 AM,,,2,,,,,,,
3290061,2018-180320773,2,False,4313,2/1/2018 6:32:00 PM,1832,M4,1368,4313,San Jose,43,True,True,D,BROADSIDE,,Thursday,,,F,,False,False,False,,C,OTHER MOTOR VEHICLE,,1,0,CLEAR,, ,, ,C,DARK-STREET LIGHTS,,,,,,,A,NO PEDESTRIANS INVOLVED,,A,22350A,,1.0,S KING RD,MARY,,,A,,,LAVONNE AV,,,A,8/2/2024 9:26:01 AM,2/3/2025 11:38:01 AM,,,2,,,,,,,
3290058,2018-180330049,2,False,4313,2/2/2018 1:50:00 AM,150,N3,1368,4313,San Jose,43,True,True,B,SIDE SWIPE,,Friday,,,F,,False,True,True,,C,OTHER MOTOR VEHICLE,,2,0,CLEAR,, NO UNUSUAL CONDITIONS - NO UNUSUAL CONDITIONS,, ,C,DARK-STREET LIGHTS,37.18573,-121.58333,,,,,A,NO PEDESTRIANS INVOLVED,,B,,,1.0,SARATOGA AV,WESTE,,,A,S,12.0,RT 280,F,,A,8/2/2024 9:26:00 AM,2/3/2025 11:38:01 AM,,,2,,,,,,,
3290057,2018-180290184,2,False,4313,1/29/2018 7:32:00 AM,732,C1,1368,4313,San Jose,43,True,True,G,VEHICLE/PEDESTRAIN,,Monday,,,F,,False,False,False,,B,PEDESTRIAN,,1,0,CLEAR,, ,, ,A,DAYLIGHT,,,,,,,B,CROSSING IN CROSS WALK AT INTERSECTION,,A,21950A,,1.0,LIDO WY,FOOTH,,,A,,,MCCREERY AV,,,A,8/2/2024 9:26:00 AM,2/3/2025 11:38:01 AM,,,2,,,,,,,
3290054,2018-180290163,2,False,4313,1/29/2018 6:30:00 AM,630,2,1368,4313,San Jose,43,True,True,B,SIDE SWIPE,,Monday,,,F,,False,False,True,,C,OTHER MOTOR VEHICLE,,4,0,CLEAR,, NO UNUSUAL CONDITIONS - NO UNUSUAL CONDITIONS,, ,A,DAYLIGHT,37.23145,-121.53965,,,,,A,NO PEDESTRIANS INVOLVED,,A,21453A,,1.0,LUNDY AV,ROBER,,,A,,,MURPHY AV,,,A,8/2/2024 9:25:59 AM,2/3/2025 11:38:00 AM,,,2,,,,,,,
3290053,2018-180320473,2,False,4313,2/1/2018 1:22:00 PM,1322,5,1368,4313,San Jose,43,True,True,C,REAR END,,Thursday,,,,,False,False,True,,C,OTHER MOTOR VEHICLE,,1,0,CLEAR,, NO UNUSUAL CONDITIONS - NO UNUSUAL CONDITIONS,, ,A,DAYLIGHT,,,,,,,A,NO PEDESTRIANS INVOLVED,,A,22350,,1.0,ALUM ROCK AV,MARY,,,A,,,MONTE VERANO CT,,,D,8/2/2024 9:25:59 AM,2/3/2025 11:38:00 AM,,,2,,,,,,,
3290050,2018-180320496,2,False,4313,2/1/2018 1:43:00 PM,1343,V2,1368,4313,San Jose,43,True,True,G,VEHICLE/PEDESTRAIN,,Thursday,,,,,False,False,False,,B,PEDESTRIAN,,1,0,CLEAR,, NO UNUSUAL CONDITIONS - NO UNUSUAL CONDITIONS,, ,A,DAYLIGHT,37.21586,-121.53414,,,,,B,CROSSING IN CROSS WALK AT INTERSECTION,,A,21950A,,1.0,E TAYLOR ST,DV,,,A,,,N 6TH ST,,,A,8/2/2024 9:25:58 AM,2/3/2025 11:38:00 AM,,,2,,,,,,,
3290049,2018-180280771,2,False,4313,1/28/2018 7:20:00 PM,1920,S4,1368,4313,San Jose,43,True,True,D,BROADSIDE,,Sunday,,,F,,False,False,False,,G,BICYCLE,,1,0,CLOUDY,, ,, ,C,DARK-STREET LIGHTS,37.17398,-121.54346,,,,,A,NO PEDESTRIANS INVOLVED,,A,21804A,,1.0,HAMILTON AV,WESTE,,,A,W,150.0,HAMILTON WY,F,,A,8/2/2024 9:25:58 AM,2/3/2025 11:38:00 AM,,,2,,,,,,,
3290046,2018-180330373,2,False,4313,2/2/2018 11:34:00 AM,1134,X5,1368,4313,San Jose,43,True,True,H,OTHER,,Friday,,,,,False,False,False,,G,BICYCLE,,1,0,CLEAR,, NO UNUSUAL CONDITIONS - NO UNUSUAL CONDITIONS,, ,A,DAYLIGHT,,,,,,,B,CROSSING IN CROSS WALK AT INTERSECTION,,A,21950A,,1.0,COYOTE RD,SOUTH,,,A,W,24.0,BRODERICK DR,F,,D,8/2/2024 9:25:57 AM,2/3/2025 11:38:00 AM,,,2,,,,,,,
3290045,2018-180270908,2,False,4313,1/27/2018 9:50:00 PM,2150,L2,1368,4313,San Jose,43,True,True,C,REAR END,,Saturday,,,,,False,False,False,,C,OTHER MOTOR VEHICLE,,1,0,CLEAR,, NO UNUSUAL CONDITIONS - NO UNUSUAL CONDITIONS,, ,C,DARK-STREET LIGHTS,,,,,,,A,NO PEDESTRIANS INVOLVED,,A,22350,,1.0,STORY RD,WESTE,,,A,,,LUCRETIA AV,,,A,8/2/2024 9:25:57 AM,2/3/2025 11:38:00 AM,,,2,,,,,,,
3290043,2018-180340732,2,False,4313,2/3/2018 6:43:00 PM,1843,F5,1368,4313,San Jose,43,True,True,,,,Saturday,,,,,False,False,True,,C,OTHER MOTOR VEHICLE,,4,0,CLEAR,, NO UNUSUAL CONDITIONS - NO UNUSUAL CONDITIONS,, ,C,DARK-STREET LIGHTS,,,,,,,A,NO PEDESTRIANS INVOLVED,,A,21453A,,1.0,W SAN CARLOS AV,DF,,,A,,,LEIGH AV,,,A,8/2/2024 9:25:57 AM,2/3/2025 11:37:59 AM,,,2,,,,,,,
3290039,2018-180350811,2,False,4313,2/4/2018 8:39:00 PM,2039,1,1368,4313,San Jose,43,True,True,A,HEAD-ON,,Sunday,,,,,False,False,True,,I,FIXED OBJECT,,1,0,CLEAR,, NO UNUSUAL CONDITIONS - NO UNUSUAL CONDITIONS,, ,C,DARK-STREET LIGHTS,,,,,,,A,NO PEDESTRIANS INVOLVED,,A,22107,,1.0,SOUTHWEST EXPWY,SAM,,,A,,,STOKES ST,,,A,8/2/2024 9:25:56 AM,2/3/2025 11:37:59 AM,,,2,,,,,,,
3309246,2018-180320173,2,False,4313,2/1/2018 8:52:00 AM,852,T2,1368,4313,San Jose,43,True,True,,,,Thursday,,,,,False,False,False,,G,BICYCLE,,1,0,CLEAR,, NO UNUSUAL CONDITIONS - NO UNUSUAL CONDITIONS,, ,A,DAYLIGHT,,,,,,,A,NO PEDESTRIANS INVOLVED,,A,216501,,1.0,UNION AV,SOUTH,,,A,,,DRY CREEK RD,,,A,8/2/2024 10:47:21 AM,2/3/2025 12:10:28 PM,,,2,,,,,,,
3309237,2018-180400203,2,False,4313,2/9/2018 8:10:00 AM,810,T2,1368,4313,San Jose,43,True,True,G,VEHICLE/PEDESTRAIN,,Friday,,,,,False,False,False,,G,BICYCLE,,1,0,CLEAR,, NO UNUSUAL CONDITIONS - NO UNUSUAL CONDITIONS,, ,A,DAYLIGHT,,,,,,,A,NO PEDESTRIANS INVOLVED,,A,21804,,1.0,MAYKIRK RD,SOUTH,,,A,,,MERIDIAN AV,,,A,8/2/2024 10:47:20 AM,2/3/2025 12:10:27 PM,,,2,,,,,,,
3309233,2018-180400144,2,False,4313,2/9/2018 6:40:00 AM,640,Y5,1368,4313,San Jose,43,True,True,C,REAR END,,Friday,,,,,False,False,True,,C,OTHER MOTOR VEHICLE,,1,0,CLEAR,, NO UNUSUAL CONDITIONS - NO UNUSUAL CONDITIONS,, ,B,DUSK-DAWN,37.1591,-121.47498,,,,,A,NO PEDESTRIANS INVOLVED,,A,22350,,,MONTEREY RD,SOUTH,,,,,,FORD RD,,,A,8/2/2024 10:47:20 AM,2/3/2025 12:10:27 PM,,,2,,,,,,,
3309229,2018-180420107,2,False,4313,2/11/2018 2:00:00 AM,200,EDWARD,1368,4313,San Jose,43,True,True,A,HEAD-ON,,Sunday,,,,,False,False,False,,G,BICYCLE,,1,0,CLEAR,, ,, ,,,37.19553,-121.53951,,,,,A,NO PEDESTRIANS INVOLVED,,A,21201D,,2.0,S 2ND ST,CENTR,,,A,,,E SAN CARLOS ST,,,A,8/2/2024 10:47:19 AM,2/3/2025 12:10:27 PM,,,2,,,,,,,
3309225,2018-180471132,2,False,4313,2/16/2018 9:53:00 PM,2153,M1,1368,4313,San Jose,43,True,True,D,BROADSIDE,,Friday,,,,,False,False,True,,C,OTHER MOTOR VEHICLE,,1,0,CLEAR,, NO UNUSUAL CONDITIONS - NO UNUSUAL CONDITIONS,, ,C,DARK-STREET LIGHTS,,,,,,,A,NO PEDESTRIANS INVOLVED,,D,,,,MCKEE RD,MARY,,,A,,,CHECKERS DR,,,A,8/2/2024 10:47:19 AM,2/3/2025 12:10:26 PM,,,2,,,,,,,
3309221,2018-180460241,2,False,4313,2/15/2018 9:06:00 AM,906,P1,1368,4313,San Jose,43,True,True,A,HEAD-ON,,Thursday,,,,,False,False,True,,C,OTHER MOTOR VEHICLE,,1,0,CLEAR,, NO UNUSUAL CONDITIONS - NO UNUSUAL CONDITIONS,, ,A,DAYLIGHT,37.19259,-121.48302,,,,,A,NO PEDESTRIANS INVOLVED,,A,21453A,,1.0,QUIMBY RD,FOOTH,,,A,,,E CAPITOL EX,,,A,8/2/2024 10:47:18 AM,2/3/2025 12:10:26 PM,,,2,,,,,,,
3309218,2018-180490030,2,False,4313,2/18/2018 12:31:00 AM,31,F5,1368,4313,San Jose,43,True,True,,,,Sunday,,,,,False,False,False,,C,OTHER MOTOR VEHICLE,,4,0,CLEAR,, ,, ,C,DARK-STREET LIGHTS,37.19239,-121.53572,,,,,A,NO PEDESTRIANS INVOLVED,,A,21801A,,1.0,BIRD AV,FRANK,,,A,,,AUZERAIS AV,,,A,8/2/2024 10:47:18 AM,2/3/2025 12:10:26 PM,,,2,,,,,,,
3309217,2018-180290218,2,False,4313,1/29/2018 8:29:00 AM,829,4,1368,4313,San Jose,43,True,True,D,BROADSIDE,,Monday,,,,,False,False,False,,G,BICYCLE,,1,0,CLEAR,, NO UNUSUAL CONDITIONS - NO UNUSUAL CONDITIONS,, ,A,DAYLIGHT,37.18319,-121.47578,,,,,A,NO PEDESTRIANS INVOLVED,,A,22350,,1.0,NIEMAN BL,PAUL,,,A,,,DANIEL MALONEY DR,,,A,8/2/2024 10:47:18 AM,2/3/2025 12:10:25 PM,,,2,,,,,,,
3309190,2018-180620229,2,False,4313,3/3/2018 8:11:00 AM,811,V2,1368,4313,San Jose,43,True,True,B,SIDE SWIPE,,Saturday,,,F,,False,False,False,,B,PEDESTRIAN,,1,0,CLEAR,, NO UNUSUAL CONDITIONS - NO UNUSUAL CONDITIONS,, ,A,DAYLIGHT,37.21122,-121.54123,,,,,,,,A,20001,,1.0,E HEDDING ST,CENTR,,,B,,,N 1ST ST,,,A,8/2/2024 10:47:16 AM,2/3/2025 12:10:23 PM,,,2,,,,,,,
3309150,2018-180510730,2,False,4313,2/20/2018 5:38:00 PM,1738,L4,1368,4313,San Jose,43,True,True,H,OTHER,,Tuesday,,,,,False,False,False,,A,NON-COLLISION,,1,0,CLEAR,, NO UNUSUAL CONDITIONS - NO UNUSUAL CONDITIONS,, ,B,DUSK-DAWN,37.18287,-121.50514,,,,,A,NO PEDESTRIANS INVOLVED,,A,21703,,1.0,TULLY RD,DL,,,A,W,10.0,SENTER RD,F,,D,8/2/2024 10:47:13 AM,2/3/2025 12:10:19 PM,,,2,,,,,,,
3309148,2018-180510290,2,False,4313,2/20/2018 9:39:00 AM,939,R4,1368,4313,San Jose,43,True,True,B,SIDE SWIPE,,Tuesday,,,,,False,False,True,,C,OTHER MOTOR VEHICLE,,1,0,CLEAR,, NO UNUSUAL CONDITIONS - NO UNUSUAL CONDITIONS,, ,A,DAYLIGHT,32.72235,-121.52454,,,,,A,NO PEDESTRIANS INVOLVED,,A,22107,,1.0,BRIARCREST CT,ROBER,,,A,,,BRIARCREST DR,,,D,8/2/2024 10:47:12 AM,2/3/2025 12:10:19 PM,,,2,,,,,,,
3309104,2018-180520553,2,False,4313,2/21/2018 2:35:00 PM,1435,W4,1368,4313,San Jose,43,True,True,C,REAR END,,Wednesday,,,,,False,False,False,,,,,1,0,CLEAR,, NO UNUSUAL CONDITIONS - NO UNUSUAL CONDITIONS,, ,A,DAYLIGHT,37.22122,-121.49538,,,,,A,NO PEDESTRIANS INVOLVED,,A,22350,,1.0,N WHITE RD,DW,,,A,S,25.0,MADELINE DR,F,,,8/2/2024 10:47:09 AM,2/3/2025 12:10:14 PM,,,2,,,,,,,
3308847,2018-180500456,2,False,4313,2/19/2018 2:05:00 PM,1405,,1368,4313,San Jose,43,True,True,,,,Monday,,,,,False,False,True,,C,OTHER MOTOR VEHICLE,,2,0,CLOUDY,, NO UNUSUAL CONDITIONS - NO UNUSUAL CONDITIONS,, ,A,DAYLIGHT,,,,,,,A,NO PEDESTRIANS INVOLVED,,A,21453A,,1.0,SENTER RD,L4,,,A,,,UMBARGER RD,,,A,8/2/2024 10:46:49 AM,2/3/2025 12:09:49 PM,,,2,,,,,,,
3308844,2018-180580758,2,False,4313,2/27/2018 6:41:00 PM,1841,E4,1368,4313,San Jose,43,True,True,H,OTHER,,Tuesday,,,,,False,False,False,,G,BICYCLE,,1,0,CLEAR,, NO UNUSUAL CONDITIONS - NO UNUSUAL CONDITIONS,, ,C,DARK-STREET LIGHTS,,,,,,,A,NO PEDESTRIANS INVOLVED,,A,21658A,,1.0,REED,CENTR,,,A,,,1ST ST,,,A,8/2/2024 10:46:49 AM,2/3/2025 12:09:49 PM,,,2,,,,,,,
3308841,2018-180580824,2,False,4313,2/27/2018 8:04:00 PM,2004,Y5,1368,4313,San Jose,43,True,True,A,HEAD-ON,,Tuesday,,,,,False,False,True,,I,FIXED OBJECT,,1,0,CLEAR,, NO UNUSUAL CONDITIONS - NO UNUSUAL CONDITIONS,, ,C,DARK-STREET LIGHTS,,,,,,,A,NO PEDESTRIANS INVOLVED,,A,21658A,,1.0,MONTEREY HWY,SOUTH,,,A,,,PALM AV,,,A,8/2/2024 10:46:48 AM,2/3/2025 12:09:49 PM,,,2,,,,,,,
3308840,2018-180260546,2,False,4313,1/26/2018 2:25:00 PM,1425,N2,1368,4313,San Jose,43,True,True,C,REAR END,,Friday,,,,,False,False,True,,C,OTHER MOTOR VEHICLE,,1,0,CLEAR,, NO UNUSUAL CONDITIONS - NO UNUSUAL CONDITIONS,, ,A,DAYLIGHT,37.19228,-122.0365,,,,,A,NO PEDESTRIANS INVOLVED,,A,22350,,1.0,STEVENS CREEK BL,WESTE,,,A,W,213.0,CALVERT DR,F,,D,8/2/2024 10:46:48 AM,2/3/2025 12:09:49 PM,,,2,,,,,,,
3308838,2018-18058739,2,False,4313,2/27/2018 6:20:00 PM,1820,L6,1368,4313,San Jose,43,True,True,D,BROADSIDE,,Tuesday,,,F,,False,False,True,,C,OTHER MOTOR VEHICLE,,1,0,CLOUDY,, NO UNUSUAL CONDITIONS - NO UNUSUAL CONDITIONS,, ,C,DARK-STREET LIGHTS,37.17571,-121.49905,,,,,A,NO PEDESTRIANS INVOLVED,,A,21801A,,1.0,MCLAUGHLIN AV,WEST,,,A,,,BRANDYBUCK WY,,,A,8/2/2024 10:46:48 AM,2/3/2025 12:09:49 PM,,,2,,,,,,,
3308835,2018-180500314,2,False,4313,2/19/2018 11:20:00 AM,1120,X3,1368,4313,San Jose,43,True,True,,,,Monday,,,,,False,False,False,,,,,1,0,CLEAR,, NO UNUSUAL CONDITIONS - NO UNUSUAL CONDITIONS,, ,A,DAYLIGHT,37.16405,-121.50631,,,,,,,,A,21804A,,1.0,SENTER RD,XRAY,,,A,W,29.0,LIGHT POLE  #16P190,F,,,8/2/2024 10:46:48 AM,2/3/2025 12:09:48 PM,,,2,,,,,,,
3308832,2018-180590620,2,False,4313,2/28/2018 3:27:00 PM,1527,M1,1368,4313,San Jose,43,True,True,D,BROADSIDE,,Wednesday,,,,,False,False,True,,D,MOTOR VEHICLE ON OTHER ROADWAY,,1,0,CLOUDY,, NO UNUSUAL CONDITIONS - NO UNUSUAL CONDITIONS,, ,A,DAYLIGHT,37.21524,-121.51408,,,,,A,NO PEDESTRIANS INVOLVED,,A,21801A,,1.0,MCKEE RD,FOOTH,,,A,,,LUDLOW WY,,,D,8/2/2024 10:46:48 AM,2/3/2025 12:09:48 PM,,,2,,,,,,,
3308829,2018-180560138,2,False,4313,2/25/2018 3:12:00 AM,312,X2,1368,4313,San Jose,43,True,True,A,HEAD-ON,,Sunday,,,,,False,False,True,,I,FIXED OBJECT,,1,0,CLEAR,, ,, ,C,DARK-STREET LIGHTS,,,,,,,A,NO PEDESTRIANS INVOLVED,,A,21651B,,1.0,E CAPITOL EXPWY,XRAY,,,A,,,SEVEN TREES BL,,,D,8/2/2024 10:46:47 AM,2/3/2025 12:09:48 PM,,,2,,,,,,,
3308826,2018-180590949,2,False,4313,2/28/2018 9:52:00 PM,2152,M3,1368,4313,San Jose,43,True,True,G,VEHICLE/PEDESTRAIN,,Wednesday,,,,,False,False,False,,B,PEDESTRIAN,,1,0,CLEAR,, NO UNUSUAL CONDITIONS - NO UNUSUAL CONDITIONS,, ,C,DARK-STREET LIGHTS,37.20418,-121.50525,,,,,D,CROSSING - NOT IN CROSSWALK,,A,12500A,,1.0,VIRGINIA AV,FOOTH,,,A,,,S KING RD,,,D,8/2/2024 10:46:47 AM,2/3/2025 12:09:47 PM,,,2,,,,,,,
3308823,2018-180520777,2,False,4313,2/21/2018 6:57:00 PM,1857,X1,1368,4313,San Jose,43,True,True,C,REAR END,,Wednesday,,,,,False,False,False,,C,OTHER MOTOR VEHICLE,,1,0,CLEAR,, NO UNUSUAL CONDITIONS - NO UNUSUAL CONDITIONS,, ,C,DARK-STREET LIGHTS,,,,,,,,,,A,22350,,1.0,CAPITOL EXPWY,DX,,,A,E,28.0,COPPERFIELD DR,F,,A,8/2/2024 10:46:47 AM,2/3/2025 12:09:47 PM,,,2,,,,,,,
3308820,2018-180520625,2,False,4313,2/21/2018 3:47:00 PM,1547,R5,1368,4313,San Jose,43,True,True,B,SIDE SWIPE,,Wednesday,,,,,False,False,True,,E,PARKED MOTOR VEHICLE,,1,0,CLEAR,, NO UNUSUAL CONDITIONS - NO UNUSUAL CONDITIONS,, ,A,DAYLIGHT,34.22441,-119.18305,,,,,A,NO PEDESTRIANS INVOLVED,,A,22350,,1.0,BEAVER CREEK WY,DR,,,A,,,SOUTHGROVE LN,,,,8/2/2024 10:46:47 AM,2/3/2025 12:09:47 PM,,,2,,,,,,,
3308817,2018-180270778,2,False,4313,1/27/2018 7:42:00 PM,1942,X4,1368,4313,San Jose,43,True,True,C,REAR END,,Saturday,,,,,False,False,True,,C,OTHER MOTOR VEHICLE,,3,0,CLEAR,, NO UNUSUAL CONDITIONS - NO UNUSUAL CONDITIONS,, ,C,DARK-STREET LIGHTS,,,,,,,A,NO PEDESTRIANS INVOLVED,,A,22350,,1.0,SNELL AV,XRAY,,,A,,,BLOSSOM HILL RD,,,A,8/2/2024 10:46:47 AM,2/3/2025 12:09:46 PM,,,2,,,,,,,
3308814,2018-180630849,2,False,4313,3/4/2018 9:09:00 PM,2109,C6,1368,4313,San Jose,43,True,True,E,HIT OBJECT,,Sunday,,,F,,False,False,True,,I,FIXED OBJECT,,1,0,CLEAR,, NO UNUSUAL CONDITIONS - NO UNUSUAL CONDITIONS,, ,C,DARK-STREET LIGHTS,,,,,,,A,NO PEDESTRIANS INVOLVED,,A,23109C,,1.0,MT PLEASANT RD,CHARL,,,A,,,COLUMBINE DR,,,D,8/2/2024 10:46:46 AM,2/3/2025 12:09:46 PM,,,2,,,,,,,
3308811,2018-180620456,2,False,4313,3/3/2018 1:07:00 PM,1307,Y2,1368,4313,San Jose,43,True,True,A,HEAD-ON,,Saturday,,,F,,False,False,True,,C,OTHER MOTOR VEHICLE,,1,0,CLOUDY,RAINING, NO UNUSUAL CONDITIONS - NO UNUSUAL CONDITIONS,, ,A,DAYLIGHT,37.15316,-121.49511,,,,,A,NO PEDESTRIANS INVOLVED,,A,23152,,1.0,SNELL AV,SOUTH,,,B,,,CHYNOWETH AV,,,A,8/2/2024 10:46:46 AM,2/3/2025 12:09:46 PM,,,2,,,,,,,
3308793,2018-180590433,2,False,4313,2/28/2018 11:50:00 AM,1150,E2,1368,4313,San Jose,43,True,True,G,VEHICLE/PEDESTRAIN,,Wednesday,,,F,,False,False,False,,B,PEDESTRIAN,,1,0,CLEAR,, NO UNUSUAL CONDITIONS - NO UNUSUAL CONDITIONS,, ,A,DAYLIGHT,34.20342,-119.20249,,,,,B,CROSSING IN CROSS WALK AT INTERSECTION,,A,21950A,,1.0,N 3RD ST,EDWAR,,,A,,,E JULIAN ST,,,A,8/2/2024 10:46:44 AM,2/3/2025 12:09:44 PM,,,2,,,,,,,
3308788,2018-180540715,2,False,4313,2/23/2018 5:15:00 PM,1715,4,1368,4313,San Jose,43,True,True,E,HIT OBJECT,,Friday,,,,,False,False,True,,,,,1,0,CLEAR,, NO UNUSUAL CONDITIONS - NO UNUSUAL CONDITIONS,, ,B,DUSK-DAWN,,,,,,,A,NO PEDESTRIANS INVOLVED,,A,21460,,1.0,BIRD AV,SAM,,,A,,,CRISTINA AV,,,A,8/2/2024 10:46:44 AM,2/3/2025 12:09:44 PM,,,2,,,,,,,
3308113,2018-180620269,2,False,4313,3/3/2018 9:30:00 AM,930,N2,1368,4313,San Jose,43,True,True,A,HEAD-ON,,Saturday,,,,,False,False,False,,C,OTHER MOTOR VEHICLE,,1,0,CLOUDY,, NO UNUSUAL CONDITIONS - NO UNUSUAL CONDITIONS,, ,A,DAYLIGHT,,,,,,,A,NO PEDESTRIANS INVOLVED,,A,23153,,1.0,KIELY BL,NORA,,,A,W,15.0,SARATOGA AV,F,,,8/2/2024 10:45:49 AM,2/3/2025 12:08:30 PM,,,2,,,,,,,
3308112,2018-180400840,2,False,4313,2/9/2018 5:45:00 PM,1745,3,1368,4313,San Jose,43,True,True,,,,Friday,,,,,False,True,False,,G,BICYCLE,,1,0,CLEAR,, NO UNUSUAL CONDITIONS - NO UNUSUAL CONDITIONS,, ,A,DAYLIGHT,,,,,,,A,NO PEDESTRIANS INVOLVED,,A,21954,,1.0,THE ALAMEDA,FRANK,,,A,,,MCKENDRIE ST,,,A,8/2/2024 10:45:49 AM,2/3/2025 12:08:30 PM,,,2,,,,,,,
3308056,2018-180400207,2,False,4313,2/9/2018 8:16:00 AM,816,5,1368,4313,San Jose,43,True,True,D,BROADSIDE,,Friday,,,,,False,False,False,,G,BICYCLE,,1,0,CLEAR,, ,, ,A,DAYLIGHT,,,,,,,A,NO PEDESTRIANS INVOLVED,,A,22107,,1.0,VINTAGE ACRES WY,PAUL,,,A,,,RUBY AV,,,A,8/2/2024 10:45:44 AM,2/3/2025 12:08:25 PM,,,2,,,,,,,
3307967,2018-180470743,2,False,4313,2/16/2018 3:56:00 PM,1556,T4,1368,4313,San Jose,43,True,True,D,BROADSIDE,,Friday,,,,,False,False,True,,C,OTHER MOTOR VEHICLE,,1,0,CLEAR,, NO UNUSUAL CONDITIONS - NO UNUSUAL CONDITIONS,, ,A,DAYLIGHT,,,,,,,,,,A,22107,,1.0,HILLSDALE,,,,A,,,GAVOTA AV,,,D,8/2/2024 10:45:37 AM,2/3/2025 12:08:16 PM,,,2,,,,,,,
3307963,2018-180440872,2,False,4313,2/13/2018 7:35:00 PM,1935,E3,1368,4313,San Jose,43,True,True,D,BROADSIDE,,Tuesday,,,,,False,False,True,,C,OTHER MOTOR VEHICLE,,1,0,CLEAR,, NO UNUSUAL CONDITIONS - NO UNUSUAL CONDITIONS,, ,C,DARK-STREET LIGHTS,37.20121,-121.53221,,,,,A,NO PEDESTRIANS INVOLVED,,A,21453A,,1.0,E SANTA CLARA ST,EDWAR,,,A,,,S 2ND ST,,,A,8/2/2024 10:45:37 AM,2/3/2025 12:08:15 PM,,,2,,,,,,,
3307170,2018-180710732,2,False,4313,3/12/2018 5:18:00 PM,1718,K6,1368,4313,San Jose,43,True,True,,,,Monday,,,,,False,True,False,,C,OTHER MOTOR VEHICLE,,1,0,RAINING,, NO UNUSUAL CONDITIONS - NO UNUSUAL CONDITIONS,, ,B,DUSK-DAWN,37.1944,-121.52165,,,,,A,NO PEDESTRIANS INVOLVED,,A,22350,,1.0,S 11TH ST,CENTR,,,B,,,RT 280,,,D,8/2/2024 10:44:32 AM,2/3/2025 12:06:56 PM,,,2,,,,,,,
3307166,2018-180740140,2,False,4313,3/15/2018 6:49:00 AM,649,S4,1368,4313,San Jose,43,True,True,H,OTHER,,Thursday,,,,,False,False,False,,G,BICYCLE,,1,0,CLOUDY,, NO UNUSUAL CONDITIONS - NO UNUSUAL CONDITIONS,, ,C,DARK-STREET LIGHTS,37.18314,-121.53198,,,,,,,,A,21650,,1.0,MINNESOTA AV,WESTE,,,B,,,WHITEHURST CT,,,A,8/2/2024 10:44:32 AM,2/3/2025 12:06:55 PM,,,2,,,,,,,
3306610,2018-180570454,2,False,4313,2/26/2018 11:57:00 AM,1157,M4,1368,4313,San Jose,43,True,True,C,REAR END,,Monday,,,,,False,False,False,,C,OTHER MOTOR VEHICLE,,1,0,CLOUDY,RAINING, NO UNUSUAL CONDITIONS - NO UNUSUAL CONDITIONS,, ,A,DAYLIGHT,37.20442,-121.50549,,,,,A,NO PEDESTRIANS INVOLVED,,A,22350,,1.0,S KING RD,DM,,,B,,,VOLLMER WY,,,A,8/2/2024 10:43:46 AM,2/3/2025 12:05:53 PM,,,2,,,,,,,