Collision Id,	Report Number,	Report Version,	Is Preliminary,	NCIC Code,Crash Date Time,	Crash Time Description,	Beat,City Id,	City Code,	City Name,County Code,	City Is Active,	City Is Incorporated,	Collision Type Code,Collision Type Description,	Collision Type Other Desc,	Day Of Week,	DispatchNotified,	HasPhotographs,	HitRun,	IsAttachmentsMailed,	IsDeleted,	IsHighwayRelated,	IsTowAway,	JudicialDistrict,	MotorVehicleInvolvedWithCode,	MotorVehicleInvolvedWithDesc,MotorVehicleInvolvedWithOtherDesc,	NumberInjured,	NumberKilled,Weather 1, Weather 2, Road Condition 1, Road Condition 2, Special Condition,LightingCode, LightingDescription,Latitude,Longitude,MilepostDirection,MilepostDistance,MilepostMarker,MilepostUnitOfMeasure,	PedestrianActionCode,PedestrianActionDesc,PreparedDate,	Primary Collision Factor Code,Primary Collision Factor Violation,PrimaryCollisionFactorIsCited,	PrimaryCollisionPartyNumber,	PrimaryRoad,	ReportingDistrict,	ReportingDistrictCode,ReviewedDate,	RoadwaySurfaceCode,SecondaryDirection,	SecondaryDistance,	SecondaryRoad,	SecondaryUnitOfMeasure,	SketchDesc,	TrafficControlDeviceCode,CreatedDate,	ModifiedDate,IsCountyRoad,IsFreeway,CHP555Version,	IsAdditonalObjectStruck,NotificationDate,	NotificationTimeDescription,	HasDigitalMediaFiles,	EvidenceNumber,	IsLocationReferToNarrative,	IsAOIOneSameAsLocation
3339845,2018-180960430,2,False,4313,4/6/2018 1:07:00 PM,1307,P2,1368,4313,San Jose,43,True,True,D,BROADSIDE,,Friday,,,,,False,False,True,,C,OTHER MOTOR VEHICLE,,1,0,CLEAR,CLOUDY, ,, ,A,DAYLIGHT,,,,,,,A,NO PEDESTRIANS INVOLVED,,A,21453A,,1.0,TULLY RD,FOOTH,,,A,,,CAPITOL EXPWY,,,A,8/2/2024 11:35:06 AM,2/6/2025 8:41:21 AM,,,2,,,,,,,
3339841,2018-181120141,2,False,4313,4/22/2018 2:20:00 AM,220,E4,1368,4313,San Jose,43,True,True,E,HIT OBJECT,,Sunday,,,,,False,False,True,,I,FIXED OBJECT,,2,0,CLEAR,, NO UNUSUAL CONDITIONS - NO UNUSUAL CONDITIONS,, ,C,DARK-STREET LIGHTS,,,,,,,A,NO PEDESTRIANS INVOLVED,,A,23103,,1.0,S ALMADEN BL,EDWAR,,,A,,,E SAN CARLOS ST,,,A,8/2/2024 11:35:06 AM,2/6/2025 8:41:20 AM,,,2,,,,,,,
3338405,2018-181180559,2,False,4313,4/28/2018 3:01:00 PM,1501,C1,1368,4313,San Jose,43,True,True,G,VEHICLE/PEDESTRAIN,,Saturday,,,F,,False,True,False,,G,BICYCLE,,1,0,CLEAR,, NO UNUSUAL CONDITIONS - NO UNUSUAL CONDITIONS,, ,A,DAYLIGHT,,,,,,,A,NO PEDESTRIANS INVOLVED,,A,22350,,1.0,RT 680,FOOTH,,,A,,,KING RD,,,A,8/2/2024 11:32:18 AM,2/6/2025 8:39:24 AM,,,2,,,,,,,
3338402,2018-180940996,2,False,4313,4/4/2018 9:08:00 PM,2108,X4,1368,4313,San Jose,43,True,True,C,REAR END,,Wednesday,,,,,False,False,False,,C,OTHER MOTOR VEHICLE,,1,0,CLEAR,, NO UNUSUAL CONDITIONS - NO UNUSUAL CONDITIONS,, ,C,DARK-STREET LIGHTS,,,,,,,A,NO PEDESTRIANS INVOLVED,,A,22350,,1.0,CHYNOWETH AV,XRAY,,,A,,,EDENVALE AV,,,A,8/2/2024 11:32:17 AM,2/6/2025 8:39:24 AM,,,2,,,,,,,
3338401,2018-181180552,2,False,4313,4/28/2018 2:50:00 PM,1450,Y3,1368,4313,San Jose,43,True,True,C,REAR END,,Saturday,,,F,,False,False,False,,C,OTHER MOTOR VEHICLE,,1,0,CLEAR,, NO UNUSUAL CONDITIONS - NO UNUSUAL CONDITIONS,, ,A,DAYLIGHT,37.15517,-121.49184,,,,,A,NO PEDESTRIANS INVOLVED,,A,22350,,1.0,BLOSSOM HILL RD,DY,,,A,,,EAGLES LN,,,A,8/2/2024 11:32:17 AM,2/6/2025 8:39:24 AM,,,2,,,,,,,
3338399,2018-180980751,2,False,4313,4/8/2018 6:40:00 PM,1840,K6,1368,4313,San Jose,43,True,True,D,BROADSIDE,,Sunday,,,,,False,False,True,,C,OTHER MOTOR VEHICLE,,1,0,CLEAR,, NO UNUSUAL CONDITIONS - NO UNUSUAL CONDITIONS,, ,B,DUSK-DAWN,,,,,,,A,NO PEDESTRIANS INVOLVED,,A,21801A,,1.0,E REED ST,CENTR,,,A,,,S 7TH ST,,,A,8/2/2024 11:32:17 AM,2/6/2025 8:39:24 AM,,,2,,,,,,,
3338398,2018-181140641,2,False,4313,4/24/2018 4:05:00 PM,1605,C1,1368,4313,San Jose,43,True,True,C,REAR END,,Tuesday,,,,,False,False,True,,C,OTHER MOTOR VEHICLE,,1,0,CLEAR,, NO UNUSUAL CONDITIONS - NO UNUSUAL CONDITIONS,, ,A,DAYLIGHT,,,,,,,A,NO PEDESTRIANS INVOLVED,,A,22350,,1.0,CAPITOL EXPWY,FOOTH,,,A,,,STORY RD,,,D,8/2/2024 11:32:17 AM,2/6/2025 8:39:24 AM,,,2,,,,,,,
3338396,2018-180940369,2,False,4313,4/4/2018 10:56:00 AM,1056,P3,1368,4313,San Jose,43,True,True,,,,Wednesday,,,,,False,False,True,,C,OTHER MOTOR VEHICLE,,2,0,CLEAR,, NO UNUSUAL CONDITIONS - NO UNUSUAL CONDITIONS,, ,A,DAYLIGHT,34.18522,-119.16067,,,,,A,NO PEDESTRIANS INVOLVED,,A,22350,,1.0,S KING RD,DP,,,A,,,BARBERRY LN,,,A,8/2/2024 11:32:17 AM,2/6/2025 8:39:23 AM,,,2,,,,,,,
3338394,2018-180920837,2,False,4313,4/2/2018 7:20:00 PM,1920,Y5,1368,4313,San Jose,43,True,True,F,OVERTURNED,,Monday,,,,,False,False,False,,I,FIXED OBJECT,,1,0,CLEAR,, NO UNUSUAL CONDITIONS - NO UNUSUAL CONDITIONS,, ,B,DUSK-DAWN,34.15363,-119.13593,,,,,A,NO PEDESTRIANS INVOLVED,,A,22350,,1.0,PIERCY RD,DY,,,A,,,PIERCY RD 474,,,D,8/2/2024 11:32:17 AM,2/6/2025 8:39:23 AM,,,2,,,,,,,
3338391,2018-180930773,2,False,4313,4/3/2018 5:52:00 PM,1752,S4,1368,4313,San Jose,43,True,True,D,BROADSIDE,,Tuesday,,,,,False,False,True,,C,OTHER MOTOR VEHICLE,,1,0,CLEAR,, NO UNUSUAL CONDITIONS - NO UNUSUAL CONDITIONS,, ,A,DAYLIGHT,,,,,,,A,NO PEDESTRIANS INVOLVED,,A,21453C,,1.0,LEIGH AV,DS,,,A,,,DRY CREEK RD,,,,8/2/2024 11:32:16 AM,2/6/2025 8:39:23 AM,,,2,,,,,,,
3338387,2018-181150977,2,False,4313,4/25/2018 8:31:00 PM,2031,L2,1368,4313,San Jose,43,True,True,G,VEHICLE/PEDESTRAIN,,Wednesday,,,F,,False,False,False,,B,PEDESTRIAN,,1,0,CLOUDY,, NO UNUSUAL CONDITIONS - NO UNUSUAL CONDITIONS,, ,C,DARK-STREET LIGHTS,37.20313,-121.51512,,,,,B,CROSSING IN CROSS WALK AT INTERSECTION,,A,21453A,,1.0,STORY RD,WESTE,,,A,,,VIA FERRARI,,,,8/2/2024 11:32:16 AM,2/6/2025 8:39:23 AM,,,2,,,,,,,
3338385,2018-181010637,2,False,4313,4/11/2018 3:33:00 PM,1533,Y4,1368,4313,San Jose,43,True,True,G,VEHICLE/PEDESTRAIN,,Wednesday,,,,,False,False,False,,G,BICYCLE,,1,0,CLOUDY,, NO UNUSUAL CONDITIONS - NO UNUSUAL CONDITIONS,, ,A,DAYLIGHT,37.13529,-121.49224,,,,,F,NOT IN ROAD,,A,,,1.0,GLIDER DR,DY,,,A,,,ELVIS DR,,,D,8/2/2024 11:32:16 AM,2/6/2025 8:39:23 AM,,,2,,,,,,,
3338382,2018-180930407,2,False,4313,4/3/2018 12:09:00 PM,1209,W4,1368,4313,San Jose,43,True,True,H,OTHER,,Tuesday,,,,,False,False,False,,G,BICYCLE,,1,0,CLEAR,, NO UNUSUAL CONDITIONS - NO UNUSUAL CONDITIONS,, ,A,DAYLIGHT,37.22123,-121.50347,,,,,A,NO PEDESTRIANS INVOLVED,,A,22350,,1.0,N CAPITOL AV,FOOTH,,,,,,MCKEE RD,,,A,8/2/2024 11:32:15 AM,2/6/2025 8:39:22 AM,,,2,,,,,,,
3338377,2018-181150758,2,False,4313,4/25/2018 4:59:00 PM,1659,P2,1368,4313,San Jose,43,True,True,D,BROADSIDE,,Wednesday,,,,,False,False,True,,C,OTHER MOTOR VEHICLE,,1,0,CLEAR,, NO UNUSUAL CONDITIONS - NO UNUSUAL CONDITIONS,, ,A,DAYLIGHT,37.19509,-121.47145,,,,,A,NO PEDESTRIANS INVOLVED,,A,22350,,1.0,NORWOOD AV,DISTR,,,A,,,BRACKETT AV,,,A,8/2/2024 11:32:15 AM,2/6/2025 8:39:22 AM,,,2,,,,,,,
3338373,2018-180940170,2,False,4313,4/4/2018 7:42:00 AM,742,F4,1368,4313,San Jose,43,True,True,B,SIDE SWIPE,,Wednesday,,,,,False,False,True,,C,OTHER MOTOR VEHICLE,,1,0,CLEAR,, NO UNUSUAL CONDITIONS - NO UNUSUAL CONDITIONS,, ,A,DAYLIGHT,,,,,,,A,NO PEDESTRIANS INVOLVED,,A,21801A,,1.0,PARK AV,WESTE,,,A,,,RAINIER ST,,,,8/2/2024 11:32:14 AM,2/6/2025 8:39:22 AM,,,2,,,,,,,
3337932,2018-180910652,2,False,4313,4/1/2018 5:24:00 PM,1724,1,1368,4313,San Jose,43,True,True,C,REAR END,,Sunday,,,,,False,False,False,,C,OTHER MOTOR VEHICLE,,1,0,CLEAR,, NO UNUSUAL CONDITIONS - NO UNUSUAL CONDITIONS,, ,A,DAYLIGHT,,,,,,,A,NO PEDESTRIANS INVOLVED,,A,22350,,1.0,TULLY RD,PAUL,,,A,,,KING RD,,,A,8/2/2024 11:31:25 AM,2/6/2025 8:38:49 AM,,,2,,,,,,,
3337913,2018-181130314,2,False,4313,4/23/2018 9:22:00 AM,922,1,1368,4313,San Jose,43,True,True,H,OTHER,,Monday,,,,,False,False,True,,C,OTHER MOTOR VEHICLE,,1,0,CLEAR,, NO UNUSUAL CONDITIONS - NO UNUSUAL CONDITIONS,, ,,,,,,,,,A,NO PEDESTRIANS INVOLVED,,A,22106,,1.0,TULLY RD,PAUL,,,A,W,40.0,ZACHARY WY,F,,A,8/2/2024 11:31:23 AM,2/6/2025 8:38:48 AM,,,2,,,,,,,
3337910,2018-181120961,2,False,4313,4/22/2018 9:35:00 PM,2135,C2,1368,4313,San Jose,43,True,True,C,REAR END,,Sunday,,,,,False,False,True,,C,OTHER MOTOR VEHICLE,,3,0,CLEAR,, NO UNUSUAL CONDITIONS - NO UNUSUAL CONDITIONS,, ,C,DARK-STREET LIGHTS,,,,,,,,,,A,22350,,1.0,TULLY RD,FOOTH,,,A,S,30.0,LIGHTPOLE #13P428,F,,A,8/2/2024 11:31:23 AM,2/6/2025 8:38:48 AM,,,2,,,,,,,
3337904,2018-181150814,2,False,4313,4/25/2018 5:51:00 PM,1751,R3,1368,4313,San Jose,43,True,True,D,BROADSIDE,,Wednesday,,,,,False,False,True,,C,OTHER MOTOR VEHICLE,,1,0,CLEAR,, NO UNUSUAL CONDITIONS - NO UNUSUAL CONDITIONS,, ,A,DAYLIGHT,37.22434,-121.54397,,,,,A,NO PEDESTRIANS INVOLVED,,A,21801A,,1.0,E BROKAW RD,ROBER,,,A,,,ROGERS AV,,,D,8/2/2024 11:31:22 AM,2/6/2025 8:38:47 AM,,,2,,,,,,,
3337900,2018-180950142,2,False,4313,4/5/2018 6:42:00 AM,642,L5,1368,4313,San Jose,43,True,True,D,BROADSIDE,,Thursday,,,,,False,False,True,,C,OTHER MOTOR VEHICLE,,2,0,CLEAR,, NO UNUSUAL CONDITIONS - NO UNUSUAL CONDITIONS,, ,A,DAYLIGHT,37.17425,-121.50595,,,,,A,NO PEDESTRIANS INVOLVED,,A,21453A,,1.0,SENTER RD,WESTE,,,A,,,SOUTHSIDE DR,,,A,8/2/2024 11:31:21 AM,2/6/2025 8:38:47 AM,,,2,,,,,,,
3337896,2018-180970167,2,False,4313,4/7/2018 5:06:00 AM,506,X1,1368,4313,San Jose,43,True,True,D,BROADSIDE,,Saturday,,,,,False,False,True,,C,OTHER MOTOR VEHICLE,,3,0,RAINING,, NO UNUSUAL CONDITIONS - NO UNUSUAL CONDITIONS,, ,C,DARK-STREET LIGHTS,,,,,,,A,NO PEDESTRIANS INVOLVED,,A,21453A,,1.0,BRANHAM LN,X RAY,,,B,E,35.0,SNELL,F,,A,8/2/2024 11:31:21 AM,2/6/2025 8:38:46 AM,,,2,,,,,,,
3337894,2018-181200257,2,False,4313,4/30/2018 9:06:00 AM,906,L1,1368,4313,San Jose,43,True,True,D,BROADSIDE,,Monday,,,,,False,False,True,,C,OTHER MOTOR VEHICLE,,2,0,CLOUDY,, NO UNUSUAL CONDITIONS - NO UNUSUAL CONDITIONS,, ,A,DAYLIGHT,,,,,,,A,NO PEDESTRIANS INVOLVED,,D,,,,SENTER RD,WESTE,,,A,S,15.0,ALMA AV,F,,A,8/2/2024 11:31:21 AM,2/6/2025 8:38:46 AM,,,2,,,,,,,
3337172,2018-181210952,2,False,4313,5/1/2018 9:57:00 PM,2157,F5,1368,4313,San Jose,43,True,True,D,BROADSIDE,,Tuesday,,,F,,False,False,True,,C,OTHER MOTOR VEHICLE,,1,0,CLEAR,, NO UNUSUAL CONDITIONS - NO UNUSUAL CONDITIONS,, ,C,DARK-STREET LIGHTS,,,,,,,A,NO PEDESTRIANS INVOLVED,,A,21453A,,1.0,LINCOLN AV,WESTE,,,A,,,AUZERAIS AV,,,A,8/2/2024 11:30:01 AM,2/6/2025 8:37:54 AM,,,2,,,,,,,
3337162,2018-180900628,2,False,4313,3/31/2018 3:34:00 PM,1534,Y4,1368,4313,San Jose,43,True,True,D,BROADSIDE,,Saturday,,,,,False,False,True,,C,OTHER MOTOR VEHICLE,,2,0,CLEAR,, NO UNUSUAL CONDITIONS - NO UNUSUAL CONDITIONS,, ,A,DAYLIGHT,37.13589,-121.47135,,,,,A,NO PEDESTRIANS INVOLVED,,A,21453A,,1.0,SAN IGNACIO AV,SOUTH,,,A,,,SANTA TERESA BL,,,A,8/2/2024 11:30:00 AM,2/6/2025 8:37:54 AM,,,2,,,,,,,
3337110,2018-181120389,2,False,4313,4/22/2018 11:32:00 AM,1132,DLL4,1368,4313,San Jose,43,True,True,B,SIDE SWIPE,,Sunday,,,,,False,False,True,,C,OTHER MOTOR VEHICLE,,1,0,CLEAR,, ,, ,A,DAYLIGHT,,,,,,,A,NO PEDESTRIANS INVOLVED,,A,22107,,1.0,MCLAUGHLIN AV,WESTE,,,A,,,GLENFINNAN WY,,,D,8/2/2024 11:29:54 AM,2/6/2025 8:37:50 AM,,,2,,,,,,,
3337106,2018-181170199,2,False,4313,4/27/2018 8:20:00 AM,820,Y2,1368,4313,San Jose,43,True,True,B,SIDE SWIPE,,Friday,,,,,False,False,True,,C,OTHER MOTOR VEHICLE,,2,0,CLOUDY,, NO UNUSUAL CONDITIONS - NO UNUSUAL CONDITIONS,, ,A,DAYLIGHT,37.14314,-121.50228,,,,,A,NO PEDESTRIANS INVOLVED,,A,21801B,,1.0,CALERO AV,SOUTH,,,A,,,BLOSSOM AV,,,A,8/2/2024 11:29:54 AM,2/6/2025 8:37:50 AM,,,2,,,,,,,
3335346,2018-181020860,2,False,4313,4/12/2018 7:20:00 PM,1920,C1,1368,4313,San Jose,43,True,True,F,OVERTURNED,,Thursday,,,F,,False,True,True,,I,FIXED OBJECT,,1,0,CLEAR,, NO UNUSUAL CONDITIONS - NO UNUSUAL CONDITIONS,, ,A,DAYLIGHT,37.20772,-121.50558,,,,,A,NO PEDESTRIANS INVOLVED,,A,22107,,1.0,STORY RD,SJPD,,,A,,,RT 101,,,D,8/2/2024 11:26:44 AM,2/3/2025 12:56:09 PM,,,2,,,,,,,
3335197,2018-181120974,2,False,4313,4/22/2018 9:42:00 PM,2142,S5,1368,4313,San Jose,43,True,True,,,,Sunday,,,F,,False,False,False,,C,OTHER MOTOR VEHICLE,,2,0,CLEAR,, NO UNUSUAL CONDITIONS - NO UNUSUAL CONDITIONS,, ,C,DARK-STREET LIGHTS,37.18584,-121.52485,,,,,A,NO PEDESTRIANS INVOLVED,,A,22350,,1.0,ALMADEN AV,SAM,,,A,,,W HUMBOLDT ST,,,,8/2/2024 11:26:28 AM,2/3/2025 12:55:53 PM,,,2,,,,,,,
3335194,2018-181110767,2,False,4313,4/21/2018 6:22:00 PM,1822,Y4,1368,4313,San Jose,43,True,True,G,VEHICLE/PEDESTRAIN,,Saturday,,,F,,False,False,False,,G,BICYCLE,,1,0,CLEAR,, NO UNUSUAL CONDITIONS - NO UNUSUAL CONDITIONS,, ,A,DAYLIGHT,34.13388,-119.14364,,,,,A,NO PEDESTRIANS INVOLVED,,A,22450A,,1.0,SAN IGNACIO AV,SOUTH,,,A,,,ENDMOOR DR,,,A,8/2/2024 11:26:28 AM,2/3/2025 12:55:53 PM,,,2,,,,,,,
3335189,2018-181120427,2,False,4313,4/22/2018 12:05:00 PM,1205,L2,1368,4313,San Jose,43,True,True,C,REAR END,,Sunday,,,F,,False,False,False,,C,OTHER MOTOR VEHICLE,,1,0,CLEAR,, NO UNUSUAL CONDITIONS - NO UNUSUAL CONDITIONS,, ,A,DAYLIGHT,,,,,,,A,NO PEDESTRIANS INVOLVED,,A,22350,,1.0,STORY RD,LINCO,,,A,S,24.0,LUCRETIA AV,F,,A,8/2/2024 11:26:27 AM,2/3/2025 12:55:53 PM,,,2,,,,,,,
3335165,2018-180990698,2,False,4313,4/9/2018 5:48:00 PM,1748,W1,1368,4313,San Jose,43,True,True,C,REAR END,,Monday,,,,,False,False,True,,C,OTHER MOTOR VEHICLE,,1,0,CLEAR,, NO UNUSUAL CONDITIONS - NO UNUSUAL CONDITIONS,, ,A,DAYLIGHT,37.24599,-121.51249,,,,,A,NO PEDESTRIANS INVOLVED,,A,22350,,1.0,BEHLER DR,DISTW,,,A,,,PIEDMONT RD,,,A,8/2/2024 11:26:25 AM,2/3/2025 12:55:50 PM,,,2,,,,,,,
3335162,2018-181100372,2,False,4313,4/20/2018 10:40:00 AM,1040,N2,1368,4313,San Jose,43,True,True,D,BROADSIDE,,Friday,,,,,False,False,True,,C,OTHER MOTOR VEHICLE,,1,0,CLEAR,, NO UNUSUAL CONDITIONS - NO UNUSUAL CONDITIONS,, ,A,DAYLIGHT,37.19236,-121.57579,,,,,A,NO PEDESTRIANS INVOLVED,,A,21453A,,1.0,BOYNTON AV,WESTE,,,A,,,STEVENS CREEK BL,,,A,8/2/2024 11:26:25 AM,2/3/2025 12:55:50 PM,,,2,,,,,,,
3335158,2018-181170062,2,False,4313,4/27/2018 3:16:00 AM,316,L5,1368,4313,San Jose,43,True,True,B,SIDE SWIPE,,Friday,,,,,False,False,True,,E,PARKED MOTOR VEHICLE,,1,0,CLOUDY,, NO UNUSUAL CONDITIONS - NO UNUSUAL CONDITIONS,, ,C,DARK-STREET LIGHTS,,,,,,,A,NO PEDESTRIANS INVOLVED,,A,23152B,,1.0,SOUTHSIDE DR,WESTE,,,A,E,50.0,KISSELL CT,F,,D,8/2/2024 11:26:24 AM,2/3/2025 12:55:49 PM,,,2,,,,,,,
3335154,2018-181151079,2,False,4313,4/25/2018 11:13:00 PM,2313,M4,1368,4313,San Jose,43,True,True,B,SIDE SWIPE,,Wednesday,,,F,,False,False,True,,C,OTHER MOTOR VEHICLE,,1,0,CLEAR,, NO UNUSUAL CONDITIONS - NO UNUSUAL CONDITIONS,, ,C,DARK-STREET LIGHTS,37.21149,-121.50215,,,,,A,NO PEDESTRIANS INVOLVED,,A,22107,,1.0,S JACKSON AV,FOOTH,,,A,N,204.0,KAMMERER AV,F,,D,8/2/2024 11:26:24 AM,2/3/2025 12:55:49 PM,,,2,,,,,,,
3335151,2018-180990244,2,False,4313,4/9/2018 9:32:00 AM,932,P4,1368,4313,San Jose,43,True,True,D,BROADSIDE,,Monday,,,,,False,False,True,,C,OTHER MOTOR VEHICLE,,2,0,CLEAR,, ,, ,A,DAYLIGHT,,,,,,,A,NO PEDESTRIANS INVOLVED,,A,21801A,,1.0,YERBA BUENA RD,PAUL,,,A,,,DEANS PLACE WY,,,A,8/2/2024 11:26:24 AM,2/3/2025 12:55:48 PM,,,2,,,,,,,
3335147,2018-181060183,2,False,4313,4/16/2018 8:20:00 AM,820,X1,1368,4313,San Jose,43,True,True,D,BROADSIDE,,Monday,,,,,False,False,True,,C,OTHER MOTOR VEHICLE,,2,0,CLOUDY,, NO UNUSUAL CONDITIONS - NO UNUSUAL CONDITIONS,, ,A,DAYLIGHT,,,,,,,A,NO PEDESTRIANS INVOLVED,,A,21804,,1.0,BRANHAM LN,XRAY,,,A,,,KINGSPARK DR,,,A,8/2/2024 11:26:23 AM,2/3/2025 12:55:48 PM,,,2,,,,,,,
3335143,2018-181090203,2,False,4313,4/19/2018 8:15:00 AM,815,R4,1368,4313,San Jose,43,True,True,C,REAR END,,Thursday,,,,,False,False,False,,C,OTHER MOTOR VEHICLE,,1,0,CLEAR,, NO UNUSUAL CONDITIONS - NO UNUSUAL CONDITIONS,, ,A,DAYLIGHT,37.22371,-121.54894,,,,,A,NO PEDESTRIANS INVOLVED,,A,22350,,1.0,E GISH RD,CENTR,,,A,,,OLD BAYSHORE HY,,,D,8/2/2024 11:26:23 AM,2/3/2025 12:55:48 PM,,,2,,,,,,,
3335139,2018-180920265,2,False,4313,4/2/2018 9:24:00 AM,924,X1,1368,4313,San Jose,43,True,True,,,,Monday,,,,,False,False,True,,C,OTHER MOTOR VEHICLE,,2,0,CLEAR,, NO UNUSUAL CONDITIONS - NO UNUSUAL CONDITIONS,, ,A,DAYLIGHT,37.16146,-121.50564,,,,,A,NO PEDESTRIANS INVOLVED,,A,22450A,,1.0,VISTA PARK DR,DX,,,A,,,BLUEFIELD DR,,,A,8/2/2024 11:26:22 AM,2/3/2025 12:55:47 PM,,,2,,,,,,,
3335135,2018-181020352,2,False,4313,4/12/2018 11:10:00 AM,1110,L1,1368,4313,San Jose,43,True,True,B,SIDE SWIPE,,Thursday,,,,,False,False,False,,C,OTHER MOTOR VEHICLE,,2,0,CLEAR,, NO UNUSUAL CONDITIONS - NO UNUSUAL CONDITIONS,, ,A,DAYLIGHT,34.19278,-119.19424,,,,,A,NO PEDESTRIANS INVOLVED,,A,22106,,1.0,S 2ND ST,WESTE,,,A,,,MARTHA ST,,,D,8/2/2024 11:26:22 AM,2/3/2025 12:55:47 PM,,,2,,,,,,,
3335131,2018-181060826,2,False,4313,4/16/2018 7:58:00 PM,1958,P2,1368,4313,San Jose,43,True,True,B,SIDE SWIPE,,Monday,,,,,False,False,True,,C,OTHER MOTOR VEHICLE,,1,0,CLOUDY,, NO UNUSUAL CONDITIONS - NO UNUSUAL CONDITIONS,, ,C,DARK-STREET LIGHTS,,,,,,,A,NO PEDESTRIANS INVOLVED,,A,22350,,1.0,NORWOOD AV,FOOTH,,,B,,,BRACKETT AV,,,D,8/2/2024 11:26:22 AM,2/3/2025 12:55:47 PM,,,2,,,,,,,
3335129,2018-181150742,2,False,4313,4/25/2018 4:41:00 PM,1641,F5,1368,4313,San Jose,43,True,True,C,REAR END,,Wednesday,,,,,False,False,False,,C,OTHER MOTOR VEHICLE,,1,0,CLEAR,, NO UNUSUAL CONDITIONS - NO UNUSUAL CONDITIONS,, ,A,DAYLIGHT,,,,,,,A,NO PEDESTRIANS INVOLVED,,A,22350,,1.0,AUZERAIS AV,F,,,A,W,180.0,LINCOLN AV,F,,A,8/2/2024 11:26:21 AM,2/3/2025 12:55:46 PM,,,2,,,,,,,
3335124,2018-181180098,2,False,4313,4/28/2018 1:45:00 AM,145,X3,1368,4313,San Jose,43,True,True,F,OVERTURNED,,Saturday,,,,,False,False,True,,I,FIXED OBJECT,,1,0,CLEAR,, NO UNUSUAL CONDITIONS - NO UNUSUAL CONDITIONS,, ,C,DARK-STREET LIGHTS,,,,,,,A,NO PEDESTRIANS INVOLVED,,A,23152A,,1.0,CAPITOL EXPWY,XRAY,,,A,W,614.0,TUERS RD,F,,D,8/2/2024 11:26:21 AM,2/3/2025 12:55:46 PM,,,2,,,,,,,
3335117,2018-180919719,2,False,4313,4/1/2018 7:30:00 AM,730,X3,1368,4313,San Jose,43,True,True,D,BROADSIDE,,Sunday,,,,,False,False,False,,C,OTHER MOTOR VEHICLE,,1,0,CLEAR,, NO UNUSUAL CONDITIONS - NO UNUSUAL CONDITIONS,, ,A,DAYLIGHT,,,,,,,A,NO PEDESTRIANS INVOLVED,,B,,,1.0,SENTER RD,XRAY,,,A,,,MONTEREY RD,,,D,8/2/2024 11:26:20 AM,2/3/2025 12:55:45 PM,,,2,,,,,,,
3335113,2018-180920361,2,False,4313,4/2/2018 11:21:00 AM,1121,2,1368,4313,San Jose,43,True,True,C,REAR END,,Monday,,,,,False,False,False,,C,OTHER MOTOR VEHICLE,,1,0,CLEAR,, NO UNUSUAL CONDITIONS - NO UNUSUAL CONDITIONS,, ,A,DAYLIGHT,37.17399,-121.55492,,,,,A,NO PEDESTRIANS INVOLVED,,A,21703,,1.0,HAMILTON AV,S,,,A,,,HURST AV,,,A,8/2/2024 11:26:20 AM,2/3/2025 12:55:44 PM,,,2,,,,,,,
3335109,2018-180930232,2,False,4313,4/3/2018 9:42:00 AM,942,E3,1368,4313,San Jose,43,True,True,B,SIDE SWIPE,,Tuesday,,,,,False,False,False,,C,OTHER MOTOR VEHICLE,,1,0,CLEAR,, NO UNUSUAL CONDITIONS - NO UNUSUAL CONDITIONS,, ,A,DAYLIGHT,37.20456,-121.53289,,,,,A,NO PEDESTRIANS INVOLVED,,A,22517,,1.0,S MARKET ST,CENTR,,,A,N,27.0,POLE 11L68,F,,D,8/2/2024 11:26:19 AM,2/3/2025 12:55:44 PM,,,2,,,,,,,
3335105,2018-181020412,2,False,4313,4/12/2018 11:48:00 AM,1148,R3,1368,4313,San Jose,43,True,True,B,SIDE SWIPE,,Thursday,,,,,False,True,True,,C,OTHER MOTOR VEHICLE,,1,0,CLEAR,, CONSTRUCTION-REPAIR ZONE - CONSTRUCTION-REPAIR ZONE,, ,A,DAYLIGHT,37.22836,-121.5429,,,,,A,NO PEDESTRIANS INVOLVED,,A,21801A,,1.0,OLD BAYSHORE HWY,CENTR,,,A,E,38.0,RT 101,F,,D,8/2/2024 11:26:19 AM,2/3/2025 12:55:44 PM,,,2,,,,,,,
3335102,2018-181170822,2,False,4313,4/27/2018 7:54:00 PM,1954,T2,1368,4313,San Jose,43,True,True,B,SIDE SWIPE,,Friday,,,,,False,False,True,,C,OTHER MOTOR VEHICLE,,1,0,CLEAR,, NO UNUSUAL CONDITIONS - NO UNUSUAL CONDITIONS,, ,C,DARK-STREET LIGHTS,,,,,,,A,NO PEDESTRIANS INVOLVED,,A,23152A,,1.0,FOXWORTHY AV,TOM,,,A,,,ROSS AV,,,A,8/2/2024 11:26:18 AM,2/3/2025 12:55:43 PM,,,2,,,,,,,
3335101,2018-181030797,2,False,4313,4/13/2018 5:38:00 PM,1738,5,1368,4313,San Jose,43,True,True,C,REAR END,,Friday,,,,,False,True,True,,C,OTHER MOTOR VEHICLE,,1,0,CLEAR,, NO UNUSUAL CONDITIONS - NO UNUSUAL CONDITIONS,, ,A,DAYLIGHT,,,,,,,A,NO PEDESTRIANS INVOLVED,,A,22350,,1.0,BLOSSOM HILL RD,YELLO,,,A,,,RT 101,,,D,8/2/2024 11:26:18 AM,2/3/2025 12:55:43 PM,,,2,,,,,,,
3335098,2018-180930730,2,False,4313,4/3/2018 5:30:00 PM,1730,E4,1368,4313,San Jose,43,True,True,,,,Tuesday,,,,,False,False,True,,C,OTHER MOTOR VEHICLE,,1,0,CLEAR,, NO UNUSUAL CONDITIONS - NO UNUSUAL CONDITIONS,, ,A,DAYLIGHT,,,,,,,A,NO PEDESTRIANS INVOLVED,,A,21453A,,,4TH,CENTR,,,A,,,REED ST,,,A,8/2/2024 11:26:18 AM,2/3/2025 12:55:43 PM,,,2,,,,,,,
3335097,2018-181010705,2,False,4313,4/11/2018 4:27:00 PM,1627,1,1368,4313,San Jose,43,True,True,D,BROADSIDE,,Wednesday,,,,,False,False,True,,C,OTHER MOTOR VEHICLE,,1,0,RAINING,, NO UNUSUAL CONDITIONS - NO UNUSUAL CONDITIONS,, ,A,DAYLIGHT,,,,,,,A,NO PEDESTRIANS INVOLVED,,A,21453A,,1.0,N 1ST ST,R,,,B,,,NICHOLSON LN,,,A,8/2/2024 11:26:18 AM,2/3/2025 12:55:43 PM,,,2,,,,,,,