Collision Id,	Report Number,	Report Version,	Is Preliminary,	NCIC Code,Crash Date Time,	Crash Time Description,	Beat,City Id,	City Code,	City Name,County Code,	City Is Active,	City Is Incorporated,	Collision Type Code,Collision Type Description,	Collision Type Other Desc,	Day Of Week,	DispatchNotified,	HasPhotographs,	HitRun,	IsAttachmentsMailed,	IsDeleted,	IsHighwayRelated,	IsTowAway,	JudicialDistrict,	MotorVehicleInvolvedWithCode,	MotorVehicleInvolvedWithDesc,MotorVehicleInvolvedWithOtherDesc,	NumberInjured,	NumberKilled,Weather 1, Weather 2, Road Condition 1, Road Condition 2, Special Condition,LightingCode, LightingDescription,Latitude,Longitude,MilepostDirection,MilepostDistance,MilepostMarker,MilepostUnitOfMeasure,	PedestrianActionCode,PedestrianActionDesc,PreparedDate,	Primary Collision Factor Code,Primary Collision Factor Violation,PrimaryCollisionFactorIsCited,	PrimaryCollisionPartyNumber,	PrimaryRoad,	ReportingDistrict,	ReportingDistrictCode,ReviewedDate,	RoadwaySurfaceCode,SecondaryDirection,	SecondaryDistance,	SecondaryRoad,	SecondaryUnitOfMeasure,	SketchDesc,	TrafficControlDeviceCode,CreatedDate,	ModifiedDate,IsCountyRoad,IsFreeway,CHP555Version,	IsAdditonalObjectStruck,NotificationDate,	NotificationTimeDescription,	HasDigitalMediaFiles,	EvidenceNumber,	IsLocationReferToNarrative,	IsAOIOneSameAsLocation
3368454,2018-181530408,2,False,4313,6/2/2018 10:27:00 AM,1027,P2,1368,4313,San Jose,43,True,True,C,REAR END,,Saturday,,,,,False,False,False,,C,OTHER MOTOR VEHICLE,,3,0,CLEAR,, NO UNUSUAL CONDITIONS - NO UNUSUAL CONDITIONS,, ,A,DAYLIGHT,37.19591,-121.48351,,,,,A,NO PEDESTRIANS INVOLVED,,A,21703,,1.0,TULLY RD,PAUL,,,A,,,GLEN HANLEIGH DR,,,A,8/2/2024 12:40:49 PM,2/6/2025 9:08:47 AM,,,2,,,,,,,
3368453,2018-181470654,2,False,4313,5/27/2018 4:40:00 PM,1640,P4,1368,4313,San Jose,43,True,True,C,REAR END,,Sunday,,,F,,False,False,False,,C,OTHER MOTOR VEHICLE,,2,0,CLEAR,, NO UNUSUAL CONDITIONS - NO UNUSUAL CONDITIONS,, ,A,DAYLIGHT,37.18257,-121.48389,,,,,A,NO PEDESTRIANS INVOLVED,,A,22350,,1.0,E CAPITOL EXPWY,SOUTH,,,A,,,SILVER CREEK RD,,,D,8/2/2024 12:40:49 PM,2/6/2025 9:08:47 AM,,,2,,,,,,,
3368450,2018-181560179,2,False,4313,6/5/2018 7:19:00 AM,719,4,1368,4313,San Jose,43,True,True,D,BROADSIDE,,Tuesday,,,,,False,False,True,,C,OTHER MOTOR VEHICLE,,2,0,CLEAR,, NO UNUSUAL CONDITIONS - NO UNUSUAL CONDITIONS,, ,A,DAYLIGHT,37.14771,-121.46388,,,,,A,NO PEDESTRIANS INVOLVED,,A,21453A,,1.0,GREAT OAKS BL,DY,,,A,,,SAN IGNACIO AV,,,A,8/2/2024 12:40:48 PM,2/6/2025 9:08:47 AM,,,2,,,,,,,
3368449,2018-181410662,2,False,4313,5/21/2018 3:30:00 PM,1530,P5,1368,4313,San Jose,43,True,True,B,SIDE SWIPE,,Monday,,,F,,False,False,True,,C,OTHER MOTOR VEHICLE,,1,0,CLEAR,, NO UNUSUAL CONDITIONS - NO UNUSUAL CONDITIONS,, ,A,DAYLIGHT,37.19274,-121.47126,,,,,A,NO PEDESTRIANS INVOLVED,,A,22107,,1.0,OAKGATE WY,DP,,,A,,,GATELIGHT CT,,,D,8/2/2024 12:40:48 PM,2/6/2025 9:08:47 AM,,,2,,,,,,,
3368445,2018-181410774,2,False,4313,5/21/2018 5:10:00 PM,1710,R3,1368,4313,San Jose,43,True,True,,,,Monday,,,,,False,False,True,,I,FIXED OBJECT,,1,0,CLEAR,, NO UNUSUAL CONDITIONS - NO UNUSUAL CONDITIONS,, ,A,DAYLIGHT,37.22579,-121.5531,,,,,A,NO PEDESTRIANS INVOLVED,,A,22107,,1.0,N 1ST ST,CENTR,,,A,,,COMPONENT DR,,,A,8/2/2024 12:40:47 PM,2/6/2025 9:08:47 AM,,,2,,,,,,,
3368441,2018-181391046,2,False,4313,5/19/2018 10:34:00 PM,2234,C2,1368,4313,San Jose,43,True,True,E,HIT OBJECT,,Saturday,,,,,False,False,True,,I,FIXED OBJECT,,1,0,CLEAR,, NO UNUSUAL CONDITIONS - NO UNUSUAL CONDITIONS,, ,C,DARK-STREET LIGHTS,37.19238,-121.4954,,,,,A,NO PEDESTRIANS INVOLVED,,A,22350,,1.0,HONEYSUCKLE DR,FOOTH,,,A,,,LANAI AV,,,A,8/2/2024 12:40:47 PM,2/6/2025 9:08:46 AM,,,2,,,,,,,
3368423,2018-181489707,2,False,4313,5/21/2018 3:20:00 PM,1520,,1368,4313,San Jose,43,True,True,E,HIT OBJECT,,Monday,,,,,False,False,False,,G,BICYCLE,,1,0,CLEAR,, NO UNUSUAL CONDITIONS - NO UNUSUAL CONDITIONS,, ,A,DAYLIGHT,,,,,,,,,,D,,,,MONTEREY,,,,A,,,LEWIS AV,,,A,8/2/2024 12:40:44 PM,2/6/2025 9:08:45 AM,,,2,,,,,,,
3368407,2018-181240247,2,False,4313,5/4/2018 8:35:00 AM,835,C3,1368,4313,San Jose,43,True,True,D,BROADSIDE,,Friday,,,,,False,False,True,,C,OTHER MOTOR VEHICLE,,2,0,CLEAR,, NO UNUSUAL CONDITIONS - NO UNUSUAL CONDITIONS,, ,A,DAYLIGHT,37.19556,-121.49591,,,,,A,NO PEDESTRIANS INVOLVED,,D,,,,OCALA AV,FOOTH,,,A,,,BERMUDA WY,,,A,8/2/2024 12:40:41 PM,2/6/2025 9:08:44 AM,,,2,,,,,,,
3368216,2018-181110464,2,False,4313,4/21/2018 12:59:00 PM,1259,3,1368,4313,San Jose,43,True,True,,,,Saturday,,,,,False,False,True,,,,,1,0,CLEAR,, NO UNUSUAL CONDITIONS - NO UNUSUAL CONDITIONS,, ,A,DAYLIGHT,37.15233,-121.48464,,,,,,,,A,21453A,,1.0,MONTEREY RD,,,,A,,,BLOSSOM HILL RD,,,,8/2/2024 12:40:10 PM,2/6/2025 9:08:33 AM,,,2,,,,,,,
3368149,2018-181580518,2,False,4313,6/7/2018 1:17:00 PM,1317,N5,1368,4313,San Jose,43,True,True,C,REAR END,,Thursday,,,F,,False,False,False,,C,OTHER MOTOR VEHICLE,,2,0,CLEAR,, NO UNUSUAL CONDITIONS - NO UNUSUAL CONDITIONS,, ,A,DAYLIGHT,37.18427,-121.57513,,,,,A,NO PEDESTRIANS INVOLVED,,A,22107,,1.0,SAN TOMAS EXPWY,WESTE,,,A,,,PAYNE AV,,,A,8/2/2024 12:39:59 PM,2/6/2025 9:08:29 AM,,,2,,,,,,,
3367996,2018-181590184,2,False,4313,6/8/2018 7:15:00 AM,715,A4,1368,4313,San Jose,43,True,True,,,,Friday,,,,,False,False,False,,,,,1,0,CLEAR,, NO UNUSUAL CONDITIONS - NO UNUSUAL CONDITIONS,, ,A,DAYLIGHT,37.15298,-121.5231,,,,,,,,A,22350,,1.0,ALMADEN EXPWY,SOUTH,,,A,,,BLOSSOM HILL RD,,,A,8/2/2024 12:39:33 PM,2/6/2025 9:08:21 AM,,,2,,,,,,,
3367943,2018-181400545,2,False,4313,5/20/2018 1:37:00 PM,1337,A4,1368,4313,San Jose,43,True,True,C,REAR END,,Sunday,,,,,False,False,False,,C,OTHER MOTOR VEHICLE,,1,0,CLEAR,, NO UNUSUAL CONDITIONS - NO UNUSUAL CONDITIONS,, ,A,DAYLIGHT,37.15144,-121.51404,,,,,A,NO PEDESTRIANS INVOLVED,,A,21703,,1.0,BLOSSOM HILL RD,SJPD,,,A,,,HILLVIEW AV,,,A,8/2/2024 12:39:24 PM,2/6/2025 9:08:18 AM,,,2,,,,,,,
3367905,2018-181420307,2,False,4313,5/22/2018 9:35:00 AM,935,R3,1368,4313,San Jose,43,True,True,D,BROADSIDE,,Tuesday,,,,,False,False,False,,D,MOTOR VEHICLE ON OTHER ROADWAY,,1,0,CLEAR,, NO UNUSUAL CONDITIONS - NO UNUSUAL CONDITIONS,, ,A,DAYLIGHT,37.22836,-121.5429,,,,,A,NO PEDESTRIANS INVOLVED,,A,21658A,,1.0,OLD BAYSHORE HWY,CENTR,,,A,,,RT 101,,,D,8/2/2024 12:39:18 PM,2/6/2025 9:08:16 AM,,,2,,,,,,,
3366351,2018-181390445,2,False,4313,5/19/2018 11:30:00 AM,1130,R1,1368,4313,San Jose,43,True,True,A,HEAD-ON,,Saturday,,,,,False,False,True,,C,OTHER MOTOR VEHICLE,,3,0,CLEAR,, NO UNUSUAL CONDITIONS - NO UNUSUAL CONDITIONS,, ,A,DAYLIGHT,,,,,,,A,NO PEDESTRIANS INVOLVED,,A,21453A,,,ZANKER RD,WESTE,,,A,,,RIVER OAKS PKWY,,,A,8/2/2024 12:35:07 PM,2/6/2025 9:06:48 AM,,,2,,,,,,,
3366347,2018-181450411,2,False,4313,5/25/2018 10:31:00 AM,1031,L3,1368,4313,San Jose,43,True,True,C,REAR END,,Friday,,,F,,False,False,False,,C,OTHER MOTOR VEHICLE,,1,0,CLEAR,, ,, ,A,DAYLIGHT,,,,,,,A,NO PEDESTRIANS INVOLVED,,A,22350,,1.0,10TH ST,WESTE,,,,,,PARROT AV,,,,8/2/2024 12:35:06 PM,2/6/2025 9:06:48 AM,,,2,,,,,,,
3366343,2016-181510305,2,False,4313,5/31/2018 10:10:00 AM,1010,S6,1368,4313,San Jose,43,True,True,,,,Thursday,,,,,False,False,False,,G,BICYCLE,,1,0,CLEAR,, NO UNUSUAL CONDITIONS - NO UNUSUAL CONDITIONS,, ,A,DAYLIGHT,37.18563,-121.52302,,,,,A,NO PEDESTRIANS INVOLVED,,B,,,1.0,W ALMA AV,DS,,,A,,,SHERMAN ST,,,A,8/2/2024 12:35:05 PM,2/6/2025 9:06:47 AM,,,2,,,,,,,
3366338,2018-181500206,2,False,4313,5/30/2018 7:53:00 AM,753,T2,1368,4313,San Jose,43,True,True,D,BROADSIDE,,Wednesday,,,,,False,False,True,,C,OTHER MOTOR VEHICLE,,1,0,CLEAR,, NO UNUSUAL CONDITIONS - NO UNUSUAL CONDITIONS,, ,A,DAYLIGHT,,,,,,,A,NO PEDESTRIANS INVOLVED,,A,21801A,,1.0,LEIGH AV,SOURT,,,A,,,PORTERO DR,,,A,8/2/2024 12:35:05 PM,2/6/2025 9:06:47 AM,,,2,,,,,,,
3366336,2016-181490543,2,False,4313,5/29/2018 12:23:00 PM,1223,E4,1368,4313,San Jose,43,True,True,G,VEHICLE/PEDESTRAIN,,Tuesday,,,,,False,False,False,,B,PEDESTRIAN,,1,0,CLEAR,, CONSTRUCTION-REPAIR ZONE - CONSTRUCTION-REPAIR ZONE,, ,A,DAYLIGHT,37.19499,-121.53563,,,,,B,CROSSING IN CROSS WALK AT INTERSECTION,,A,21950,,1.0,E SAN SALVADOR ST,CENTR,,,A,,,S 2ND ST,,,A,8/2/2024 12:35:04 PM,2/6/2025 9:06:47 AM,,,2,,,,,,,
3366331,2018-181470017,2,False,4313,5/27/2018 12:14:00 AM,14,5,1368,4313,San Jose,43,True,True,E,HIT OBJECT,,Sunday,,,,,False,False,True,,I,FIXED OBJECT,,1,0,CLEAR,, NO UNUSUAL CONDITIONS - NO UNUSUAL CONDITIONS,, ,C,DARK-STREET LIGHTS,37.14209,-121.45565,,,,,A,NO PEDESTRIANS INVOLVED,,A,22350,,1.0,MONTEREY RD,DY,,,A,,,MENARD DR,,,A,8/2/2024 12:35:04 PM,2/6/2025 9:06:47 AM,,,2,,,,,,,
3366328,2018-181460177,2,False,4313,5/26/2018 4:24:00 AM,424,5,1368,4313,San Jose,43,True,True,B,SIDE SWIPE,,Saturday,,,,,False,False,True,,C,OTHER MOTOR VEHICLE,,1,0,CLEAR,, NO UNUSUAL CONDITIONS - NO UNUSUAL CONDITIONS,, ,C,DARK-STREET LIGHTS,,,,,,,A,NO PEDESTRIANS INVOLVED,,A,21658A,,1.0,BERRYESSA RD,ROBER,,,A,,,LUNDY AV,,,A,8/2/2024 12:35:03 PM,2/6/2025 9:06:46 AM,,,2,,,,,,,
3366322,2018-181440041,2,False,4313,5/24/2018 1:04:00 AM,104,W4,1368,4313,San Jose,43,True,True,B,SIDE SWIPE,,Thursday,,,,,False,False,False,,G,BICYCLE,,1,0,CLEAR,, NO UNUSUAL CONDITIONS - NO UNUSUAL CONDITIONS,, ,C,DARK-STREET LIGHTS,34.22239,-119.17256,,,,,E,IN ROAD - INCLUDES SHOULDER,,A,21717,,,MCKEE RD,DW,,,A,W,44.0,PRAIRIE VIEW CT,F,,D,8/2/2024 12:35:02 PM,2/6/2025 9:06:46 AM,,,2,,,,,,,
3366027,2018-181600268,2,False,4313,6/9/2018 8:52:00 AM,852,L4,1368,4313,San Jose,43,True,True,D,BROADSIDE,,Saturday,,,,,False,False,False,,C,OTHER MOTOR VEHICLE,,2,0,CLOUDY,, NO UNUSUAL CONDITIONS - NO UNUSUAL CONDITIONS,, ,A,DAYLIGHT,37.18129,-121.51168,,,,,A,NO PEDESTRIANS INVOLVED,,A,22102,,1.0,SOUTH 7TH ST,WESTE,,,A,,,TULLY RD,,,D,8/2/2024 12:34:17 PM,2/6/2025 9:06:30 AM,,,2,,,,,,,
3366024,2018-181591145,2,False,4313,6/8/2018 11:05:00 PM,2305,R3,1368,4313,San Jose,43,True,True,D,BROADSIDE,,Friday,,,,,False,True,True,,C,OTHER MOTOR VEHICLE,,1,0,CLEAR,, NO UNUSUAL CONDITIONS - NO UNUSUAL CONDITIONS,, ,C,DARK-STREET LIGHTS,37.2256,-121.54192,,,,,A,NO PEDESTRIANS INVOLVED,,A,,,1.0,EAST BROKAW RD,CENTR,,,A,,,RT 880,,,A,8/2/2024 12:34:17 PM,2/6/2025 9:06:30 AM,,,2,,,,,,,
3366020,2018-181591084,2,False,4313,6/8/2018 10:20:00 PM,2220,Y2,1368,4313,San Jose,43,True,True,B,SIDE SWIPE,,Friday,,,,,False,False,False,,C,OTHER MOTOR VEHICLE,,2,0,CLEAR,, NO UNUSUAL CONDITIONS - NO UNUSUAL CONDITIONS,, ,C,DARK-STREET LIGHTS,37.15228,-121.50226,,,,,A,NO PEDESTRIANS INVOLVED,,A,22103,,1.0,BLOSSOM AV,SOUTH,,,A,S,500.0,BLOSSOM HILL RD,F,,D,8/2/2024 12:34:16 PM,2/6/2025 9:06:30 AM,,,2,,,,,,,
3366013,2018-181590609,2,False,4313,6/8/2018 3:13:00 PM,1513,1,1368,4313,San Jose,43,True,True,,,,Friday,,,,,False,False,True,,C,OTHER MOTOR VEHICLE,,1,0,CLEAR,, NO UNUSUAL CONDITIONS - NO UNUSUAL CONDITIONS,, ,A,DAYLIGHT,37.17212,-121.50487,,,,,A,NO PEDESTRIANS INVOLVED,,A,21802A,,,MONTEREY RD,LINCO,,,A,,,DAYLIGHT WY,,,A,8/2/2024 12:34:15 PM,2/6/2025 9:06:29 AM,,,2,,,,,,,
3366009,2018-181570827,2,False,4313,6/6/2018 5:47:00 PM,1747,S2,1368,4313,San Jose,43,True,True,C,REAR END,,Wednesday,,,,,False,False,True,,C,OTHER MOTOR VEHICLE,,1,0,CLEAR,, NO UNUSUAL CONDITIONS - NO UNUSUAL CONDITIONS,, ,A,DAYLIGHT,37.1814,-121.54488,,,,,A,NO PEDESTRIANS INVOLVED,,A,22350,,1.0,MERIDIAN AV,WESTE,,,B,,,WILLOW ST,,,,8/2/2024 12:34:15 PM,2/6/2025 9:06:29 AM,,,2,,,,,,,
3365635,2018-181590152,2,False,4313,6/8/2018 6:36:00 AM,636,L4,1368,4313,San Jose,43,True,True,D,BROADSIDE,,Friday,,,,,False,False,True,,C,OTHER MOTOR VEHICLE,,2,0,CLEAR,, NO UNUSUAL CONDITIONS - NO UNUSUAL CONDITIONS,, ,A,DAYLIGHT,,,,,,,A,NO PEDESTRIANS INVOLVED,,A,21453A,,1.0,MONTEREY RD,LINCO,,,A,N,28.0,LP #14N175,F,,A,8/2/2024 12:33:12 PM,2/6/2025 9:06:08 AM,,,2,,,,,,,
3365617,2018-181510743,2,False,4313,5/31/2018 5:20:00 PM,1720,P-2,1368,4313,San Jose,43,True,True,D,BROADSIDE,,Thursday,,,,,False,False,False,,G,BICYCLE,,1,0,CLEAR,, NO UNUSUAL CONDITIONS - NO UNUSUAL CONDITIONS,, ,A,DAYLIGHT,,,,,,,A,NO PEDESTRIANS INVOLVED,,A,21804A,,1.0,FENWICK WY,FOOTH,,,A,N,20.0,THE CITY LIGHT POLE 13R184,F,,D,8/2/2024 12:33:10 PM,2/6/2025 9:06:07 AM,,,2,,,,,,,
3365614,2018-181470713,2,False,4313,5/27/2018 6:20:00 PM,1820,X2,1368,4313,San Jose,43,True,True,F,OVERTURNED,,Sunday,,,,,False,False,True,,C,OTHER MOTOR VEHICLE,,1,0,CLEAR,, NO UNUSUAL CONDITIONS - NO UNUSUAL CONDITIONS,, ,A,DAYLIGHT,,,,,,,A,NO PEDESTRIANS INVOLVED,,A,22450,,,SENTER RD AND BUCKEYE DR,SOUTH,,,A,,,SENTER RD,,,A,8/2/2024 12:33:09 PM,2/6/2025 9:06:07 AM,,,2,,,,,,,
3365610,2018-181510297,2,False,4313,5/31/2018 10:00:00 AM,1000,F3,1368,4313,San Jose,43,True,True,,,,Thursday,,,,,False,False,False,,C,OTHER MOTOR VEHICLE,,1,0,CLOUDY,, NO UNUSUAL CONDITIONS - NO UNUSUAL CONDITIONS,, ,A,DAYLIGHT,,,,,,,A,NO PEDESTRIANS INVOLVED,,A,21802A,,1.0,THE ALAMEDA,WESTE,,,A,,,FREMONT ST,,,D,8/2/2024 12:33:08 PM,2/6/2025 9:06:06 AM,,,2,,,,,,,
3365606,2018-181460204,2,False,4313,5/26/2018 7:42:00 AM,742,3,1368,4313,San Jose,43,True,True,A,HEAD-ON,,Saturday,,,,,False,False,True,,I,FIXED OBJECT,,1,0,CLEAR,, NO UNUSUAL CONDITIONS - NO UNUSUAL CONDITIONS,, ,B,DUSK-DAWN,,,,,,,A,NO PEDESTRIANS INVOLVED,,A,23013,,1.0,HOUNDSHAVEN WY,XRAY,,,A,,,BRANHAM LN,,,D,8/2/2024 12:33:08 PM,2/6/2025 9:06:06 AM,,,2,,,,,,,
3365602,2018-181420544,2,False,4313,5/22/2018 12:10:00 PM,1210,L1,1368,4313,San Jose,43,True,True,H,OTHER,,Tuesday,,,,,False,False,False,,C,OTHER MOTOR VEHICLE,,1,0,CLEAR,, NO UNUSUAL CONDITIONS - NO UNUSUAL CONDITIONS,, ,A,DAYLIGHT,34.19332,-119.19313,,,,,A,NO PEDESTRIANS INVOLVED,,A,,,,S 5TH ST,LINCO,,,A,,,MARTHA ST,,,D,8/2/2024 12:33:07 PM,2/6/2025 9:06:06 AM,,,2,,,,,,,
3365598,2018-181480738,2,False,4313,5/28/2018 5:47:00 PM,1747,V3,1368,4313,San Jose,43,True,True,D,BROADSIDE,,Monday,,,,,False,False,True,,C,OTHER MOTOR VEHICLE,,1,0,CLEAR,, NO UNUSUAL CONDITIONS - NO UNUSUAL CONDITIONS,, ,A,DAYLIGHT,37.21586,-121.53414,,,,,A,NO PEDESTRIANS INVOLVED,,A,21802A,,1.0,N 6TH ST,VICTO,,,A,,,E TAYLOR ST,,,A,8/2/2024 12:33:06 PM,2/6/2025 9:06:06 AM,,,2,,,,,,,
3365553,2018-181571043,2,False,4313,6/6/2018 9:05:00 PM,2105,L1,1368,4313,San Jose,43,True,True,A,HEAD-ON,,Wednesday,,,,,False,False,True,,C,OTHER MOTOR VEHICLE,,1,0,CLEAR,, NO UNUSUAL CONDITIONS - NO UNUSUAL CONDITIONS,, ,C,DARK-STREET LIGHTS,37.19627,-121.52718,,,,,A,NO PEDESTRIANS INVOLVED,,A,21453A,,1.0,SOUTH 7TH ST,LINCO,,,A,,,EAST ALMA AV,,,A,8/2/2024 12:32:59 PM,2/6/2025 9:06:03 AM,,,2,,,,,,,
3365551,2018-181590167,2,False,4313,6/8/2018 6:45:00 AM,645,F3,1368,4313,San Jose,43,True,True,G,VEHICLE/PEDESTRAIN,,Friday,,,,,False,False,False,,B,PEDESTRIAN,,1,0,CLEAR,, NO UNUSUAL CONDITIONS - NO UNUSUAL CONDITIONS,, ,A,DAYLIGHT,,,,,,,B,CROSSING IN CROSS WALK AT INTERSECTION,,A,21950A,,1.0,THE ALAMEDA,WESTE,,,A,,,EMORY ST,,,D,8/2/2024 12:32:58 PM,2/6/2025 9:06:03 AM,,,2,,,,,,,
3365549,2018-181570744,2,False,4313,6/6/2018 4:33:00 PM,1633,V2,1368,4313,San Jose,43,True,True,D,BROADSIDE,,Wednesday,,,,,False,False,True,,C,OTHER MOTOR VEHICLE,,1,0,CLEAR,, NO UNUSUAL CONDITIONS - NO UNUSUAL CONDITIONS,, ,A,DAYLIGHT,,,,,,,A,NO PEDESTRIANS INVOLVED,,A,21802A,,1.0,NORTH 5TH ST,DV,,,A,,,EAST HEDDING ST,,,A,8/2/2024 12:32:58 PM,2/6/2025 9:06:03 AM,,,2,,,,,,,
3365548,2018-181580572,2,False,4313,6/7/2018 2:23:00 PM,1423,L1,1368,4313,San Jose,43,True,True,D,BROADSIDE,,Thursday,,,,,False,False,False,,C,OTHER MOTOR VEHICLE,,1,0,CLEAR,, NO UNUSUAL CONDITIONS - NO UNUSUAL CONDITIONS,, ,A,DAYLIGHT,37.19233,-121.52458,,,,,A,NO PEDESTRIANS INVOLVED,,A,21804,,1.0,MARTHA ST,LINCO,,,A,,,S 2ND ST,,,A,8/2/2024 12:32:58 PM,2/6/2025 9:06:03 AM,,,2,,,,,,,
3365545,2018-181570619,2,False,4313,6/6/2018 2:58:00 PM,1458,3,1368,4313,San Jose,43,True,True,G,VEHICLE/PEDESTRAIN,,Wednesday,,,,,False,False,False,,B,PEDESTRIAN,,1,0,CLEAR,, NO UNUSUAL CONDITIONS - NO UNUSUAL CONDITIONS,, ,A,DAYLIGHT,,,,,,,F,NOT IN ROAD,,A,22106,,1.0,154 SENTER RD,XRAY,,,A,,,SENTER RD,,,D,8/2/2024 12:32:58 PM,2/6/2025 9:06:03 AM,,,2,,,,,,,
3365543,2018-181600142,2,False,4313,6/9/2018 3:15:00 AM,315,F5,1368,4313,San Jose,43,True,True,C,REAR END,,Saturday,,,,,False,False,True,,E,PARKED MOTOR VEHICLE,,1,0,CLEAR,, NO UNUSUAL CONDITIONS - NO UNUSUAL CONDITIONS,, ,C,DARK-STREET LIGHTS,37.19224,-121.53598,,,,,A,NO PEDESTRIANS INVOLVED,,A,23152B,,1.0,AUZERAIS AV,WESTE,,,A,W,150.0,ROYAL AV,F,,,8/2/2024 12:32:57 PM,2/6/2025 9:06:02 AM,,,2,,,,,,,
3365541,2018-181570166,2,False,4313,6/6/2018 7:19:00 AM,719,V4,1368,4313,San Jose,43,True,True,A,HEAD-ON,,Wednesday,,,,,False,False,True,,E,PARKED MOTOR VEHICLE,,1,0,CLEAR,, NO UNUSUAL CONDITIONS - NO UNUSUAL CONDITIONS,, ,A,DAYLIGHT,37.21583,-121.52575,,,,,A,NO PEDESTRIANS INVOLVED,,A,21650,,1.0,NORTH 15TH ST,CENTR,,,A,S,1000.0,JACKSON ST,F,,D,8/2/2024 12:32:57 PM,2/6/2025 9:06:02 AM,,,2,,,,,,,
3365539,2018-181610167,2,False,4313,6/10/2018 3:24:00 AM,324,W3,1368,4313,San Jose,43,True,True,B,SIDE SWIPE,,Sunday,,,,,False,False,False,,E,PARKED MOTOR VEHICLE,,1,0,CLEAR,, NO UNUSUAL CONDITIONS - NO UNUSUAL CONDITIONS,, ,C,DARK-STREET LIGHTS,,,,,,,A,NO PEDESTRIANS INVOLVED,,A,22107,,1.0,TOYON AV,WILLI,,,A,N,89.0,HOLLY DR,F,,D,8/2/2024 12:32:57 PM,2/6/2025 9:06:02 AM,,,2,,,,,,,
3365537,2018-181560803,2,False,4313,6/5/2018 5:35:00 PM,1735,3,1368,4313,San Jose,43,True,True,,,,Tuesday,,,,,False,False,True,,C,OTHER MOTOR VEHICLE,,1,0,CLEAR,, NO UNUSUAL CONDITIONS - NO UNUSUAL CONDITIONS,, ,A,DAYLIGHT,,,,,,,A,NO PEDESTRIANS INVOLVED,,A,21801A,,1.0,HEDDING,F,,,A,E,96.0,POLE 12J351,F,,D,8/2/2024 12:32:56 PM,2/6/2025 9:06:02 AM,,,2,,,,,,,
3365535,2018-181560253,2,False,4313,6/5/2018 8:45:00 AM,845,V2,1368,4313,San Jose,43,True,True,C,REAR END,,Tuesday,,,,,False,False,True,,C,OTHER MOTOR VEHICLE,,2,0,CLEAR,, CONSTRUCTION-REPAIR ZONE - CONSTRUCTION-REPAIR ZONE,, ,A,DAYLIGHT,,,,,,,A,NO PEDESTRIANS INVOLVED,,A,22350,,1.0,NORTH 10TH ST,CENTR,,,A,S,36.0,CANNERY PL,F,,A,8/2/2024 12:32:56 PM,2/6/2025 9:06:02 AM,,,2,,,,,,,
3365533,2018-181520437,2,False,4313,6/1/2018 12:40:00 PM,1240,R5,1368,4313,San Jose,43,True,True,A,HEAD-ON,,Friday,,,,,False,False,True,,B,PEDESTRIAN,,0,0,CLEAR,, NO UNUSUAL CONDITIONS - NO UNUSUAL CONDITIONS,, ,A,DAYLIGHT,,,,,,,F,NOT IN ROAD,,A,21804A,,1.0,LUNDY,CENTR,,,A,,,BERRYESSA RD,,,D,8/2/2024 12:32:55 PM,2/6/2025 9:06:02 AM,,,2,,,,,,,
3365532,2018-181520481,2,False,4313,6/1/2018 1:20:00 PM,1320,T2,1368,4313,San Jose,43,True,True,D,BROADSIDE,,Friday,,,,,False,False,True,,C,OTHER MOTOR VEHICLE,,1,0,CLEAR,, NO UNUSUAL CONDITIONS - NO UNUSUAL CONDITIONS,, ,A,DAYLIGHT,37.163,-121.52494,,,,,A,NO PEDESTRIANS INVOLVED,,B,,,1.0,HILLSDALE AV,SOUTH,,,A,N,249.0,ROSS AV,F,,D,8/2/2024 12:32:55 PM,2/6/2025 9:06:02 AM,,,2,,,,,,,
3365527,2018-181561037,2,False,4313,6/5/2018 9:34:00 PM,2134,6,1368,4313,San Jose,43,True,True,D,BROADSIDE,,Tuesday,,,,,False,False,True,,C,OTHER MOTOR VEHICLE,,2,0,CLEAR,, NO UNUSUAL CONDITIONS - NO UNUSUAL CONDITIONS,, ,C,DARK-STREET LIGHTS,37.17459,-121.47619,,,,,A,NO PEDESTRIANS INVOLVED,,A,21453,,1.0,YERBA BUENA RD,P,,,A,,,NIEMAN BL,,,A,8/2/2024 12:32:55 PM,2/6/2025 9:06:02 AM,,,2,,,,,,,
3365523,2018-181550262,2,False,4313,6/4/2018 8:37:00 AM,837,Y5,1368,4313,San Jose,43,True,True,B,SIDE SWIPE,,Monday,,,,,False,False,True,,C,OTHER MOTOR VEHICLE,,1,0,CLEAR,, NO UNUSUAL CONDITIONS - NO UNUSUAL CONDITIONS,, ,A,DAYLIGHT,,,,,,,A,NO PEDESTRIANS INVOLVED,,A,22450A,,1.0,MONTEREY RD,SOUTH,,,A,W,4.0,TRAFFIC LIGHT POLE #19T156,F,,,8/2/2024 12:32:54 PM,2/6/2025 9:06:01 AM,,,2,,,,,,,
3365520,2018-181550654,2,False,4313,6/4/2018 2:56:00 PM,1456,L5,1368,4313,San Jose,43,True,True,D,BROADSIDE,,Monday,,,,,False,False,False,,G,BICYCLE,,1,0,CLEAR,, NO UNUSUAL CONDITIONS - NO UNUSUAL CONDITIONS,, ,A,DAYLIGHT,34.17357,-119.17159,,,,,A,NO PEDESTRIANS INVOLVED,,A,22450,,1.0,JACKIE DR,DL,,,A,,,DURANT AV,,,A,8/2/2024 12:32:53 PM,2/6/2025 9:06:01 AM,,,2,,,,,,,
3365517,2018-181530468,2,False,4313,6/2/2018 11:28:00 AM,1128,C5,1368,4313,San Jose,43,True,True,G,VEHICLE/PEDESTRAIN,,Saturday,,,,,False,False,True,,B,PEDESTRIAN,,2,0,CLEAR,, NO UNUSUAL CONDITIONS - NO UNUSUAL CONDITIONS,, ,A,DAYLIGHT,37.21192,-121.49304,,,,,D,CROSSING - NOT IN CROSSWALK,,A,22106,,1.0,KOLLMAR DR,CHARL,,,A,E,309.0,SOUTH CAPITAL AV,F,,D,8/2/2024 12:32:53 PM,2/6/2025 9:06:01 AM,,,2,,,,,,,