Collision Id,	Report Number,	Report Version,	Is Preliminary,	NCIC Code,Crash Date Time,	Crash Time Description,	Beat,City Id,	City Code,	City Name,County Code,	City Is Active,	City Is Incorporated,	Collision Type Code,Collision Type Description,	Collision Type Other Desc,	Day Of Week,	DispatchNotified,	HasPhotographs,	HitRun,	IsAttachmentsMailed,	IsDeleted,	IsHighwayRelated,	IsTowAway,	JudicialDistrict,	MotorVehicleInvolvedWithCode,	MotorVehicleInvolvedWithDesc,MotorVehicleInvolvedWithOtherDesc,	NumberInjured,	NumberKilled,Weather 1, Weather 2, Road Condition 1, Road Condition 2, Special Condition,LightingCode, LightingDescription,Latitude,Longitude,MilepostDirection,MilepostDistance,MilepostMarker,MilepostUnitOfMeasure,	PedestrianActionCode,PedestrianActionDesc,PreparedDate,	Primary Collision Factor Code,Primary Collision Factor Violation,PrimaryCollisionFactorIsCited,	PrimaryCollisionPartyNumber,	PrimaryRoad,	ReportingDistrict,	ReportingDistrictCode,ReviewedDate,	RoadwaySurfaceCode,SecondaryDirection,	SecondaryDistance,	SecondaryRoad,	SecondaryUnitOfMeasure,	SketchDesc,	TrafficControlDeviceCode,CreatedDate,	ModifiedDate,IsCountyRoad,IsFreeway,CHP555Version,	IsAdditonalObjectStruck,NotificationDate,	NotificationTimeDescription,	HasDigitalMediaFiles,	EvidenceNumber,	IsLocationReferToNarrative,	IsAOIOneSameAsLocation
3417223,2018-182190578,2,False,4313,8/7/2018 3:27:00 PM,1527,K1,1368,4313,San Jose,43,True,True,D,BROADSIDE,,Tuesday,,,,,False,False,True,,C,OTHER MOTOR VEHICLE,,1,0,CLEAR,, NO UNUSUAL CONDITIONS - NO UNUSUAL CONDITIONS,, ,A,DAYLIGHT,,,,,,,A,NO PEDESTRIANS INVOLVED,,A,22450,,1.0,7TH ST,CENTR,,,A,,,ST JAMES ST,,,D,8/2/2024 2:50:53 PM,2/6/2025 10:04:53 AM,,,2,,,,,,,
3417222,2018-182170367,2,False,4313,8/5/2018 9:48:00 AM,948,3,1368,4313,San Jose,43,True,True,C,REAR END,,Sunday,,,,,False,False,True,,C,OTHER MOTOR VEHICLE,,2,0,CLEAR,, NO UNUSUAL CONDITIONS - NO UNUSUAL CONDITIONS,, ,A,DAYLIGHT,37.19244,-121.55256,,,,,A,NO PEDESTRIANS INVOLVED,,A,21750A,,1.0,W SAN CARLOS ST,FRANK,,,A,,,SHASTA AV,,,A,8/2/2024 2:50:53 PM,2/6/2025 10:04:53 AM,,,2,,,,,,,
3417201,2018-182160693,2,False,4313,8/4/2018 5:13:00 PM,1713,W4,1368,4313,San Jose,43,True,True,C,REAR END,,Saturday,,,,,False,False,True,,C,OTHER MOTOR VEHICLE,,1,0,CLEAR,, NO UNUSUAL CONDITIONS - NO UNUSUAL CONDITIONS,, ,A,DAYLIGHT,,,,,,,A,NO PEDESTRIANS INVOLVED,,A,21703,,1.0,MCKEE RD,WILLI,,,A,,,WHITE RD,,,A,8/2/2024 2:50:52 PM,2/6/2025 10:04:52 AM,,,2,,,,,,,
3417198,2018-182160702,2,False,4313,8/4/2018 5:25:00 PM,1725,A1,1368,4313,San Jose,43,True,True,D,BROADSIDE,,Saturday,,,,,False,False,True,,C,OTHER MOTOR VEHICLE,,1,0,CLEAR,, NO UNUSUAL CONDITIONS - NO UNUSUAL CONDITIONS,, ,A,DAYLIGHT,37.14109,-121.54125,,,,,A,NO PEDESTRIANS INVOLVED,,A,21453A,,1.0,BLOSSOM HILL RD,SOUTH,,,A,,,CAMDEN AV,,,A,8/2/2024 2:50:51 PM,2/6/2025 10:04:51 AM,,,2,,,,,,,
3417195,2018-182150367,2,False,4313,8/3/2018 11:14:00 AM,1114,L1,1368,4313,San Jose,43,True,True,A,HEAD-ON,,Friday,,,,,False,False,True,,C,OTHER MOTOR VEHICLE,,2,0,CLEAR,, NO UNUSUAL CONDITIONS - NO UNUSUAL CONDITIONS,, ,A,DAYLIGHT,,,,,,,A,NO PEDESTRIANS INVOLVED,,A,21453A,,1.0,S 1ST ST,WESTE,,,A,,,KEYES ST,,,A,8/2/2024 2:50:51 PM,2/6/2025 10:04:51 AM,,,2,,,,,,,
3417192,2018-182170547,2,False,4313,8/5/2018 2:09:00 PM,1409,2,1368,4313,San Jose,43,True,True,C,REAR END,,Sunday,,,,,False,False,True,,,,,1,0,CLEAR,, NO UNUSUAL CONDITIONS - NO UNUSUAL CONDITIONS,, ,A,DAYLIGHT,37.208,-121.48207,,,,,A,NO PEDESTRIANS INVOLVED,,A,21703,,1.0,S WHITE RD,PAUL,,,A,W,55.0,LIGHTPOLE # 11R285,F,,A,8/2/2024 2:50:51 PM,2/6/2025 10:04:51 AM,,,2,,,,,,,
3417186,2018-182370940,2,False,4313,8/25/2018 8:10:00 PM,2010,F1,1368,4313,San Jose,43,True,True,C,REAR END,,Saturday,,,F,,False,False,False,,C,OTHER MOTOR VEHICLE,,1,0,CLEAR,, NO UNUSUAL CONDITIONS - NO UNUSUAL CONDITIONS,, ,C,DARK-STREET LIGHTS,37.19916,-121.57033,,,,,A,NO PEDESTRIANS INVOLVED,,A,22350,,1.0,S WINCHESTER BL,WESTE,,,A,S,30.0,OLSEN DR,F,,A,8/2/2024 2:50:51 PM,2/6/2025 10:04:51 AM,,,2,,,,,,,
3417165,2018-182030157,2,False,4313,7/22/2018 2:35:00 AM,235,K3,1368,4313,San Jose,43,True,True,A,HEAD-ON,,Sunday,,,,,False,False,True,,E,PARKED MOTOR VEHICLE,,1,0,CLEAR,, NO UNUSUAL CONDITIONS - NO UNUSUAL CONDITIONS,, ,C,DARK-STREET LIGHTS,,,,,,,A,NO PEDESTRIANS INVOLVED,,A,21651,,1.0,13TH ST,CENTR,,,A,,,SAN SALVADOR ST,,,A,8/2/2024 2:50:49 PM,2/6/2025 10:04:49 AM,,,2,,,,,,,
3417101,2018-182150549,2,False,4313,8/3/2018 2:20:00 PM,1420,M5,1368,4313,San Jose,43,True,True,C,REAR END,,Friday,,,,,False,False,False,,C,OTHER MOTOR VEHICLE,,1,0,CLEAR,, NO UNUSUAL CONDITIONS - NO UNUSUAL CONDITIONS,, ,A,DAYLIGHT,,,,,,,A,NO PEDESTRIANS INVOLVED,,A,22350,,1.0,S WHITE RD,MARY,,,A,N,100.0,BUCKNER DR,F,,D,8/2/2024 2:50:45 PM,2/6/2025 10:04:44 AM,,,2,,,,,,,
3417100,2018-182130555,2,False,4313,8/1/2018 2:20:00 PM,1420,L4,1368,4313,San Jose,43,True,True,D,BROADSIDE,,Wednesday,,,,,False,False,True,,C,OTHER MOTOR VEHICLE,,1,0,CLEAR,, NO UNUSUAL CONDITIONS - NO UNUSUAL CONDITIONS,, ,A,DAYLIGHT,34.18432,-119.21542,,,,,A,NO PEDESTRIANS INVOLVED,,A,21453A,,1.0,SOUTHWEST EXPWY,WESTE,,,A,,,FRUITDALE AV,,,A,8/2/2024 2:50:45 PM,2/6/2025 10:04:44 AM,,,2,,,,,,,
3417093,2018-1821140207,2,False,4313,8/1/2018 5:30:00 AM,530,D2,1368,4313,San Jose,43,True,True,,,,Wednesday,,,,,False,False,False,,B,PEDESTRIAN,,1,0,CLEAR,, NO UNUSUAL CONDITIONS - NO UNUSUAL CONDITIONS,, ,C,DARK-STREET LIGHTS,,,,,,,E,IN ROAD - INCLUDES SHOULDER,,A,22350,,1.0,AIRPORT BL,DAVID,,,A,,,AIRPORT BL 1701,,,A,8/2/2024 2:50:44 PM,2/6/2025 10:04:44 AM,,,2,,,,,,,
3417088,2018-182190060,2,False,4313,8/7/2018 1:55:00 AM,155,M1,1368,4313,San Jose,43,True,True,A,HEAD-ON,,Tuesday,,,,,False,False,True,,I,FIXED OBJECT,,1,0,CLEAR,, NO UNUSUAL CONDITIONS - NO UNUSUAL CONDITIONS,, ,C,DARK-STREET LIGHTS,34.222,-119.1846,,,,,A,NO PEDESTRIANS INVOLVED,,A,22350,,1.0,EDUCATIONAL PARK DR,FOOTH,,,A,S,25.0,MABURY RD,F,,D,8/2/2024 2:50:44 PM,2/6/2025 10:04:43 AM,,,2,,,,,,,
3417087,2018-182150790,2,False,4313,8/3/2018 6:30:00 PM,1830,M3,1368,4313,San Jose,43,True,True,G,VEHICLE/PEDESTRAIN,,Friday,,,,,False,False,True,,B,PEDESTRIAN,,3,0,CLEAR,OTHER, NO UNUSUAL CONDITIONS - NO UNUSUAL CONDITIONS,, ,A,DAYLIGHT,,,,,,,F,NOT IN ROAD,,A,22350,,1.0,KING RD,MARY,,,A,,,ALUM ROCK,,,A,8/2/2024 2:50:44 PM,2/6/2025 10:04:43 AM,,,2,,,,,,,
3417081,2018-182130635,2,False,4313,8/1/2018 3:44:00 PM,1544,K2,1368,4313,San Jose,43,True,True,A,HEAD-ON,,Wednesday,,,,,False,False,True,,C,OTHER MOTOR VEHICLE,,2,0,CLEAR,, NO UNUSUAL CONDITIONS - NO UNUSUAL CONDITIONS,, ,A,DAYLIGHT,,,,,,,A,NO PEDESTRIANS INVOLVED,,A,21801,,1.0,SANTA CLARA,CENTR,,,A,,,8TH ST,,,D,8/2/2024 2:50:44 PM,2/6/2025 10:04:43 AM,,,2,,,,,,,
3417078,2018-182150979,2,False,4313,8/3/2018 9:17:00 PM,2117,4,1368,4313,San Jose,43,True,True,E,HIT OBJECT,,Friday,,,,,False,False,True,,I,FIXED OBJECT,,1,0,CLEAR,, NO UNUSUAL CONDITIONS - NO UNUSUAL CONDITIONS,, ,C,DARK-STREET LIGHTS,,,,,,,A,NO PEDESTRIANS INVOLVED,,A,22107,,1.0,WHITE RD,P,,,A,,,STEVENS RD,,,A,8/2/2024 2:50:43 PM,2/6/2025 10:04:42 AM,,,2,,,,,,,
3416761,2018-182460921,2,False,4313,9/3/2018 9:44:00 PM,2144,4,1368,4313,San Jose,43,True,True,D,BROADSIDE,,Monday,,,,,False,False,True,,C,OTHER MOTOR VEHICLE,,4,0,CLEAR,, NO UNUSUAL CONDITIONS - NO UNUSUAL CONDITIONS,, ,C,DARK-STREET LIGHTS,,,,,,,A,NO PEDESTRIANS INVOLVED,,A,22107,,1.0,ABORN RD,PAUL,,,A,,,KETTMANN RD,,,A,8/2/2024 2:50:23 PM,2/6/2025 10:04:18 AM,,,2,,,,,,,
3416756,2018-182450970,2,False,4313,9/2/2018 9:42:00 PM,2142,5,1368,4313,San Jose,43,True,True,C,REAR END,,Sunday,,,,,False,False,True,,C,OTHER MOTOR VEHICLE,,2,0,CLEAR,, NO UNUSUAL CONDITIONS - NO UNUSUAL CONDITIONS,, ,E,DARK-STREET LIGHTS NOT FUNCTIONING*,,,,,,,A,NO PEDESTRIANS INVOLVED,,A,22350,,1.0,ABORN RD,PAUL,,,A,,,TEDDINGTON DR,,,D,8/2/2024 2:50:22 PM,2/6/2025 10:04:18 AM,,,2,,,,,,,
3416284,2018-182390564,2,False,4313,8/27/2018 3:00:00 PM,1500,Y4,1368,4313,San Jose,43,True,True,A,HEAD-ON,,Monday,,,,,False,False,False,,G,BICYCLE,,2,0,CLEAR,, NO UNUSUAL CONDITIONS - NO UNUSUAL CONDITIONS,, ,A,DAYLIGHT,,,,,,,D,CROSSING - NOT IN CROSSWALK,,A,22350,,1.0,EL MOLINO WY,SJMUN,,,A,,,COTTLE RD,,,D,8/2/2024 2:49:49 PM,2/6/2025 10:03:39 AM,,,2,,,,,,,
3415789,2018-182070970,2,False,4313,7/26/2018 10:52:00 PM,2252,A5,1368,4313,San Jose,43,True,True,,,,Thursday,,,,,False,False,True,,C,OTHER MOTOR VEHICLE,,1,0,CLEAR,, NO UNUSUAL CONDITIONS - NO UNUSUAL CONDITIONS,, ,C,DARK-STREET LIGHTS,37.12338,-121.50465,,,,,A,NO PEDESTRIANS INVOLVED,,A,22350,,1.0,ALMADEN EXPWY,ADAM,,,A,,,VIA VALIENTE,,,D,8/2/2024 2:49:10 PM,2/6/2025 10:03:02 AM,,,2,,,,,,,
3415784,2018-181990720,2,False,4313,7/18/2018 5:00:00 PM,1700,A2,1368,4313,San Jose,43,True,True,D,BROADSIDE,,Wednesday,,,,,False,False,False,,E,PARKED MOTOR VEHICLE,,1,0,CLEAR,, NO UNUSUAL CONDITIONS - NO UNUSUAL CONDITIONS,, ,A,DAYLIGHT,37.15234,-121.52511,,,,,A,NO PEDESTRIANS INVOLVED,,A,22100A,,1.0,CLOVERCREST DR,SOUTH,,,A,,,GLEN BRAE LN,,,D,8/2/2024 2:49:09 PM,2/6/2025 10:03:02 AM,,,2,,,,,,,
3415747,2018-182110359,2,False,4313,7/30/2018 10:48:00 AM,1048,E3,1368,4313,San Jose,43,True,True,G,VEHICLE/PEDESTRAIN,,Monday,,,,,False,False,False,,B,PEDESTRIAN,,1,0,CLEAR,, NO UNUSUAL CONDITIONS - NO UNUSUAL CONDITIONS,, ,A,DAYLIGHT,,,,,,,B,CROSSING IN CROSS WALK AT INTERSECTION,,A,21950,,1.0,2ND,CENTR,,,,,,SAN FERNANDO,,,A,8/2/2024 2:49:06 PM,2/6/2025 10:02:59 AM,,,2,,,,,,,
3415743,2018-182120439,2,False,4313,7/31/2018 12:40:00 PM,1240,T2,1368,4313,San Jose,43,True,True,D,BROADSIDE,,Tuesday,,,,,False,False,True,,D,MOTOR VEHICLE ON OTHER ROADWAY,,2,0,CLEAR,, NO UNUSUAL CONDITIONS - NO UNUSUAL CONDITIONS,, ,A,DAYLIGHT,,,,,,,A,NO PEDESTRIANS INVOLVED,,A,21453A,,1.0,CURTNER AV,SOUTH,,,A,,,LEIGH AV,,,A,8/2/2024 2:49:06 PM,2/6/2025 10:02:59 AM,,,2,,,,,,,
3415506,2018-182200714,2,False,4313,8/10/2018 6:05:00 PM,1805,W1,1368,4313,San Jose,43,True,True,C,REAR END,,Friday,,,,,False,False,False,,C,OTHER MOTOR VEHICLE,,2,0,CLEAR,, NO UNUSUAL CONDITIONS - NO UNUSUAL CONDITIONS,, ,A,DAYLIGHT,,,,,,,A,NO PEDESTRIANS INVOLVED,,A,22350,,1.0,HOSTETTER RD,DW,,,,,,MORRILL AV,,,,8/2/2024 2:48:48 PM,2/6/2025 10:02:41 AM,,,2,,,,,,,
3415502,2018-182360527,2,False,4313,8/24/2018 2:39:00 PM,1439,R1,1368,4313,San Jose,43,True,True,C,REAR END,,Friday,,,,,False,False,True,,C,OTHER MOTOR VEHICLE,,1,0,CLEAR,, NO UNUSUAL CONDITIONS - NO UNUSUAL CONDITIONS,, ,A,DAYLIGHT,,,,,,,A,NO PEDESTRIANS INVOLVED,,A,22350,,1.0,MONTAGUE EXPWY,CENTR,,,A,,,O'TOOLE AV,,,A,8/2/2024 2:48:48 PM,2/6/2025 10:02:40 AM,,,2,,,,,,,
3415498,2018-182220605,2,False,4313,8/10/2018 4:41:00 PM,1641,T3,1368,4313,San Jose,43,True,True,A,HEAD-ON,,Friday,,,,,False,False,True,,E,PARKED MOTOR VEHICLE,,1,0,CLEAR,, NO UNUSUAL CONDITIONS - NO UNUSUAL CONDITIONS,, ,A,DAYLIGHT,,,,,,,A,NO PEDESTRIANS INVOLVED,,A,22107,,1.0,BIRD AV,SOUTH,,,A,,,ARBOR DR,,,D,8/2/2024 2:48:48 PM,2/6/2025 10:02:40 AM,,,2,,,,,,,
3415486,2018-182350957,2,False,4313,8/23/2018 9:47:00 PM,2147,L4,1368,4313,San Jose,43,True,True,B,SIDE SWIPE,,Thursday,,,F,,False,False,True,,C,OTHER MOTOR VEHICLE,,1,0,CLEAR,, NO UNUSUAL CONDITIONS - NO UNUSUAL CONDITIONS,, ,C,DARK-STREET LIGHTS,,,,,,,A,NO PEDESTRIANS INVOLVED,,A,21453,,1.0,MONTEREY RD,LINCO,,,A,,,E CAPITOL EXPWY,,,A,8/2/2024 2:48:47 PM,2/6/2025 10:02:39 AM,,,2,,,,,,,
3415482,2018-182390221,2,False,4313,8/27/2018 8:18:00 AM,818,C6,1368,4313,San Jose,43,True,True,A,HEAD-ON,,Monday,,,,,False,False,False,,B,PEDESTRIAN,,2,0,CLEAR,, NO UNUSUAL CONDITIONS - NO UNUSUAL CONDITIONS,, ,A,DAYLIGHT,37.18224,-121.46343,,,,,D,CROSSING - NOT IN CROSSWALK,,A,21954A,,,DELTA RD,FOOTH,,,A,,,MIDDLE PARK DR,,,D,8/2/2024 2:48:46 PM,2/6/2025 10:02:39 AM,,,2,,,,,,,
3415478,2018-182140184,2,False,4313,8/2/2018 7:25:00 AM,725,M5,1368,4313,San Jose,43,True,True,C,REAR END,,Thursday,,,,,False,False,True,,E,PARKED MOTOR VEHICLE,,1,0,CLEAR,, NO UNUSUAL CONDITIONS - NO UNUSUAL CONDITIONS,, ,A,DAYLIGHT,34.21499,-119.16536,,,,,A,NO PEDESTRIANS INVOLVED,,A,22107,,1.0,ROSE AV,MARY,,,A,E,70.0,NANCY LN,F,,A,8/2/2024 2:48:46 PM,2/6/2025 10:02:38 AM,,,2,,,,,,,
3415473,2018-182350611,2,False,4313,8/23/2018 2:50:00 PM,1450,6,1368,4313,San Jose,43,True,True,G,VEHICLE/PEDESTRAIN,,Thursday,,,,,False,False,False,,B,PEDESTRIAN,,1,0,CLEAR,, NO UNUSUAL CONDITIONS - NO UNUSUAL CONDITIONS,, ,A,DAYLIGHT,,,,,,,D,CROSSING - NOT IN CROSSWALK,,A,20001,,1.0,RUBY,P,,,A,,,CORTONA,,,D,8/2/2024 2:48:46 PM,2/6/2025 10:02:38 AM,,,2,,,,,,,
3415470,2018-182320299,2,False,4313,8/20/2018 10:50:00 AM,1050,N2,1368,4313,San Jose,43,True,True,C,REAR END,,Monday,,,,,False,False,True,,C,OTHER MOTOR VEHICLE,,2,0,CLEAR,, NO UNUSUAL CONDITIONS - NO UNUSUAL CONDITIONS,, ,A,DAYLIGHT,,,,,,,A,NO PEDESTRIANS INVOLVED,,A,,,1.0,SARATOGA AV,WESTE,,,A,,,KIELY BL,,,A,8/2/2024 2:48:45 PM,2/6/2025 10:02:38 AM,,,2,,,,,,,
3415466,2018-182350536,2,False,4313,8/23/2018 2:36:00 PM,1436,5,1368,4313,San Jose,43,True,True,D,BROADSIDE,,Thursday,,,,,False,False,True,,C,OTHER MOTOR VEHICLE,,1,0,CLEAR,, NO UNUSUAL CONDITIONS - NO UNUSUAL CONDITIONS,, ,A,DAYLIGHT,,,,,,,A,NO PEDESTRIANS INVOLVED,,A,21453,,1.0,BIRD AV,F,,,A,,,AUZERAIS AV,,,A,8/2/2024 2:48:45 PM,2/6/2025 10:02:38 AM,,,2,,,,,,,
3415462,2018-182250320,2,False,4313,8/13/2018 9:59:00 AM,959,A3,1368,4313,San Jose,43,True,True,B,SIDE SWIPE,,Monday,,,,,False,False,True,,C,OTHER MOTOR VEHICLE,,1,0,CLEAR,, NO UNUSUAL CONDITIONS - NO UNUSUAL CONDITIONS,, ,A,DAYLIGHT,,,,,,,A,NO PEDESTRIANS INVOLVED,,A,21453,,,THORNWOOD,SOUTH,,,A,,,SANTA TERESA,,,A,8/2/2024 2:48:45 PM,2/6/2025 10:02:37 AM,,,2,,,,,,,
3415459,2018-182150657,2,False,4313,8/3/2018 4:30:00 PM,1630,R3,1368,4313,San Jose,43,True,True,A,HEAD-ON,,Friday,,,,,False,False,True,,C,OTHER MOTOR VEHICLE,,3,0,CLEAR,, NO UNUSUAL CONDITIONS - NO UNUSUAL CONDITIONS,, ,A,DAYLIGHT,34.22157,-119.21324,,,,,A,NO PEDESTRIANS INVOLVED,,A,21802A,,1.0,N 4TH ST,CENTR,,,A,,,MATRIIX BL,,,A,8/2/2024 2:48:44 PM,2/6/2025 10:02:37 AM,,,2,,,,,,,
3415454,2018-182260255,2,False,4313,8/14/2018 8:35:00 AM,835,N4,1368,4313,San Jose,43,True,True,G,VEHICLE/PEDESTRAIN,,Tuesday,,,,,False,False,False,,B,PEDESTRIAN,,1,0,CLEAR,, NO UNUSUAL CONDITIONS - NO UNUSUAL CONDITIONS,, ,A,DAYLIGHT,37.18955,-121.58237,,,,,E,IN ROAD - INCLUDES SHOULDER,,A,21956B,,1.0,BARRYMORE DR,WESTE,,,A,,,TEALE AV,,,D,8/2/2024 2:48:44 PM,2/6/2025 10:02:37 AM,,,2,,,,,,,
3415450,2018-182330778,2,False,4313,8/21/2018 5:44:00 PM,1744,V2,1368,4313,San Jose,43,True,True,D,BROADSIDE,,Tuesday,,,,,False,False,True,,C,OTHER MOTOR VEHICLE,,2,0,CLEAR,, HOLES- DEEPRUT* - HOLES- DEEPRUT*,, ,A,DAYLIGHT,37.21362,-121.53435,,,,,A,NO PEDESTRIANS INVOLVED,,A,21801,,1.0,N 10TH ST,CENTR,,,A,,,HORNING ST,,,D,8/2/2024 2:48:44 PM,2/6/2025 10:02:36 AM,,,2,,,,,,,
3415446,2018-182320833,2,False,4313,8/20/2018 8:52:00 PM,2052,A5,1368,4313,San Jose,43,True,True,A,HEAD-ON,,Monday,,,,,False,False,True,,I,FIXED OBJECT,,1,0,CLEAR,, NO UNUSUAL CONDITIONS - NO UNUSUAL CONDITIONS,, ,C,DARK-STREET LIGHTS,37.13118,-121.5136,,,,,A,NO PEDESTRIANS INVOLVED,,A,22350,,1.0,ALMADEN EXPWY,SOUTH,,,A,S,42.0,VALIENTE CT,F,,D,8/2/2024 2:48:43 PM,2/6/2025 10:02:36 AM,,,2,,,,,,,
3415441,2018-182320530,2,False,4313,8/20/2018 3:20:00 PM,1520,Y4,1368,4313,San Jose,43,True,True,E,HIT OBJECT,,Monday,,,,,False,False,True,,I,FIXED OBJECT,,1,0,CLEAR,, NO UNUSUAL CONDITIONS - NO UNUSUAL CONDITIONS,, ,A,DAYLIGHT,37.13473,-121.4627,,,,,A,NO PEDESTRIANS INVOLVED,,A,22350,,1.0,BERNAL RD,SOUTH,,,A,,,VIA DEL ORO,,,D,8/2/2024 2:48:43 PM,2/6/2025 10:02:36 AM,,,2,,,,,,,
3415437,2018-182370596,2,False,4313,8/25/2018 3:14:00 PM,1514,F5,1368,4313,San Jose,43,True,True,C,REAR END,,Saturday,,,F,,False,False,False,,C,OTHER MOTOR VEHICLE,,1,0,CLEAR,, NO UNUSUAL CONDITIONS - NO UNUSUAL CONDITIONS,, ,A,DAYLIGHT,37.19246,-121.54409,,,,,A,NO PEDESTRIANS INVOLVED,,A,22350,,1.0,RACE ST,WESTE,,,A,,,W SAN CARLOS ST,,,A,8/2/2024 2:48:43 PM,2/6/2025 10:02:35 AM,,,2,,,,,,,
3415434,2018-182350696,2,False,4313,8/23/2018 5:05:00 PM,1705,K3,1368,4313,San Jose,43,True,True,B,SIDE SWIPE,,Thursday,,,F,,False,False,False,,G,BICYCLE,,1,0,CLEAR,, NO UNUSUAL CONDITIONS - NO UNUSUAL CONDITIONS,, ,A,DAYLIGHT,37.20166,-121.52391,,,,,A,NO PEDESTRIANS INVOLVED,,A,21750C,,1.0,S 11TH ST,DISTR,,,A,,,E SAN ANTONIO ST,,,D,8/2/2024 2:48:43 PM,2/6/2025 10:02:35 AM,,,2,,,,,,,
3415430,2018-182260748,2,False,4313,8/14/2018 5:36:00 PM,1736,A1,1368,4313,San Jose,43,True,True,A,HEAD-ON,,Tuesday,,,,,False,False,False,,G,BICYCLE,,1,0,CLEAR,, NO UNUSUAL CONDITIONS - NO UNUSUAL CONDITIONS,, ,A,DAYLIGHT,,,,,,,A,NO PEDESTRIANS INVOLVED,,D,,,,HICKS RD,DISTR,,,A,,,BURKE RD,,,A,8/2/2024 2:48:42 PM,2/6/2025 10:02:35 AM,,,2,,,,,,,
3415270,2018-182350411,2,False,4313,8/23/2018 12:24:00 PM,1224,Y3,1368,4313,San Jose,43,True,True,,,,Thursday,,,,,False,False,False,,C,OTHER MOTOR VEHICLE,,1,0,CLEAR,, NO UNUSUAL CONDITIONS - NO UNUSUAL CONDITIONS,, ,A,DAYLIGHT,37.15535,-121.48143,,,,,A,NO PEDESTRIANS INVOLVED,,A,22350,,1.0,COTTLE RD,SOTUH,,,A,,,POUGHKEEPSIE RD,,,A,8/2/2024 2:48:31 PM,2/6/2025 10:02:23 AM,,,2,,,,,,,
3415115,2018-182390622,2,False,4313,8/27/2018 3:40:00 PM,1540,M4,1368,4313,San Jose,43,True,True,C,REAR END,,Monday,,,,,False,False,False,,C,OTHER MOTOR VEHICLE,,2,0,CLEAR,, NO UNUSUAL CONDITIONS - NO UNUSUAL CONDITIONS,, ,A,DAYLIGHT,,,,,,,A,NO PEDESTRIANS INVOLVED,,A,22350,,1.0,E SAN ANTONIO ST,FOOTH,,,A,W,385.0,PRESERVATION DR,F,,,8/2/2024 2:48:21 PM,2/6/2025 10:02:11 AM,,,2,,,,,,,
3415110,2018-182420838,2,False,4313,8/30/2018 6:58:00 PM,1858,R2,1368,4313,San Jose,43,True,True,A,HEAD-ON,,Thursday,,,,,False,False,True,,C,OTHER MOTOR VEHICLE,,2,0,CLEAR,, NO UNUSUAL CONDITIONS - NO UNUSUAL CONDITIONS,, ,A,DAYLIGHT,37.22562,-121.54199,,,,,A,NO PEDESTRIANS INVOLVED,,A,21453A,,,E BROKAW RD,ROBER,,,A,,,RIDDER PARK DR,,,A,8/2/2024 2:48:21 PM,2/6/2025 10:02:11 AM,,,2,,,,,,,
3415106,2018-182220133,2,False,4313,8/10/2018 5:52:00 AM,552,R3,1368,4313,San Jose,43,True,True,D,BROADSIDE,,Friday,,,,,False,False,True,,C,OTHER MOTOR VEHICLE,,1,0,CLEAR,, NO UNUSUAL CONDITIONS - NO UNUSUAL CONDITIONS,, ,A,DAYLIGHT,34.22112,-119.21142,,,,,A,NO PEDESTRIANS INVOLVED,,A,21801,,1.0,OLD BAYSHORE HWY,CENTR,,,A,E,33.0,TERMINAL AV,F,,D,8/2/2024 2:48:20 PM,2/6/2025 10:02:11 AM,,,2,,,,,,,
3415102,2018-182320263,2,False,4313,8/20/2018 8:50:00 PM,2050,R1,1368,4313,San Jose,43,True,True,D,BROADSIDE,,Monday,,,,,False,False,True,,C,OTHER MOTOR VEHICLE,,2,0,CLEAR,, NO UNUSUAL CONDITIONS - NO UNUSUAL CONDITIONS,, ,A,DAYLIGHT,34.23224,-119.22177,,,,,A,NO PEDESTRIANS INVOLVED,,A,21453A,,1.0,E TRIMBLE RD,ROBER,,,A,,,ZANKER RD,,,A,8/2/2024 2:48:20 PM,2/6/2025 10:02:11 AM,,,2,,,,,,,
3415090,2018-182320200,2,False,4313,8/20/2018 8:30:00 AM,830,L2,1368,4313,San Jose,43,True,True,D,BROADSIDE,,Monday,,,,,False,True,True,,D,MOTOR VEHICLE ON OTHER ROADWAY,,1,0,CLEAR,, NO UNUSUAL CONDITIONS - NO UNUSUAL CONDITIONS,, ,A,DAYLIGHT,37.20131,-121.51581,,,,,A,NO PEDESTRIANS INVOLVED,,A,21453A,,1.0,MCLAUGHLIN AV,WESTE,,,A,,,RT 280,,,A,8/2/2024 2:48:20 PM,2/6/2025 10:02:10 AM,,,2,,,,,,,
3415086,2018-182180605,2,False,4313,6/6/2018 4:31:00 PM,1631,5,1368,4313,San Jose,43,True,True,H,OTHER,,Wednesday,,,,,False,False,False,,J,OTHER OBJECT,,1,0,CLEAR,, NO UNUSUAL CONDITIONS - NO UNUSUAL CONDITIONS,, ,A,DAYLIGHT,37.19246,-121.54494,,,,,A,NO PEDESTRIANS INVOLVED,,A,21658A,,1.0,MERIDIAN AV,DF,,,A,W,28.0,SAN CARLOS ST,F,,A,8/2/2024 2:48:19 PM,2/6/2025 10:02:09 AM,,,2,,,,,,,
3415082,2018-182410189,2,False,4313,6/29/2018 7:42:00 AM,742,P1,1368,4313,San Jose,43,True,True,G,VEHICLE/PEDESTRAIN,,Friday,,,,,False,False,False,,B,PEDESTRIAN,,1,0,CLEAR,, NO UNUSUAL CONDITIONS - NO UNUSUAL CONDITIONS,, ,A,DAYLIGHT,,,,,,,,,,A,21950A,,,TULLY RD,DP,,,A,,,HURAN DR,,,A,8/2/2024 2:48:19 PM,2/6/2025 10:02:09 AM,,,2,,,,,,,
3415078,2018-182190696,2,False,4313,8/7/2018 5:12:00 PM,1712,6,1368,4313,San Jose,43,True,True,G,VEHICLE/PEDESTRAIN,,Tuesday,,,,,False,False,False,,B,PEDESTRIAN,,1,0,CLEAR,, NO UNUSUAL CONDITIONS - NO UNUSUAL CONDITIONS,, ,A,DAYLIGHT,,,,,,,E,IN ROAD - INCLUDES SHOULDER,,D,,,,MCCARTY RANCH DR,P,,,A,,,RANCH HOUSE WY,,,D,8/2/2024 2:48:19 PM,2/6/2025 10:02:09 AM,,,2,,,,,,,
3415075,2018-182190760,2,False,4313,8/8/2018 5:53:00 PM,1753,T5,1368,4313,San Jose,43,True,True,,,,Wednesday,,,,,False,False,True,,C,OTHER MOTOR VEHICLE,,1,0,CLEAR,, NO UNUSUAL CONDITIONS - NO UNUSUAL CONDITIONS,, ,A,DAYLIGHT,37.16409,-121.5248,,,,,A,NO PEDESTRIANS INVOLVED,,A,22450,,1.0,ALMADEN EXPWY,SOUTH,,,A,N,50.0,FOXWORTHY AV,F,,A,8/2/2024 2:48:19 PM,2/6/2025 10:02:09 AM,,,2,,,,,,,