Collision Id,	Report Number,	Report Version,	Is Preliminary,	NCIC Code,Crash Date Time,	Crash Time Description,	Beat,City Id,	City Code,	City Name,County Code,	City Is Active,	City Is Incorporated,	Collision Type Code,Collision Type Description,	Collision Type Other Desc,	Day Of Week,	DispatchNotified,	HasPhotographs,	HitRun,	IsAttachmentsMailed,	IsDeleted,	IsHighwayRelated,	IsTowAway,	JudicialDistrict,	MotorVehicleInvolvedWithCode,	MotorVehicleInvolvedWithDesc,MotorVehicleInvolvedWithOtherDesc,	NumberInjured,	NumberKilled,Weather 1, Weather 2, Road Condition 1, Road Condition 2, Special Condition,LightingCode, LightingDescription,Latitude,Longitude,MilepostDirection,MilepostDistance,MilepostMarker,MilepostUnitOfMeasure,	PedestrianActionCode,PedestrianActionDesc,PreparedDate,	Primary Collision Factor Code,Primary Collision Factor Violation,PrimaryCollisionFactorIsCited,	PrimaryCollisionPartyNumber,	PrimaryRoad,	ReportingDistrict,	ReportingDistrictCode,ReviewedDate,	RoadwaySurfaceCode,SecondaryDirection,	SecondaryDistance,	SecondaryRoad,	SecondaryUnitOfMeasure,	SketchDesc,	TrafficControlDeviceCode,CreatedDate,	ModifiedDate,IsCountyRoad,IsFreeway,CHP555Version,	IsAdditonalObjectStruck,NotificationDate,	NotificationTimeDescription,	HasDigitalMediaFiles,	EvidenceNumber,	IsLocationReferToNarrative,	IsAOIOneSameAsLocation
3444822,2018-182870927,2,False,4313,10/13/2018 10:08:00 PM,2208,L4,1368,4313,San Jose,43,True,True,D,BROADSIDE,,Saturday,,,,,False,False,True,,C,OTHER MOTOR VEHICLE,,1,0,CLEAR,, NO UNUSUAL CONDITIONS - NO UNUSUAL CONDITIONS,, ,C,DARK-STREET LIGHTS,,,,,,,A,NO PEDESTRIANS INVOLVED,,A,23152,,1.0,SENTER RD,DL,,,A,W,37.0,OLDHAM WY,F,,D,8/2/2024 3:32:08 PM,2/6/2025 1:10:04 PM,,,2,,,,,,,
3444819,2018-182640725,2,False,4313,9/21/2018 9:24:00 AM,924,A5,1368,4313,San Jose,43,True,True,,,,Friday,,,,,False,False,False,,G,BICYCLE,,1,0,CLEAR,, NO UNUSUAL CONDITIONS - NO UNUSUAL CONDITIONS,, ,A,DAYLIGHT,37.13988,-121.5154,,,,,D,CROSSING - NOT IN CROSSWALK,,A,22350,,1.0,TRINIDAD DR,SOUTH,,,A,,,WASHOE DR,,,D,8/2/2024 3:32:08 PM,2/6/2025 1:10:03 PM,,,2,,,,,,,
3444810,2018-182880361,2,False,4313,10/15/2018 10:00:00 AM,1000,M5,1368,4313,San Jose,43,True,True,C,REAR END,,Monday,,,,,False,False,False,,B,PEDESTRIAN,,1,0,CLEAR,, NO UNUSUAL CONDITIONS - NO UNUSUAL CONDITIONS,, ,A,DAYLIGHT,,,,,,,C,CROSSING IN CROSS WALK - NOT AT INTERSECTION,,A,21950A,,1.0,S CAPITOL AV,FOOTH,,,A,,,MERVYNS WY,,,B,8/2/2024 3:32:07 PM,2/6/2025 1:10:03 PM,,,2,,,,,,,
3444806,2018-182830961,2,False,4313,10/10/2018 9:48:00 PM,2148,S5,1368,4313,San Jose,43,True,True,G,VEHICLE/PEDESTRAIN,,Wednesday,,,F,,False,False,False,,B,PEDESTRIAN,,1,0,CLEAR,, NO UNUSUAL CONDITIONS - NO UNUSUAL CONDITIONS,, ,C,DARK-STREET LIGHTS,37.18508,-121.5248,,,,,E,IN ROAD - INCLUDES SHOULDER,,A,21950,,,FLOYD ST,DS,,,A,,,VINE ST,,,D,8/2/2024 3:32:06 PM,2/6/2025 1:10:03 PM,,,2,,,,,,,
3444803,2018-182840437,2,False,4313,10/11/2018 12:04:00 PM,1204,K3,1368,4313,San Jose,43,True,True,,,,Thursday,,,,,False,False,False,,C,OTHER MOTOR VEHICLE,,1,0,CLEAR,, NO UNUSUAL CONDITIONS - NO UNUSUAL CONDITIONS,, ,A,DAYLIGHT,,,,,,,A,NO PEDESTRIANS INVOLVED,,D,,,,S 11TH ST,DK,,,A,,,E SAN FERNANDO ST,,,D,8/2/2024 3:32:06 PM,2/6/2025 1:10:03 PM,,,2,,,,,,,
3444800,2018-182680354,2,False,4313,9/25/2018 10:45:00 AM,1045,K3,1368,4313,San Jose,43,True,True,,,,Tuesday,,,,,False,False,True,,C,OTHER MOTOR VEHICLE,,2,0,CLEAR,, NO UNUSUAL CONDITIONS - NO UNUSUAL CONDITIONS,, ,A,DAYLIGHT,37.201,-121.52274,,,,,A,NO PEDESTRIANS INVOLVED,,A,22107,,1.0,S 11TH ST,DK,,,A,,,E WILLIAM ST,,,A,8/2/2024 3:32:06 PM,2/6/2025 1:10:03 PM,,,2,,,,,,,
3444799,2018-182760586,2,False,4313,10/3/2018 3:10:00 PM,1510,6,1368,4313,San Jose,43,True,True,G,VEHICLE/PEDESTRAIN,,Wednesday,,,,,False,False,False,,B,PEDESTRIAN,,1,0,CLOUDY,, NO UNUSUAL CONDITIONS - NO UNUSUAL CONDITIONS,, ,A,DAYLIGHT,,,,,,,D,CROSSING - NOT IN CROSSWALK,,A,22350,,1.0,BORDEN DR,LINCO,,,A,,,SHERLOCK DR,,,D,8/2/2024 3:32:05 PM,2/6/2025 1:10:03 PM,,,2,,,,,,,
3444796,2018-182681021,2,False,4313,9/25/2018 9:02:00 PM,2102,L4,1368,4313,San Jose,43,True,True,C,REAR END,,Tuesday,,,,,False,False,True,,C,OTHER MOTOR VEHICLE,,2,0,CLEAR,, NO UNUSUAL CONDITIONS - NO UNUSUAL CONDITIONS,, ,C,DARK-STREET LIGHTS,37.18194,-121.51499,,,,,A,NO PEDESTRIANS INVOLVED,,A,22350,,1.0,S 10TH ST,DL,,,,N,51.0,TULLY RD,F,,A,8/2/2024 3:32:05 PM,2/6/2025 1:10:03 PM,,,2,,,,,,,
3444795,2018-182761045,2,False,4313,10/3/2018 10:38:00 PM,2238,L5,1368,4313,San Jose,43,True,True,B,SIDE SWIPE,,Wednesday,,,,,False,False,True,,C,OTHER MOTOR VEHICLE,,1,0,CLEAR,, NO UNUSUAL CONDITIONS - NO UNUSUAL CONDITIONS,, ,C,DARK-STREET LIGHTS,,,,,,,A,NO PEDESTRIANS INVOLVED,,A,21658A,,1.0,SENTER RD,DL,,,A,,,JACKIE DR,,,D,8/2/2024 3:32:05 PM,2/6/2025 1:10:03 PM,,,2,,,,,,,
3444792,2018-182720646,2,False,4313,9/29/2018 5:02:00 PM,1702,S5,1368,4313,San Jose,43,True,True,D,BROADSIDE,,Saturday,,,,,False,False,True,,C,OTHER MOTOR VEHICLE,,1,0,CLEAR,, NO UNUSUAL CONDITIONS - NO UNUSUAL CONDITIONS,, ,A,DAYLIGHT,34.18553,-119.19446,,,,,A,NO PEDESTRIANS INVOLVED,,A,21802A,,1.0,VINE ST,WESTE,,,A,,,FLOYD ST,,,D,8/2/2024 3:32:05 PM,2/6/2025 1:10:03 PM,,,2,,,,,,,
3444708,2018-182740935,2,False,4313,10/2/2018 8:43:00 PM,2043,V4,1368,4313,San Jose,43,True,True,B,SIDE SWIPE,,Tuesday,,,M,,False,False,False,,E,PARKED MOTOR VEHICLE,,0,0,CLEAR,, NO UNUSUAL CONDITIONS - NO UNUSUAL CONDITIONS,, ,C,DARK-STREET LIGHTS,37.21768,-121.52316,,,,,A,NO PEDESTRIANS INVOLVED,,D,,,,N 21ST ST,DV,,,A,,,WASHINGTON ST,,,D,8/2/2024 3:31:55 PM,2/6/2025 1:09:59 PM,,,2,,,,,,,
3444214,2018-182610176,2,False,4313,9/18/2018 7:37:00 AM,737,T1,1368,4313,San Jose,43,True,True,A,HEAD-ON,,Tuesday,,,,,False,False,True,,C,OTHER MOTOR VEHICLE,,3,0,CLEAR,, NO UNUSUAL CONDITIONS - NO UNUSUAL CONDITIONS,, ,A,DAYLIGHT,,,,,,,A,NO PEDESTRIANS INVOLVED,,A,21453A,,1.0,CAMDEN AV,SOUTH,,,A,,,UNION AV,,,A,8/2/2024 3:30:58 PM,2/6/2025 1:09:42 PM,,,2,,,,,,,
3444140,2018-182830806,2,False,4313,10/10/2018 6:40:00 PM,1840,W1,1368,4313,San Jose,43,True,True,,,,Wednesday,,,,,False,False,True,,C,OTHER MOTOR VEHICLE,,1,0,CLEAR,, NO UNUSUAL CONDITIONS - NO UNUSUAL CONDITIONS,, ,B,DUSK-DAWN,37.24173,-121.51566,,,,,A,NO PEDESTRIANS INVOLVED,,A,21801,,1.0,KNIGHTS BRIDGE RD,DW,,,A,,,SAINT ANDREWS PL,,,D,8/2/2024 3:30:50 PM,2/6/2025 1:09:39 PM,,,2,,,,,,,
3443145,2018-182480831,2,False,4313,9/5/2018 6:42:00 PM,1842,E3,1368,4313,San Jose,43,True,True,,,,Wednesday,,,,,False,True,False,,G,BICYCLE,,1,0,CLEAR,, NO UNUSUAL CONDITIONS - NO UNUSUAL CONDITIONS,, ,B,DUSK-DAWN,37.196,-121.53475,,,,,A,NO PEDESTRIANS INVOLVED,,A,22107,,1.0,W SANTA CLARA ST,CENTR,,,A,,,RT 87,,,A,8/2/2024 3:28:59 PM,2/6/2025 1:09:05 PM,,,2,,,,,,,
3443142,2018-182570555,2,False,4313,9/14/2018 2:02:00 PM,1402,K1,1368,4313,San Jose,43,True,True,G,VEHICLE/PEDESTRAIN,,Friday,,,,,False,False,False,,G,BICYCLE,,1,0,CLEAR,, NO UNUSUAL CONDITIONS - NO UNUSUAL CONDITIONS,, ,A,DAYLIGHT,37.20265,-121.52516,,,,,B,CROSSING IN CROSS WALK AT INTERSECTION,,A,21950A,,1.0,N 10TH ST,KING,,,A,,,E SANTA CLARA ST,,,A,8/2/2024 3:28:59 PM,2/6/2025 1:09:04 PM,,,2,,,,,,,
3443138,2018-182540404,2,False,4313,9/11/2018 11:11:00 AM,1111,E1,1368,4313,San Jose,43,True,True,G,VEHICLE/PEDESTRAIN,,Tuesday,,,,,False,True,False,,B,PEDESTRIAN,,1,0,CLEAR,, NO UNUSUAL CONDITIONS - NO UNUSUAL CONDITIONS,, ,A,DAYLIGHT,,,,,,,B,CROSSING IN CROSS WALK AT INTERSECTION,,A,21950A,,1.0,RT 280,CENTR,,,A,,,BIRD AV,,,A,8/2/2024 3:28:58 PM,2/6/2025 1:09:04 PM,,,2,,,,,,,
3443111,2018-182580757,2,False,4313,9/15/2018 5:35:00 PM,1735,M3,1368,4313,San Jose,43,True,True,A,HEAD-ON,,Saturday,,,,,False,False,False,,G,BICYCLE,,1,0,CLEAR,, NO UNUSUAL CONDITIONS - NO UNUSUAL CONDITIONS,, ,A,DAYLIGHT,37.21712,-121.5126,,,,,A,NO PEDESTRIANS INVOLVED,,A,21202,,1.0,N 34TH ST,DM,,,A,N,51.0,ALUM ROCK,F,,D,8/2/2024 3:28:56 PM,2/6/2025 1:09:03 PM,,,2,,,,,,,
3443104,2018-182480144,2,False,4313,9/5/2018 7:41:00 AM,741,2,1368,4313,San Jose,43,True,True,H,OTHER,,Wednesday,,,,,False,False,False,,G,BICYCLE,,1,0,CLOUDY,, NO UNUSUAL CONDITIONS - NO UNUSUAL CONDITIONS,, ,A,DAYLIGHT,37.20187,-121.53435,,,,,A,NO PEDESTRIANS INVOLVED,,A,,,1.0,N ALMADEN BL,EDWAR,,,A,,,W SANTA CLARA ST,,,A,8/2/2024 3:28:55 PM,2/6/2025 1:09:03 PM,,,2,,,,,,,
3442032,2018-182740731,2,False,4313,10/1/2018 5:20:00 PM,1720,C5,1368,4313,San Jose,43,True,True,,,,Monday,,,F,,False,False,False,,D,MOTOR VEHICLE ON OTHER ROADWAY,,1,0,CLEAR,, NO UNUSUAL CONDITIONS - NO UNUSUAL CONDITIONS,, ,A,DAYLIGHT,37.21222,-121.49878,,,,,A,NO PEDESTRIANS INVOLVED,,A,22350,,1.0,STORY RD,EASTE,,,A,,,S WHITE RD,,,A,8/2/2024 3:27:01 PM,2/6/2025 1:08:26 PM,,,2,,,,,,,
3442020,2018-182750930,2,False,4313,10/2/2018 9:15:00 PM,2115,C2,1368,4313,San Jose,43,True,True,C,REAR END,,Tuesday,,,,,False,False,True,,C,OTHER MOTOR VEHICLE,,1,0,CLEAR,, NO UNUSUAL CONDITIONS - NO UNUSUAL CONDITIONS,, ,B,DUSK-DAWN,,,,,,,A,NO PEDESTRIANS INVOLVED,,A,22350,,1.0,TULLY RD,CHARL,,,A,,,SEACLIFF WY,,,,8/2/2024 3:27:00 PM,2/6/2025 1:08:26 PM,,,2,,,,,,,
3442012,2018-182760873,2,False,4313,10/3/2018 7:30:00 PM,1930,Y5,1368,4313,San Jose,43,True,True,B,SIDE SWIPE,,Wednesday,,,F,,False,False,False,,B,PEDESTRIAN,,1,0,CLEAR,, NO UNUSUAL CONDITIONS - NO UNUSUAL CONDITIONS,, ,D,DARK-NO STREET LIGHTS,,,,,,,E,IN ROAD - INCLUDES SHOULDER,,D,,,,MONTEREY RD,SOUTH,,,A,,,FORSUM RD,,,D,8/2/2024 3:26:59 PM,2/6/2025 1:08:25 PM,,,2,,,,,,,
3441956,2018-182181009,2,False,4313,8/6/2018 11:39:00 PM,2339,L1,1368,4313,San Jose,43,True,True,E,HIT OBJECT,,Monday,,,,,False,False,False,,E,PARKED MOTOR VEHICLE,,1,0,CLEAR,, NO UNUSUAL CONDITIONS - NO UNUSUAL CONDITIONS,, ,C,DARK-STREET LIGHTS,,,,,,,A,NO PEDESTRIANS INVOLVED,,A,22350,,1.0,S 10TH ST,WEST,,,A,,,MARTHA ST,,,D,8/2/2024 3:26:53 PM,2/6/2025 1:08:24 PM,,,2,,,,,,,
3441682,2018-182560296,2,False,4313,9/13/2018 10:04:00 AM,1004,A3,1368,4313,San Jose,43,True,True,C,REAR END,,Thursday,,,,,False,False,True,,E,PARKED MOTOR VEHICLE,,1,0,CLEAR,, NO UNUSUAL CONDITIONS - NO UNUSUAL CONDITIONS,, ,A,DAYLIGHT,34.15152,-119.19078,,,,,A,NO PEDESTRIANS INVOLVED,,A,22350,,1.0,BLOSSOM RIVER DR,SOUTH,,,A,,,BLOSSOM RIVER WY,,,D,8/2/2024 3:26:27 PM,2/6/2025 1:08:14 PM,,,2,,,,,,,
3441679,2018-182500572,2,False,4313,9/7/2018 3:06:00 PM,1506,Y5,1368,4313,San Jose,43,True,True,A,HEAD-ON,,Friday,,,,,False,False,True,,C,OTHER MOTOR VEHICLE,,4,0,CLEAR,, NO UNUSUAL CONDITIONS - NO UNUSUAL CONDITIONS,, ,A,DAYLIGHT,37.15258,-121.47289,,,,,A,NO PEDESTRIANS INVOLVED,,A,22350,,1.0,SILVER CREEK VALLEY PL,SOUTH,,,A,,,SILVER CREEK VALLEY RD,,,A,8/2/2024 3:26:26 PM,2/6/2025 1:08:14 PM,,,2,,,,,,,
3441675,2018-182580890,2,False,4313,9/15/2018 7:42:00 PM,1942,V2,1368,4313,San Jose,43,True,True,G,VEHICLE/PEDESTRAIN,,Saturday,,,,,False,False,False,,B,PEDESTRIAN,,1,0,CLEAR,, NO UNUSUAL CONDITIONS - NO UNUSUAL CONDITIONS,, ,C,DARK-STREET LIGHTS,,,,,,,D,CROSSING - NOT IN CROSSWALK,,A,21954A,,1.0,13TH ST,VICTO,,,A,N,50.0,TAYLOR ST,F,,D,8/2/2024 3:26:26 PM,2/6/2025 1:08:14 PM,,,2,,,,,,,
3441670,2018-182590229,2,False,4313,9/16/2018 7:19:00 AM,719,T1,1368,4313,San Jose,43,True,True,D,BROADSIDE,,Sunday,,,,,False,False,True,,C,OTHER MOTOR VEHICLE,,1,0,CLEAR,, NO UNUSUAL CONDITIONS - NO UNUSUAL CONDITIONS,, ,A,DAYLIGHT,,,,,,,A,NO PEDESTRIANS INVOLVED,,A,21453A,,1.0,CAMDEN AV,DT,,,A,E,3.0,UNION AV,F,,A,8/2/2024 3:26:26 PM,2/6/2025 1:08:14 PM,,,2,,,,,,,
3441666,2018-182590086,2,False,4313,9/16/2018 1:24:00 AM,124,C6,1368,4313,San Jose,43,True,True,D,BROADSIDE,,Sunday,,,,,False,False,True,,C,OTHER MOTOR VEHICLE,,1,0,CLEAR,, NO UNUSUAL CONDITIONS - NO UNUSUAL CONDITIONS,, ,C,DARK-STREET LIGHTS,,,,,,,A,NO PEDESTRIANS INVOLVED,,A,21453A,,1.0,S WHITE RD,DC,,,A,S,15.0,MT VISTA RD,F,,A,8/2/2024 3:26:25 PM,2/6/2025 1:08:14 PM,,,2,,,,,,,
3441662,2018-182580796,2,False,4313,9/15/2018 6:18:00 PM,1818,L4,1368,4313,San Jose,43,True,True,G,VEHICLE/PEDESTRAIN,,Saturday,,,,,False,False,False,,G,BICYCLE,,1,0,CLEAR,, NO UNUSUAL CONDITIONS - NO UNUSUAL CONDITIONS,, ,A,DAYLIGHT,,,,,,,A,NO PEDESTRIANS INVOLVED,,A,21950A,,1.0,TULLY RD,DL,,,A,W,24.0,SENTER RD,F,,A,8/2/2024 3:26:25 PM,2/6/2025 1:08:14 PM,,,2,,,,,,,
3441659,2018-182500745,2,False,4313,9/7/2018 5:19:00 PM,1719,R1,1368,4313,San Jose,43,True,True,C,REAR END,,Friday,,,,,False,False,True,,C,OTHER MOTOR VEHICLE,,2,0,CLEAR,, NO UNUSUAL CONDITIONS - NO UNUSUAL CONDITIONS,, ,A,DAYLIGHT,,,,,,,A,NO PEDESTRIANS INVOLVED,,A,22350,,1.0,ZANKER RD,CENTR,,,A,N,66.0,BAYPOINTE PKWY,F,,D,8/2/2024 3:26:25 PM,2/6/2025 1:08:14 PM,,,2,,,,,,,
3441654,2018-182550215,2,False,4313,9/12/2018 8:45:00 AM,845,S1,1368,4313,San Jose,43,True,True,D,BROADSIDE,,Wednesday,,,,,False,False,True,,C,OTHER MOTOR VEHICLE,,1,0,CLEAR,, NO UNUSUAL CONDITIONS - NO UNUSUAL CONDITIONS,, ,A,DAYLIGHT,,,,,,,A,NO PEDESTRIANS INVOLVED,,A,22100B,,1.0,LEIGH AV,WESTE,,,A,S,21.0,MOORPARK AV,F,,A,8/2/2024 3:26:24 PM,2/6/2025 1:08:13 PM,,,2,,,,,,,
3441651,2018-182650504,2,False,4313,9/22/2018 12:20:00 PM,1220,L5,1368,4313,San Jose,43,True,True,C,REAR END,,Saturday,,,,,False,False,False,,C,OTHER MOTOR VEHICLE,,1,0,CLEAR,, NO UNUSUAL CONDITIONS - NO UNUSUAL CONDITIONS,, ,A,DAYLIGHT,,,,,,,A,NO PEDESTRIANS INVOLVED,,A,22350,,1.0,SENTER RD,WESTE,,,A,N,39.0,SOUTHSIDE DR,F,,D,8/2/2024 3:26:24 PM,2/6/2025 1:08:13 PM,,,2,,,,,,,
3441644,2018-182700223,2,False,4313,9/27/2018 8:49:00 AM,849,6,1368,4313,San Jose,43,True,True,D,BROADSIDE,,Thursday,,,,,False,False,False,,B,PEDESTRIAN,,1,0,CLEAR,, NO UNUSUAL CONDITIONS - NO UNUSUAL CONDITIONS,, ,A,DAYLIGHT,37.18462,-121.52446,,,,,E,IN ROAD - INCLUDES SHOULDER,,A,21954A,,1.0,W ALMA AV,DISTR,,,A,,,VINE ST,,,,8/2/2024 3:26:23 PM,2/6/2025 1:08:13 PM,,,2,,,,,,,
3441640,2018-182510380,2,False,4313,9/8/2018 10:56:00 AM,1056,T3,1368,4313,San Jose,43,True,True,,,,Saturday,,,,,False,False,False,,G,BICYCLE,,1,0,CLEAR,, NO UNUSUAL CONDITIONS - NO UNUSUAL CONDITIONS,, ,A,DAYLIGHT,,,,,,,,,,A,22106,,1.0,CHERRY AV,DISTR,,,A,,,GEORGETTA DR,,,,8/2/2024 3:26:23 PM,2/6/2025 1:08:13 PM,,,2,,,,,,,
3441636,2018-182500686,2,False,4313,9/7/2018 4:47:00 PM,1647,N5,1368,4313,San Jose,43,True,True,C,REAR END,,Friday,,,,,False,False,False,,C,OTHER MOTOR VEHICLE,,1,0,CLEAR,, NO UNUSUAL CONDITIONS - NO UNUSUAL CONDITIONS,, ,A,DAYLIGHT,37.17477,-121.56596,,,,,A,NO PEDESTRIANS INVOLVED,,A,22350,,1.0,S WINCHESTER BL,WESTE,,,A,S,18.0,COLONIAL WY,F,,D,8/2/2024 3:26:22 PM,2/6/2025 1:08:13 PM,,,2,,,,,,,
3441628,2018-182551001,2,False,4313,9/12/2018 9:14:00 PM,2114,Y3,1368,4313,San Jose,43,True,True,D,BROADSIDE,,Wednesday,,,,,False,False,False,,C,OTHER MOTOR VEHICLE,,1,0,CLEAR,, NO UNUSUAL CONDITIONS - NO UNUSUAL CONDITIONS,, ,C,DARK-STREET LIGHTS,,,,,,,A,NO PEDESTRIANS INVOLVED,,A,21802A,,1.0,CHARLOTTE DR,YELLO,,,A,,,LEXINGTON AV,,,D,8/2/2024 3:26:22 PM,2/6/2025 1:08:12 PM,,,2,,,,,,,
3441624,2018-182550548,2,False,4313,9/12/2018 2:15:00 PM,1415,S1,1368,4313,San Jose,43,True,True,D,BROADSIDE,,Wednesday,,,,,False,False,True,,C,OTHER MOTOR VEHICLE,,2,0,CLEAR,, NO UNUSUAL CONDITIONS - NO UNUSUAL CONDITIONS,, ,A,DAYLIGHT,37.18481,-121.55237,,,,,A,NO PEDESTRIANS INVOLVED,,D,,,,LEIGH AV,WESTE,,,A,,,KINGMAN AV,,,A,8/2/2024 3:26:21 PM,2/6/2025 1:08:12 PM,,,2,,,,,,,
3441619,2018-182540929,2,False,4313,9/11/2018 7:42:00 PM,1942,A2,1368,4313,San Jose,43,True,True,,,,Tuesday,,,,,False,False,True,,C,OTHER MOTOR VEHICLE,,1,0,CLEAR,, NO UNUSUAL CONDITIONS - NO UNUSUAL CONDITIONS,, ,C,DARK-STREET LIGHTS,,,,,,,A,NO PEDESTRIANS INVOLVED,,D,,,,ALMADEN EXPWY,DISTR,,,A,N,150.0,BLOSSOM HILL RD,F,,A,8/2/2024 3:26:21 PM,2/6/2025 1:08:12 PM,,,2,,,,,,,
3441615,2018-182530779,2,False,4313,9/10/2018 6:30:00 PM,1830,T2,1368,4313,San Jose,43,True,True,B,SIDE SWIPE,,Monday,,,,,False,False,True,,C,OTHER MOTOR VEHICLE,,2,0,CLEAR,, NO UNUSUAL CONDITIONS - NO UNUSUAL CONDITIONS,, ,A,DAYLIGHT,37.16333,-121.5521,,,,,A,NO PEDESTRIANS INVOLVED,,A,21804,,1.0,CURTNER AV,SOUTH,,,A,,,LEIGH AV,,,A,8/2/2024 3:26:21 PM,2/6/2025 1:08:12 PM,,,2,,,,,,,
3441614,2018-182550380,2,False,4313,9/12/2018 11:40:00 AM,1140,P5,1368,4313,San Jose,43,True,True,,,,Wednesday,,,,,False,False,True,,E,PARKED MOTOR VEHICLE,,2,0,CLEAR,, NO UNUSUAL CONDITIONS - NO UNUSUAL CONDITIONS,, ,A,DAYLIGHT,,,,,,,A,NO PEDESTRIANS INVOLVED,,A,21453,,1.0,S WHITE RD,FOOTH,,,A,,,STEVENS RD,,,A,8/2/2024 3:26:20 PM,2/6/2025 1:08:12 PM,,,2,,,,,,,
3441609,2018-182560970,2,False,4313,9/13/2018 9:25:00 PM,2125,S4,1368,4313,San Jose,43,True,True,A,HEAD-ON,,Thursday,,,,,False,False,True,,C,OTHER MOTOR VEHICLE,,2,0,CLEAR,, NO UNUSUAL CONDITIONS - NO UNUSUAL CONDITIONS,, ,C,DARK-STREET LIGHTS,37.17363,-121.54177,,,,,A,NO PEDESTRIANS INVOLVED,,A,22107,,1.0,HICKS AV,SAM,,,A,,,PINE AV,,,A,8/2/2024 3:26:20 PM,2/6/2025 1:08:12 PM,,,2,,,,,,,
3441578,2018-182600277,2,False,4313,9/17/2018 9:32:00 AM,932,S6,1368,4313,San Jose,43,True,True,F,OVERTURNED,,Monday,,,,,False,False,True,,E,PARKED MOTOR VEHICLE,,1,0,CLEAR,, NO UNUSUAL CONDITIONS - NO UNUSUAL CONDITIONS,, ,A,DAYLIGHT,,,,,,,A,NO PEDESTRIANS INVOLVED,,A,22100A,,1.0,BIRD AV,SAM,,,A,,,WILLOW GLEN WY,,,D,8/2/2024 3:26:17 PM,2/6/2025 1:08:11 PM,,,2,,,,,,,
3441574,2018-182640760,2,False,4313,9/21/2018 5:17:00 PM,1717,R3,1368,4313,San Jose,43,True,True,D,BROADSIDE,,Friday,,,,,False,False,True,,C,OTHER MOTOR VEHICLE,,3,0,CLEAR,, NO UNUSUAL CONDITIONS - NO UNUSUAL CONDITIONS,, ,A,DAYLIGHT,34.215,-119.21216,,,,,A,NO PEDESTRIANS INVOLVED,,A,21801A,,1.0,KERLEY DR,CENTR,,,A,,,E GISH RD,,,D,8/2/2024 3:26:16 PM,2/6/2025 1:08:11 PM,,,2,,,,,,,
3441552,2018-182640189,2,False,4313,9/21/2018 8:50:00 AM,850,C1,1368,4313,San Jose,43,True,True,D,BROADSIDE,,Friday,,,,,False,False,False,,C,OTHER MOTOR VEHICLE,,1,0,CLEAR,, NO UNUSUAL CONDITIONS - NO UNUSUAL CONDITIONS,, ,A,DAYLIGHT,34.21047,-119.16496,,,,,A,NO PEDESTRIANS INVOLVED,,A,22103,,1.0,GALAHAD AV,CHARL,,,A,,,SLEEPY HOLLOW LN,,,A,8/2/2024 3:26:14 PM,2/6/2025 1:08:10 PM,,,2,,,,,,,
3441548,2018-182720644,2,False,4313,9/29/2018 5:01:00 PM,1701,L4,1368,4313,San Jose,43,True,True,G,VEHICLE/PEDESTRAIN,,Saturday,,,F,,False,False,False,,B,PEDESTRIAN,,2,0,CLEAR,, CONSTRUCTION-REPAIR ZONE - CONSTRUCTION-REPAIR ZONE,, ,A,DAYLIGHT,,,,,,,B,CROSSING IN CROSS WALK AT INTERSECTION,,A,21950A,,1.0,SENTER RD,WESTE,,,A,,,LEWIS RD,,,A,8/2/2024 3:26:13 PM,2/6/2025 1:08:10 PM,,,2,,,,,,,
3441544,2018-182570600,2,False,4313,9/14/2018 2:55:00 PM,1455,1,1368,4313,San Jose,43,True,True,A,HEAD-ON,,Friday,,,,,False,False,False,,G,BICYCLE,,1,0,CLEAR,, NO UNUSUAL CONDITIONS - NO UNUSUAL CONDITIONS,, ,A,DAYLIGHT,37.20329,-121.50441,,,,,A,NO PEDESTRIANS INVOLVED,,A,21200,,1.0,S KING RD,CHARL,,,A,,,CHAUCER DR,,,A,8/2/2024 3:26:13 PM,2/6/2025 1:08:10 PM,,,2,,,,,,,
3441540,2018-182570224,2,False,4313,9/14/2018 8:13:00 AM,813,C4,1368,4313,San Jose,43,True,True,E,HIT OBJECT,,Friday,,,,,False,False,True,,I,FIXED OBJECT,,1,0,CLEAR,, LOOSE MATERIAL ON ROADWAY* - LOOSE MATERIAL ON ROADWAY*,, ,A,DAYLIGHT,37.19474,-121.48534,,,,,A,NO PEDESTRIANS INVOLVED,,A,22350,,1.0,SWIFT AV,,,,A,,,TULLY RD,,,D,8/2/2024 3:26:12 PM,2/6/2025 1:08:09 PM,,,2,,,,,,,
3441537,2018-182570562,2,False,4313,9/14/2018 2:09:00 PM,1409,P3,1368,4313,San Jose,43,True,True,D,BROADSIDE,,Friday,,,,,False,False,True,,C,OTHER MOTOR VEHICLE,,3,0,CLEAR,, NO UNUSUAL CONDITIONS - NO UNUSUAL CONDITIONS,, ,A,DAYLIGHT,,,,,,,A,NO PEDESTRIANS INVOLVED,,A,21453,,1.0,SILVER CREEK RD,,,,A,,,ABORN RD,,,A,8/2/2024 3:26:12 PM,2/6/2025 1:08:09 PM,,,2,,,,,,,
3441532,2018-182651032,2,False,4313,9/22/2018 9:44:00 PM,2144,1,1368,4313,San Jose,43,True,True,A,HEAD-ON,,Saturday,,,,,False,False,False,,G,BICYCLE,,1,0,CLEAR,, NO UNUSUAL CONDITIONS - NO UNUSUAL CONDITIONS,, ,D,DARK-NO STREET LIGHTS,34.20464,-119.21265,,,,,A,NO PEDESTRIANS INVOLVED,,A,216501,,1.0,SPRING ST,VICTO,,,A,,,ASBURY ST,,,D,8/2/2024 3:26:11 PM,2/6/2025 1:08:09 PM,,,2,,,,,,,
3441528,2018-182630255,2,False,4313,9/20/2018 9:15:00 AM,915,X2,1368,4313,San Jose,43,True,True,G,VEHICLE/PEDESTRAIN,,Thursday,,,,,False,False,False,,B,PEDESTRIAN,,1,0,CLEAR,, NO UNUSUAL CONDITIONS - NO UNUSUAL CONDITIONS,, ,A,DAYLIGHT,,,,,,,B,CROSSING IN CROSS WALK AT INTERSECTION,,A,22107,,1.0,SEVEN TREES BL,SOTHE,,,A,,,EL CAJON DR,,,D,8/2/2024 3:26:11 PM,2/6/2025 1:08:09 PM,,,2,,,,,,,
3441518,2018-182770029,2,False,4313,10/4/2018 4:03:00 AM,403,L4,1368,4313,San Jose,43,True,True,E,HIT OBJECT,,Thursday,,,,,False,False,True,,I,FIXED OBJECT,,1,0,CLEAR,, NO UNUSUAL CONDITIONS - NO UNUSUAL CONDITIONS,, ,C,DARK-STREET LIGHTS,,,,,,,A,NO PEDESTRIANS INVOLVED,,A,22350,,1.0,CURTNER AV,LINCO,,,A,,,COMMUNICATION HILL BL,,,A,8/2/2024 3:26:10 PM,2/6/2025 1:08:09 PM,,,2,,,,,,,