Collision Id,	Report Number,	Report Version,	Is Preliminary,	NCIC Code,Crash Date Time,	Crash Time Description,	Beat,City Id,	City Code,	City Name,County Code,	City Is Active,	City Is Incorporated,	Collision Type Code,Collision Type Description,	Collision Type Other Desc,	Day Of Week,	DispatchNotified,	HasPhotographs,	HitRun,	IsAttachmentsMailed,	IsDeleted,	IsHighwayRelated,	IsTowAway,	JudicialDistrict,	MotorVehicleInvolvedWithCode,	MotorVehicleInvolvedWithDesc,MotorVehicleInvolvedWithOtherDesc,	NumberInjured,	NumberKilled,Weather 1, Weather 2, Road Condition 1, Road Condition 2, Special Condition,LightingCode, LightingDescription,Latitude,Longitude,MilepostDirection,MilepostDistance,MilepostMarker,MilepostUnitOfMeasure,	PedestrianActionCode,PedestrianActionDesc,PreparedDate,	Primary Collision Factor Code,Primary Collision Factor Violation,PrimaryCollisionFactorIsCited,	PrimaryCollisionPartyNumber,	PrimaryRoad,	ReportingDistrict,	ReportingDistrictCode,ReviewedDate,	RoadwaySurfaceCode,SecondaryDirection,	SecondaryDistance,	SecondaryRoad,	SecondaryUnitOfMeasure,	SketchDesc,	TrafficControlDeviceCode,CreatedDate,	ModifiedDate,IsCountyRoad,IsFreeway,CHP555Version,	IsAdditonalObjectStruck,NotificationDate,	NotificationTimeDescription,	HasDigitalMediaFiles,	EvidenceNumber,	IsLocationReferToNarrative,	IsAOIOneSameAsLocation
3463159,2018-182941076,2,False,4313,10/21/2018 11:45:00 PM,2345,C4,1368,4313,San Jose,43,True,True,B,SIDE SWIPE,,Sunday,,,,,False,False,True,,C,OTHER MOTOR VEHICLE,,1,0,CLEAR,, NO UNUSUAL CONDITIONS - NO UNUSUAL CONDITIONS,, ,C,DARK-STREET LIGHTS,,,,,,,A,NO PEDESTRIANS INVOLVED,,A,22350,,1.0,STORY RD,CHARL,,,A,E,60.0,GALAHAD AV,F,,A,8/2/2024 4:09:50 PM,2/6/2025 1:21:57 PM,,,2,,,,,,,
3463158,2018-182900503,2,False,4313,10/17/2018 1:15:00 PM,1315,5,1368,4313,San Jose,43,True,True,B,SIDE SWIPE,,Wednesday,,,,,False,False,False,,B,PEDESTRIAN,,1,0,CLEAR,, NO UNUSUAL CONDITIONS - NO UNUSUAL CONDITIONS,, ,A,DAYLIGHT,37.1825,-121.5632,,,,,E,IN ROAD - INCLUDES SHOULDER,,A,21212A,,1.0,S GENEVIEVE LN,NORA,,,A,,,CLIFTON AV,,,D,8/2/2024 4:09:50 PM,2/6/2025 1:21:57 PM,,,2,,,,,,,
3463156,2018-182930908,2,False,4313,10/20/2018 8:11:00 PM,2011,Y2,1368,4313,San Jose,43,True,True,G,VEHICLE/PEDESTRAIN,,Saturday,,,,,False,False,False,,B,PEDESTRIAN,,1,0,CLEAR,, NO UNUSUAL CONDITIONS - NO UNUSUAL CONDITIONS,, ,B,DUSK-DAWN,,,,,,,D,CROSSING - NOT IN CROSSWALK,,D,,,,SNELL AV,WESTE,,,A,,,BLOSSOM HILL RD,,,A,8/2/2024 4:09:50 PM,2/6/2025 1:21:57 PM,,,2,,,,,,,
3463154,2018-182910625,2,False,4313,10/18/2018 4:55:00 PM,1655,R4,1368,4313,San Jose,43,True,True,B,SIDE SWIPE,,Thursday,,,,,False,False,True,,C,OTHER MOTOR VEHICLE,,2,0,CLEAR,, NO UNUSUAL CONDITIONS - NO UNUSUAL CONDITIONS,, ,A,DAYLIGHT,,,,,,,A,NO PEDESTRIANS INVOLVED,,A,21453A,,1.0,BERRYESSA RD,CENTR,,,B,,,COMMERCIAL ST,,,A,8/2/2024 4:09:50 PM,2/6/2025 1:21:57 PM,,,2,,,,,,,
3463151,2018-182920131,2,False,4313,10/19/2018 6:30:00 AM,630,A3,1368,4313,San Jose,43,True,True,D,BROADSIDE,,Friday,,,,,False,False,True,,C,OTHER MOTOR VEHICLE,,1,0,CLEAR,, NO UNUSUAL CONDITIONS - NO UNUSUAL CONDITIONS,, ,C,DARK-STREET LIGHTS,37.1519,-121.5353,,,,,A,NO PEDESTRIANS INVOLVED,,A,21453A,,1.0,BRANHAM LN,SOUTN,,,A,E,10.0,MERIDIAN AV,F,,A,8/2/2024 4:09:49 PM,2/6/2025 1:21:57 PM,,,2,,,,,,,
3463150,2018-182900762,2,False,4313,10/17/2018 5:35:00 PM,1735,R1,1368,4313,San Jose,43,True,True,D,BROADSIDE,,Wednesday,,,,,False,False,True,,C,OTHER MOTOR VEHICLE,,2,0,CLEAR,, NO UNUSUAL CONDITIONS - NO UNUSUAL CONDITIONS,, ,A,DAYLIGHT,,,,,,,A,NO PEDESTRIANS INVOLVED,,A,21802A,,1.0,ZANKER RD,CENTR,,,A,S,49.0,COMPONENT DR,F,,A,8/2/2024 4:09:49 PM,2/6/2025 1:21:57 PM,,,2,,,,,,,
3463147,2018-182920423,2,False,4313,10/19/2018 12:17:00 PM,1217,T2,1368,4313,San Jose,43,True,True,D,BROADSIDE,,Friday,,,,,False,False,True,,C,OTHER MOTOR VEHICLE,,1,0,CLEAR,, NO UNUSUAL CONDITIONS - NO UNUSUAL CONDITIONS,, ,A,DAYLIGHT,,,,,,,A,NO PEDESTRIANS INVOLVED,,A,21802A,,1.0,MERIDIAN AV,SOUTH,,,A,,,HUSTED AV,,,A,8/2/2024 4:09:49 PM,2/6/2025 1:21:56 PM,,,2,,,,,,,
3463146,2018-182840171,2,False,4313,10/11/2018 7:55:00 AM,755,T5,1368,4313,San Jose,43,True,True,C,REAR END,,Thursday,,,,,False,False,True,,C,OTHER MOTOR VEHICLE,,2,0,CLEAR,, NO UNUSUAL CONDITIONS - NO UNUSUAL CONDITIONS,, ,A,DAYLIGHT,37.16616,-121.5243,,,,,A,NO PEDESTRIANS INVOLVED,,A,,,1.0,ALMADEN EXPWY,SOUTH,,,A,,,BRYAN AV,,,D,8/2/2024 4:09:48 PM,2/6/2025 1:21:56 PM,,,2,,,,,,,
3463128,2018-18-2910909,2,False,4313,10/18/2018 9:07:00 PM,2107,C6,1368,4313,San Jose,43,True,True,D,BROADSIDE,,Thursday,,,,,False,False,False,,C,OTHER MOTOR VEHICLE,,3,0,CLEAR,, NO UNUSUAL CONDITIONS - NO UNUSUAL CONDITIONS,, ,C,DARK-STREET LIGHTS,37.2122,-121.498,,,,,A,NO PEDESTRIANS INVOLVED,,A,21453A,,1.0,STORY RD,FOOTH,,,A,,,S WHITE RD,,,A,8/2/2024 4:09:44 PM,2/6/2025 1:21:56 PM,,,2,,,,,,,
3463124,2018-182910419,2,False,4313,10/18/2018 1:11:00 PM,1311,V1,1368,4313,San Jose,43,True,True,D,BROADSIDE,,Thursday,,,,,False,False,True,,C,OTHER MOTOR VEHICLE,,1,0,CLEAR,, NO UNUSUAL CONDITIONS - NO UNUSUAL CONDITIONS,, ,A,DAYLIGHT,37.203,-121.5442,,,,,A,NO PEDESTRIANS INVOLVED,,A,21802A,,1.0,COLEMAN AV,VICTO,,,A,,,ASHBURY ST,,,A,8/2/2024 4:09:44 PM,2/6/2025 1:21:55 PM,,,2,,,,,,,
3463121,2018-182870445,2,False,4313,10/14/2018 1:11:00 PM,1311,5,1368,4313,San Jose,43,True,True,C,REAR END,,Sunday,,,,,False,False,False,,C,OTHER MOTOR VEHICLE,,1,0,CLEAR,, NO UNUSUAL CONDITIONS - NO UNUSUAL CONDITIONS,, ,A,DAYLIGHT,34.2157,-119.1652,,,,,,,,A,22350,,1.0,ALUM ROCK AV,MARY,,,,,,S WHITE RD,,,,8/2/2024 4:09:43 PM,2/6/2025 1:21:55 PM,,,2,,,,,,,
3463120,2018-182920182,2,False,4313,10/19/2018 8:09:00 AM,809,S3,1368,4313,San Jose,43,True,True,C,REAR END,,Friday,,,,,False,False,True,,C,OTHER MOTOR VEHICLE,,1,0,CLEAR,, NO UNUSUAL CONDITIONS - NO UNUSUAL CONDITIONS,, ,A,DAYLIGHT,,,,,,,A,NO PEDESTRIANS INVOLVED,,A,22350,,1.0,LINCOLN AV,WESTE,,,A,,,COE AV,,,A,8/2/2024 4:09:43 PM,2/6/2025 1:21:55 PM,,,2,,,,,,,
3463118,2018-182880189,2,False,4313,10/15/2018 11:17:00 AM,1117,P2,1368,4313,San Jose,43,True,True,D,BROADSIDE,,Monday,,,,,False,False,False,,G,BICYCLE,,1,0,CLEAR,, NO UNUSUAL CONDITIONS - NO UNUSUAL CONDITIONS,, ,A,DAYLIGHT,,,,,,,A,NO PEDESTRIANS INVOLVED,,A,21801A,,1.0,WHITE RD,PAUL,,,A,,,SYLVAN DR,,,D,8/2/2024 4:09:43 PM,2/6/2025 1:21:55 PM,,,2,,,,,,,
3463116,2018-182920580,2,False,4313,10/19/2018 3:00:00 PM,1500,L2,1368,4313,San Jose,43,True,True,C,REAR END,,Friday,,,,,False,False,True,,C,OTHER MOTOR VEHICLE,,2,0,CLEAR,, NO UNUSUAL CONDITIONS - NO UNUSUAL CONDITIONS,, ,A,DAYLIGHT,,,,,,,A,NO PEDESTRIANS INVOLVED,,A,22350,,1.0,STORY RD,WESTE,,,A,W,30.0,REMILLARD CT,F,,A,8/2/2024 4:09:42 PM,2/6/2025 1:21:55 PM,,,2,,,,,,,
3463115,2018-182870220,2,False,4313,10/14/2018 7:34:00 AM,734,N6,1368,4313,San Jose,43,True,True,G,VEHICLE/PEDESTRAIN,,Sunday,,,,,False,False,False,,B,PEDESTRIAN,,1,0,CLEAR,, NO UNUSUAL CONDITIONS - NO UNUSUAL CONDITIONS,, ,A,DAYLIGHT,,,,,,,E,IN ROAD - INCLUDES SHOULDER,,B,,,1.0,WILL ROGERS DR,NORA,,,A,,,TOPAZ AV,,,D,8/2/2024 4:09:42 PM,2/6/2025 1:21:55 PM,,,2,,,,,,,
3463112,2018-182920630,2,False,4313,10/19/2018 3:58:00 PM,1558,N4,1368,4313,San Jose,43,True,True,C,REAR END,,Friday,,,,,False,False,True,,C,OTHER MOTOR VEHICLE,,1,0,CLEAR,, NO UNUSUAL CONDITIONS - NO UNUSUAL CONDITIONS,, ,A,DAYLIGHT,,,,,,,A,NO PEDESTRIANS INVOLVED,,A,23123A,,1.0,SAN TOMAS EXPWY,WESTE,,,A,,,PAYNE AV,,,D,8/2/2024 4:09:42 PM,2/6/2025 1:21:55 PM,,,2,,,,,,,
3480099,2018-183060558,2,False,4313,11/2/2018 2:55:00 PM,1455,S4,1368,4313,San Jose,43,True,True,C,REAR END,,Friday,,,,,False,False,True,,C,OTHER MOTOR VEHICLE,,1,0,CLEAR,, NO UNUSUAL CONDITIONS - NO UNUSUAL CONDITIONS,, ,A,DAYLIGHT,37.1814,-121.54488,,,,,A,NO PEDESTRIANS INVOLVED,,A,22350,,1.0,MERIDIAN AV,DS,,,A,,,WILLOW ST,,,A,8/2/2024 4:52:14 PM,2/6/2025 1:34:44 PM,,,2,,,,,,,
3480054,2018-183090363,2,False,4313,11/5/2018 10:57:00 AM,1057,R1,1368,4313,San Jose,43,True,True,A,HEAD-ON,,Monday,,,,,False,False,True,,I,FIXED OBJECT,,0,0,CLEAR,, NO UNUSUAL CONDITIONS - NO UNUSUAL CONDITIONS,, ,A,DAYLIGHT,37.24361,-121.56105,,,,,A,NO PEDESTRIANS INVOLVED,,A,22107,,1.0,ESTACADA DR,ROBER,,,A,,,ZANKER RD,,,D,8/2/2024 4:52:07 PM,2/6/2025 1:34:42 PM,,,2,,,,,,,
3480035,2018-183300265,2,False,4313,11/26/2018 9:11:00 AM,911,4,1368,4313,San Jose,43,True,True,,,,Monday,,,,,False,False,False,,,,,4,0,CLEAR,, NO UNUSUAL CONDITIONS - NO UNUSUAL CONDITIONS,, ,A,DAYLIGHT,37.22475,-121.52426,,,,,,,,A,21453A,,1.0,LUNDY AV,ROBER,,,A,,,SIERRA RD,,,A,8/2/2024 4:52:04 PM,2/6/2025 1:34:41 PM,,,2,,,,,,,
3480024,2018-183070675,2,False,4313,11/3/2018 5:06:00 PM,1706,F3,1368,4313,San Jose,43,True,True,B,SIDE SWIPE,,Saturday,,,,,False,False,True,,I,FIXED OBJECT,,1,0,CLEAR,, NO UNUSUAL CONDITIONS - NO UNUSUAL CONDITIONS,, ,A,DAYLIGHT,,,,,,,A,NO PEDESTRIANS INVOLVED,,A,21650,,1.0,STEVENS CREEK BL,WESTE,,,A,,,BELLEROSE DR,,,A,8/2/2024 4:52:03 PM,2/6/2025 1:34:40 PM,,,2,,,,,,,
3479629,18 221 0718,2,False,4313,8/9/2018 5:08:00 PM,1708,K4,1368,4313,San Jose,43,True,True,C,REAR END,,Thursday,,,,,False,False,False,,C,OTHER MOTOR VEHICLE,,1,0,CLEAR,, NO UNUSUAL CONDITIONS - NO UNUSUAL CONDITIONS,, ,A,DAYLIGHT,,,,,,,A,NO PEDESTRIANS INVOLVED,,A,22350,,1.0,N 2ND ST,CENTR,,,A,N,101.0,E SANTA CLARA ST,F,,A,8/2/2024 4:50:54 PM,2/6/2025 1:34:22 PM,,,2,,,,,,,
3479438,2018-183070645,2,False,4313,11/4/2018 4:37:00 PM,1637,L2,1368,4313,San Jose,43,True,True,B,SIDE SWIPE,,Sunday,,,,,False,False,False,,G,BICYCLE,,1,0,CLEAR,, NO UNUSUAL CONDITIONS - NO UNUSUAL CONDITIONS,, ,A,DAYLIGHT,,,,,,,A,NO PEDESTRIANS INVOLVED,,A,22350,,1.0,STORY RD,DL,,,A,,,VIA FERRARI ST,,,D,8/2/2024 4:50:25 PM,2/6/2025 1:34:12 PM,,,2,,,,,,,
3479264,2018-182960634,2,False,4313,10/23/2018 4:18:00 PM,1618,X3,1368,4313,San Jose,43,True,True,D,BROADSIDE,,Tuesday,,,,,False,False,True,,C,OTHER MOTOR VEHICLE,,2,0,CLEAR,, NO UNUSUAL CONDITIONS - NO UNUSUAL CONDITIONS,, ,A,DAYLIGHT,37.1691,-121.4849,,,,,A,NO PEDESTRIANS INVOLVED,,A,21804,,1.0,BRANHAM LN E,SANJO,,,A,,,LYRIC LN,,,A,8/2/2024 4:49:58 PM,2/6/2025 1:34:05 PM,,,2,,,,,,,
3479256,2018-183210733,2,False,4313,11/17/2018 6:50:00 PM,1850,R2,1368,4313,San Jose,43,True,True,G,VEHICLE/PEDESTRAIN,,Saturday,,,,,False,False,True,,B,PEDESTRIAN,,1,0,CLEAR,, NO UNUSUAL CONDITIONS - NO UNUSUAL CONDITIONS,, ,C,DARK-STREET LIGHTS,,,,,,,D,CROSSING - NOT IN CROSSWALK,,A,21950B,,1.0,RINGWOOD AV,CENTR,,,A,,,MCKAY DR,,,,8/2/2024 4:49:56 PM,2/6/2025 1:34:04 PM,,,2,,,,,,,
3479025,2018-183120657,2,False,4313,11/8/2018 3:28:00 PM,1528,X4,1368,4313,San Jose,43,True,True,C,REAR END,,Thursday,,,,,False,False,True,,C,OTHER MOTOR VEHICLE,,1,0,,, NO UNUSUAL CONDITIONS - NO UNUSUAL CONDITIONS,, ,A,DAYLIGHT,,,,,,,A,NO PEDESTRIANS INVOLVED,,A,22350,,1.0,MONTEREY RD,SOUTH,,,A,,,CHYNOWETH RD,,,A,8/2/2024 4:49:14 PM,2/6/2025 1:33:53 PM,,,2,,,,,,,
3478891,2018-183350378,2,False,4313,12/1/2018 11:55:00 AM,1155,F5,1368,4313,San Jose,43,True,True,D,BROADSIDE,,Saturday,,,,,False,False,True,,C,OTHER MOTOR VEHICLE,,1,0,CLOUDY,RAINING, NO UNUSUAL CONDITIONS - NO UNUSUAL CONDITIONS,, ,A,DAYLIGHT,,,,,,,A,NO PEDESTRIANS INVOLVED,,A,21453,,1.0,AUZERAIS AV,DISTR,,,B,,,LINCOLN AV,,,A,8/2/2024 4:48:53 PM,2/6/2025 1:33:47 PM,,,2,,,,,,,
3478867,2018-183660705,2,False,4313,12/2/2018 6:27:00 PM,1827,L4,1368,4313,San Jose,43,True,True,E,HIT OBJECT,,Sunday,,,,,False,False,True,,I,FIXED OBJECT,,2,0,CLEAR,, NO UNUSUAL CONDITIONS - NO UNUSUAL CONDITIONS,, ,C,DARK-STREET LIGHTS,37.17542,-121.52851,,,,,A,NO PEDESTRIANS INVOLVED,,A,22350,,1.0,CURTNER AV,,,,A,,,STONE AV,,,A,8/2/2024 4:48:49 PM,2/6/2025 1:33:46 PM,,,2,,,,,,,
3478752,2018-183070243,2,False,4313,11/3/2018 8:21:00 AM,821,S4,1368,4313,San Jose,43,True,True,,,,Saturday,,,,,False,False,True,,,,,1,0,CLEAR,, NO UNUSUAL CONDITIONS - NO UNUSUAL CONDITIONS,, ,A,DAYLIGHT,,,,,,,A,NO PEDESTRIANS INVOLVED,,A,22350,,1.0,MINNESOTA AV,WESTE,,,A,E,200.0,MERIDIAN AV,F,,A,8/2/2024 4:48:30 PM,2/6/2025 1:33:41 PM,,,2,,,,,,,
3478749,2018-183060476,2,False,4313,11/2/2018 1:50:00 PM,1350,4,1368,4313,San Jose,43,True,True,,,,Friday,,,,,False,False,True,,C,OTHER MOTOR VEHICLE,,1,0,CLEAR,, NO UNUSUAL CONDITIONS - NO UNUSUAL CONDITIONS,, ,A,DAYLIGHT,37.18518,-121.55222,,,,,A,NO PEDESTRIANS INVOLVED,,A,22350,,1.0,STOKES ST,SAM,,,A,,,LEIGH AV,,,,8/2/2024 4:48:30 PM,2/6/2025 1:33:41 PM,,,2,,,,,,,
3478745,2018-183060817,2,False,4313,11/2/2018 6:33:00 PM,1833,A5,1368,4313,San Jose,43,True,True,B,SIDE SWIPE,,Friday,,,,,False,False,True,,C,OTHER MOTOR VEHICLE,,1,0,CLEAR,, NO UNUSUAL CONDITIONS - NO UNUSUAL CONDITIONS,, ,D,DARK-NO STREET LIGHTS,37.10561,-121.45419,,,,,A,NO PEDESTRIANS INVOLVED,,D,,,,MCKEAN RD,SOUTH,,,A,,,BAILEY AV,,,D,8/2/2024 4:48:29 PM,2/6/2025 1:33:40 PM,,,2,,,,,,,
3478741,2018-183300115,2,False,4313,11/26/2018 3:20:00 AM,320,C3,1368,4313,San Jose,43,True,True,C,REAR END,,Monday,,,,,False,False,True,,C,OTHER MOTOR VEHICLE,,1,0,CLEAR,, ,, ,C,DARK-STREET LIGHTS,37.20775,-121.49465,,,,,,,,A,22350,,1.0,EVELYN AV,FOOTH,,,A,,,HOPKINS DR,,,D,8/2/2024 4:48:29 PM,2/6/2025 1:33:40 PM,,,2,,,,,,,
3478737,2018-183320202,2,False,4313,11/28/2018 8:54:00 AM,854,V3,1368,4313,San Jose,43,True,True,,,,Wednesday,,,,,False,False,True,,C,OTHER MOTOR VEHICLE,,2,0,RAINING,, NO UNUSUAL CONDITIONS - NO UNUSUAL CONDITIONS,, ,A,DAYLIGHT,37.20594,-121.5311,,,,,A,NO PEDESTRIANS INVOLVED,,A,21453A,,1.0,N 11TH ST,VICTO,,,B,,,E EMPIRE ST,,,A,8/2/2024 4:48:28 PM,2/6/2025 1:33:40 PM,,,2,,,,,,,
3478730,2018-183330352,2,False,4313,11/29/2018 10:56:00 AM,1056,M3,1368,4313,San Jose,43,True,True,D,BROADSIDE,,Thursday,,,,,False,False,True,,C,OTHER MOTOR VEHICLE,,1,0,CLOUDY,RAINING, NO UNUSUAL CONDITIONS - NO UNUSUAL CONDITIONS,, ,A,DAYLIGHT,37.21101,-121.51198,,,,,A,NO PEDESTRIANS INVOLVED,,A,21453A,,1.0,N KING RD,FOOTH,,,B,,,ALUM ROCK AV,,,A,8/2/2024 4:48:27 PM,2/6/2025 1:33:40 PM,,,2,,,,,,,
3478516,2018-183180779,2,False,4313,11/14/2018 7:14:00 PM,1914,V4,1368,4313,San Jose,43,True,True,D,BROADSIDE,,Wednesday,,,,,False,False,False,,D,MOTOR VEHICLE ON OTHER ROADWAY,,2,0,CLEAR,, NO UNUSUAL CONDITIONS - NO UNUSUAL CONDITIONS,, ,C,DARK-STREET LIGHTS,,,,,,,A,NO PEDESTRIANS INVOLVED,,A,21453A,,1.0,N 11TH ST,PATRO,,,A,N,15.0,E ST JAMES ST,F,,A,8/2/2024 4:47:52 PM,2/6/2025 1:33:30 PM,,,2,,,,,,,
3478512,2018-183170711,2,False,4313,11/13/2018 5:42:00 PM,1742,T1,1368,4313,San Jose,43,True,True,C,REAR END,,Tuesday,,,,,False,False,False,,C,OTHER MOTOR VEHICLE,,1,0,CLEAR,, NO UNUSUAL CONDITIONS - NO UNUSUAL CONDITIONS,, ,C,DARK-STREET LIGHTS,,,,,,,A,NO PEDESTRIANS INVOLVED,,A,22107,,1.0,CAMDEN AV,SOUTH,,,A,S,135.0,CHARMERAN AV,F,,A,8/2/2024 4:47:52 PM,2/6/2025 1:33:29 PM,,,2,,,,,,,
3478509,2018-183170592,2,False,4313,11/13/2018 3:49:00 PM,1549,3,1368,4313,San Jose,43,True,True,B,SIDE SWIPE,,Tuesday,,,,,False,False,True,,C,OTHER MOTOR VEHICLE,,2,0,CLEAR,, NO UNUSUAL CONDITIONS - NO UNUSUAL CONDITIONS,, ,A,DAYLIGHT,,,,,,,A,NO PEDESTRIANS INVOLVED,,A,21453A,,1.0,ALMADEN EXPWY,TOM,,,A,N,18.0,KOCH LN,F,,A,8/2/2024 4:47:51 PM,2/6/2025 1:33:29 PM,,,2,,,,,,,
3478504,2018-183160671,2,False,4313,11/12/2018 6:07:00 PM,1807,DL,1368,4313,San Jose,43,True,True,F,OVERTURNED,,Monday,,,,,False,False,True,,J,OTHER OBJECT,,2,0,CLEAR,, NO UNUSUAL CONDITIONS - NO UNUSUAL CONDITIONS,, ,C,DARK-STREET LIGHTS,89.53522,-166.29119,,,,,A,NO PEDESTRIANS INVOLVED,,A,21701,,1.0,MONTEREY HWY,SOUTH,,,A,,,CAPITOL EXPWY,,,D,8/2/2024 4:47:51 PM,2/6/2025 1:33:29 PM,,,2,,,,,,,
3478497,2018-183430441,2,False,4313,12/9/2018 12:10:00 PM,1210,N2,1368,4313,San Jose,43,True,True,C,REAR END,,Sunday,,,,,False,False,False,,C,OTHER MOTOR VEHICLE,,2,0,CLEAR,, NO UNUSUAL CONDITIONS - NO UNUSUAL CONDITIONS,, ,A,DAYLIGHT,,,,,,,A,NO PEDESTRIANS INVOLVED,,D,,,,S KIELY BL,WESTE,,,A,E,18.0,SARATOGA AV,F,,A,8/2/2024 4:47:50 PM,2/6/2025 1:33:29 PM,,,2,,,,,,,
3478403,2018-183440061,2,False,4313,12/10/2018 1:30:00 AM,130,S1,1368,4313,San Jose,43,True,True,C,REAR END,,Monday,,,F,,False,False,False,,C,OTHER MOTOR VEHICLE,,1,0,CLEAR,, NO UNUSUAL CONDITIONS - NO UNUSUAL CONDITIONS,, ,C,DARK-STREET LIGHTS,,,,,,,A,NO PEDESTRIANS INVOLVED,,A,22350,,1.0,SOUTHWEST EXPWY,WESTE,,,A,,,LA BARBERA DR,,,A,8/2/2024 4:47:36 PM,2/6/2025 1:33:24 PM,,,2,,,,,,,
3478398,2018-183430629,2,False,4313,12/9/2018 3:52:00 PM,1552,L5,1368,4313,San Jose,43,True,True,D,BROADSIDE,,Sunday,,,F,,False,False,False,,C,OTHER MOTOR VEHICLE,,1,0,CLEAR,, NO UNUSUAL CONDITIONS - NO UNUSUAL CONDITIONS,, ,A,DAYLIGHT,,,,,,,A,NO PEDESTRIANS INVOLVED,,A,22107,,1.0,MONTEREY RD,DL,,,A,,,RANCHO DR,,,D,8/2/2024 4:47:35 PM,2/6/2025 1:33:24 PM,,,2,,,,,,,
3478394,2018-183410130,2,False,4313,12/7/2018 6:26:00 AM,626,5,1368,4313,San Jose,43,True,True,E,HIT OBJECT,,Friday,,,,,False,False,True,,I,FIXED OBJECT,,2,0,CLEAR,, NO UNUSUAL CONDITIONS - NO UNUSUAL CONDITIONS,, ,B,DUSK-DAWN,37.19242,-121.55549,,,,,A,NO PEDESTRIANS INVOLVED,,A,22107,,1.0,STEVENS CREEK BL,F,,,A,W,150.0,BASCOM AV,F,,,8/2/2024 4:47:35 PM,2/6/2025 1:33:24 PM,,,2,,,,,,,
3478390,2018-183420478,2,False,4313,12/8/2018 12:50:00 PM,1250,L4,1368,4313,San Jose,43,True,True,D,BROADSIDE,,Saturday,,,F,,False,False,True,,C,OTHER MOTOR VEHICLE,,2,0,CLEAR,, NO UNUSUAL CONDITIONS - NO UNUSUAL CONDITIONS,, ,A,DAYLIGHT,37.1741,-121.51861,,,,,A,NO PEDESTRIANS INVOLVED,,A,21453A,,1.0,MONTEREY RD,CENTR,,,A,,,UMBARGER RD,,,A,8/2/2024 4:47:34 PM,2/6/2025 1:33:24 PM,,,2,,,,,,,
3478387,2018-183421123,2,False,4313,12/8/2018 11:06:00 PM,2306,S2,1368,4313,San Jose,43,True,True,B,SIDE SWIPE,,Saturday,,,F,,False,False,False,,C,OTHER MOTOR VEHICLE,,1,0,CLEAR,, NO UNUSUAL CONDITIONS - NO UNUSUAL CONDITIONS,, ,C,DARK-STREET LIGHTS,37.18139,-121.5521,,,,,,,,A,22350,,1.0,LEIGH AV,WESTE,,,A,,,DE ROSE WY,,,D,8/2/2024 4:47:34 PM,2/6/2025 1:33:24 PM,,,2,,,,,,,
3478333,2018-183100648,2,False,4313,11/6/2018 3:26:00 PM,1526,V4,1368,4313,San Jose,43,True,True,A,HEAD-ON,,Tuesday,,,,,False,False,True,,I,FIXED OBJECT,,1,0,CLEAR,, NO UNUSUAL CONDITIONS - NO UNUSUAL CONDITIONS,, ,A,DAYLIGHT,,,,,,,A,NO PEDESTRIANS INVOLVED,,A,22350,,1.0,N 14TH ST,DV,,,A,,,E ST JAMES ST,,,A,8/2/2024 4:47:26 PM,2/6/2025 1:33:21 PM,,,2,,,,,,,
3478325,2018-183090990,2,False,4313,11/5/2018 10:00:00 PM,2200,P1,1368,4313,San Jose,43,True,True,A,HEAD-ON,,Monday,,,,,False,False,True,,I,FIXED OBJECT,,1,0,CLEAR,, NO UNUSUAL CONDITIONS - NO UNUSUAL CONDITIONS,, ,C,DARK-STREET LIGHTS,37.19206,-121.49331,,,,,A,NO PEDESTRIANS INVOLVED,,A,22107,,1.0,S KING RD,FOOTH,,,A,,,TULLY RD,,,D,8/2/2024 4:47:25 PM,2/6/2025 1:33:21 PM,,,2,,,,,,,
3478321,2018-183090687,2,False,4313,11/5/2018 5:25:00 PM,1725,T2,1368,4313,San Jose,43,True,True,D,BROADSIDE,,Monday,,,,,False,False,False,,G,BICYCLE,,1,0,CLEAR,, ,, ,A,DAYLIGHT,37.1549,-121.55022,,,,,,,,A,22350,,1.0,HILLSDALE AV,SOUTH,,,A,,,ROSS AV,,,A,8/2/2024 4:47:25 PM,2/6/2025 1:33:21 PM,,,2,,,,,,,
3478190,2018-183090595,2,False,4313,11/5/2018 2:56:00 PM,1456,L4,1368,4313,San Jose,43,True,True,B,SIDE SWIPE,,Monday,,,,,False,False,False,,C,OTHER MOTOR VEHICLE,,1,0,CLEAR,, NO UNUSUAL CONDITIONS - NO UNUSUAL CONDITIONS,, ,A,DAYLIGHT,34.18045,-119.1858,,,,,A,NO PEDESTRIANS INVOLVED,,A,21804,,1.0,LITTLE ORCHARD ST,LINCO,,,A,,,CURTNER AV,,,A,8/2/2024 4:47:04 PM,2/6/2025 1:33:14 PM,,,2,,,,,,,
3478185,2018-183120250,2,False,4313,11/8/2018 9:03:00 AM,903,5,1368,4313,San Jose,43,True,True,G,VEHICLE/PEDESTRAIN,,Thursday,,,,,False,False,False,,B,PEDESTRIAN,,1,0,CLEAR,, NO UNUSUAL CONDITIONS - NO UNUSUAL CONDITIONS,, ,A,DAYLIGHT,37.18497,-121.57402,,,,,B,CROSSING IN CROSS WALK AT INTERSECTION,,A,21950A,,1.0,PAYNE AV,NORA,,,A,,,PHELPS AV,,,D,8/2/2024 4:47:04 PM,2/6/2025 1:33:14 PM,,,2,,,,,,,
3478182,2018-183110165,2,False,4313,11/7/2018 7:38:00 AM,738,3,1368,4313,San Jose,43,True,True,D,BROADSIDE,,Wednesday,,,,,False,False,False,,G,BICYCLE,,1,0,CLEAR,, NO UNUSUAL CONDITIONS - NO UNUSUAL CONDITIONS,, ,A,DAYLIGHT,,,,,,,A,NO PEDESTRIANS INVOLVED,,A,216501,,1.0,SARATOGA AV,NORA,,,A,,,BARRYMORE DR,,,D,8/2/2024 4:47:03 PM,2/6/2025 1:33:14 PM,,,2,,,,,,,
3478177,2018-183120190,2,False,4313,11/8/2018 8:04:00 AM,804,K6,1368,4313,San Jose,43,True,True,D,BROADSIDE,,Thursday,,,,,False,False,True,,C,OTHER MOTOR VEHICLE,,1,0,CLEAR,, NO UNUSUAL CONDITIONS - NO UNUSUAL CONDITIONS,, ,A,DAYLIGHT,37.19503,-121.52195,,,,,A,NO PEDESTRIANS INVOLVED,,A,,,1.0,S 11TH ST,CENTR,,,A,,,MARGARET ST,,,A,8/2/2024 4:47:02 PM,2/6/2025 1:33:14 PM,,,2,,,,,,,